order_id,order_date,product,category,region,quantity,unit_price,discount,revenue,cost,profit
100244,2024-01-01,Comfy Office Chair,Furniture,West,5,216.45,0.0,1082.24,655.91,426.33
101127,2024-01-01,Vivid Monitor 27in,Electronics,West,3,289.2,0.0,867.61,617.14,250.47
102720,2024-01-01,Vivid Monitor 27in,Electronics,North,3,270.23,0.1,729.62,471.72,257.9
101363,2024-01-02,Comfy Office Chair,Furniture,East,1,222.18,0.0,222.18,140.5,81.68
101895,2024-01-02,Aero Laptop 16,Electronics,South,1,1353.86,0.0,1353.86,1009.35,344.51
103368,2024-01-02,Sharp Pen Pack,Office Supplies,South,1,7.83,0.0,7.83,4.73,3.1
100103,2024-01-03,Sharp Notebook Set,Office Supplies,North,1,11.12,0.0,11.12,8.31,2.81
100911,2024-01-03,Buzz Wireless Earbuds,Electronics,West,4,82.76,0.05,314.49,204.99,109.5
102643,2024-01-03,Aero Laptop 16,Electronics,South,1,1249.15,0.0,1249.15,923.39,325.76
103336,2024-01-03,Aero Laptop 14,Electronics,North,3,881.08,0.0,2643.23,1608.9,1034.33
100103,2024-01-03,Sharp Notebook Set,Office Supplies,North,1,11.12,0.0,11.12,8.31,2.81
101495,2024-01-04,Comfy Bookshelf,Furniture,Central,1,158.07,0.0,158.07,95.25,62.82
102959,2024-01-04,Sharp Pen Pack,Office Supplies,West,2,8.23,0.05,15.64,9.09,6.55
100057,2024-01-05,Aero Laptop 16,Electronics,South,1,1221.09,0.0,1221.09,721.99,499.1
100264,2024-01-05,Buzz Bluetooth Speaker,Electronics,Central,1,64.4,0.0,64.4,38.53,25.87
101570,2024-01-05,Comfy Standing Desk,Furniture,Central,1,428.98,0.0,428.98,285.54,143.44
101599,2024-01-05,Comfy Office Chair,Furniture,East,3,230.02,0.0,690.06,412.58,277.48
101647,2024-01-05,Buzz Bluetooth Speaker,Electronics,West,5,60.92,0.0,304.61,218.62,85.99
102203,2024-01-05,Aero Laptop 16,Electronics,West,1,1381.16,0.1,1243.04,848.83,394.21
101451,2024-01-06,Sharp Pen Pack,Office Supplies,West,3,7.48,0.0,22.43,13.07,9.36
102530,2024-01-06,Vivid Monitor 27in,Electronics,North,2,275.79,0.0,551.59,326.99,224.6
102855,2024-01-06,Comfy Bookshelf,Furniture,South,2,145.99,0.15,248.19,205.67,42.52
103052,2024-01-06,Sharp Whiteboard,Office Supplies,South,2,61.57,0.0,123.15,81.8,41.35
103355,2024-01-06,Sharp Whiteboard,Office Supplies,North,1,67.22,0.0,67.22,48.43,18.79
100084,2024-01-07,Sharp Whiteboard,Office Supplies,South,1,61.69,0.0,61.69,39.13,22.56
100229,2024-01-07,Buzz Bluetooth Speaker,Electronics,East,3,58.84,0.0,176.51,110.7,65.81
100498,2024-01-07,Sharp Pen Pack,Office Supplies,Central,2,8.62,0.0,17.25,10.11,7.14
100694,2024-01-07,Sharp Pen Pack,Office Supplies,Central,4,7.72,0.1,27.8,17.14,10.66
102469,2024-01-07,Sharp Notebook Set,Office Supplies,Central,1,12.69,0.0,12.69,7.84,4.85
100476,2024-01-08,Buzz Bluetooth Speaker,Electronics,West,2,57.86,0.0,115.71,71.67,44.04
100797,2024-01-08,Comfy Bookshelf,Furniture,North,4,145.41,0.0,581.65,432.06,149.59
101253,2024-01-08,Vivid Webcam HD,Electronics,Central,2,44.5,0.0,89.0,64.99,24.01
102571,2024-01-08,Buzz Bluetooth Speaker,Electronics,South,1,61.05,0.0,61.05,43.15,17.9
103413,2024-01-08,Aero Laptop 16,Electronics,West,2,1348.71,0.0,2697.42,1743.09,954.33
103440,2024-01-09,Vivid Webcam HD,Electronics,East,1,44.58,0.0,44.58,32.23,12.35
100527,2024-01-10,Aero Laptop 16,Electronics,South,1,1398.29,0.0,1398.29,902.7,495.59
101465,2024-01-10,Comfy Bookshelf,Furniture,East,1,147.13,0.0,147.13,99.02,48.11
101744,2024-01-10,Buzz Wireless Earbuds,Electronics,East,3,85.85,0.0,257.55,188.27,69.28
102289,2024-01-10,Vivid Monitor 27in,Electronics,East,3,293.56,0.0,880.67,657.14,223.53
103073,2024-01-10,Comfy Bookshelf,Furniture,North,1,143.82,0.0,143.82,89.23,54.59
103223,2024-01-10,Sharp Whiteboard,Office Supplies,Central,2,62.89,0.0,125.77,84.16,41.61
100487,2024-01-11,Vivid Webcam HD,Electronics,East,1,43.75,0.0,43.75,25.36,18.39
100664,2024-01-11,Sharp Pen Pack,Office Supplies,Central,3,7.62,0.0,22.87,16.59,6.28
101631,2024-01-11,Aero Laptop 14,Electronics,Central,2,895.25,0.0,1790.49,1000.84,789.65
101656,2024-01-11,Buzz Wireless Earbuds,Electronics,East,2,82.75,0.0,165.51,105.04,60.47
102314,2024-01-11,Sharp Pen Pack,Office Supplies,South,1,7.58,0.0,7.58,5.02,2.56
100128,2024-01-12,Comfy Bookshelf,Furniture,Central,2,149.28,0.0,298.57,216.27,82.3
101038,2024-01-12,Comfy Standing Desk,Furniture,Central,2,381.73,0.15,648.93,555.36,93.57
101871,2024-01-12,Buzz Wireless Earbuds,Electronics,Central,2,76.92,0.0,153.84,93.03,60.81
103233,2024-01-12,Sharp Pen Pack,Office Supplies,Central,3,8.44,0.0,25.32,16.31,9.01
103353,2024-01-12,Comfy Bookshelf,Furniture,South,1,138.49,0.0,138.49,86.44,52.05
103518,2024-01-12,Comfy Standing Desk,Furniture,South,3,422.93,0.15,1078.47,848.37,230.1
101686,2024-01-13,Vivid Monitor 27in,Electronics,East,5,271.95,0.1,1223.76,779.21,444.55
102079,2024-01-13,Sharp Whiteboard,Office Supplies,North,1,63.0,0.0,63.0,37.48,25.52
103285,2024-01-13,Aero Laptop 16,Electronics,East,1,1259.97,0.05,1196.97,856.17,340.8
101584,2024-01-14,Comfy Bookshelf,Furniture,Central,1,157.85,0.0,157.85,100.9,56.95
102332,2024-01-14,Vivid Webcam HD,Electronics,South,2,42.04,0.0,84.07,52.8,31.27
102378,2024-01-14,Sharp Pen Pack,Office Supplies,North,1,8.19,0.05,7.78,4.91,2.87
102652,2024-01-14,Vivid Monitor 27in,Electronics,West,3,290.46,0.0,871.37,575.46,295.91
100007,2024-01-15,Aero Laptop 14,Electronics,East,2,876.14,0.0,1752.28,1213.05,539.23
100073,2024-01-15,Sharp Notebook Set,Office Supplies,East,2,12.27,0.0,24.54,16.16,8.38
100435,2024-01-15,Sharp Pen Pack,Office Supplies,North,1,8.2,0.0,8.2,4.55,3.65
100933,2024-01-15,Aero Laptop 16,Electronics,West,1,1304.55,0.0,1304.55,778.64,525.91
101235,2024-01-15,Buzz Bluetooth Speaker,Electronics,South,2,60.42,0.05,114.81,79.45,35.36
102739,2024-01-15,Sharp Pen Pack,Office Supplies,North,1,8.16,0.05,7.75,6.1,1.65
100455,2024-01-16,Comfy Bookshelf,Furniture,North,2,157.92,0.0,315.83,199.68,116.15
101090,2024-01-16,Sharp Notebook Set,Office Supplies,East,1,12.39,0.1,11.15,8.39,2.76
101413,2024-01-16,Buzz Bluetooth Speaker,Electronics,Central,1,57.68,0.0,57.68,37.53,20.15
101420,2024-01-16,Sharp Pen Pack,Office Supplies,West,2,7.51,0.0,15.03,8.56,6.47
101616,2024-01-16,Comfy Standing Desk,Furniture,South,1,435.3,0.1,391.77,257.63,134.14
102318,2024-01-16,Buzz Wireless Earbuds,Electronics,East,5,84.22,0.0,421.09,312.15,108.94
102493,2024-01-16,Sharp Notebook Set,Office Supplies,West,2,11.11,0.1,20.0,16.35,3.65
102740,2024-01-16,Vivid Monitor 27in,Electronics,East,1,296.01,0.0,296.01,182.21,113.8
103318,2024-01-16,Comfy Office Chair,Furniture,West,2,221.05,0.05,419.99,267.72,152.27
100171,2024-01-17,Sharp Notebook Set,Office Supplies,Central,2,12.65,0.0,25.31,18.48,6.83
101146,2024-01-17,Sharp Notebook Set,Office Supplies,North,2,11.48,0.0,22.96,14.11,8.85
101426,2024-01-17,Comfy Office Chair,Furniture,South,1,215.55,0.0,215.55,144.27,71.28
101521,2024-01-17,Sharp Pen Pack,Office Supplies,Central,1,8.37,0.1,7.54,5.75,1.79
103175,2024-01-17,Sharp Pen Pack,Office Supplies,South,3,7.54,0.0,22.63,15.49,7.14
103186,2024-01-17,Vivid Monitor 27in,Electronics,South,1,273.17,0.0,273.17,188.61,84.56
100554,2024-01-18,Aero Laptop 16,Electronics,South,4,1256.53,0.1,4523.5,3673.54,849.96
102582,2024-01-18,Buzz Bluetooth Speaker,Electronics,East,2,61.0,0.15,103.7,75.88,27.82
102972,2024-01-18,Sharp Notebook Set,Office Supplies,East,1,11.75,0.0,11.75,8.03,3.72
102657,2024-01-19,Sharp Pen Pack,Office Supplies,South,4,7.37,0.0,29.47,19.2,10.27
102383,2024-01-20,Aero Laptop 14,Electronics,Central,6,1015.97,0.0,6095.82,3401.38,2694.44
102949,2024-01-20,Comfy Bookshelf,Furniture,West,2,158.41,0.15,269.3,177.54,91.76
100758,2024-01-21,Comfy Office Chair,Furniture,South,1,210.78,0.05,200.24,124.75,75.49
100942,2024-01-21,Sharp Whiteboard,Office Supplies,North,1,69.26,0.0,69.26,48.29,20.97
101211,2024-01-21,Comfy Office Chair,Furniture,South,1,234.38,0.0,234.38,171.07,63.31
102504,2024-01-21,Vivid Webcam HD,Electronics,South,2,46.14,0.0,92.29,67.85,24.44
100789,2024-01-22,Vivid Webcam HD,Electronics,East,2,46.92,0.15,79.76,65.62,14.14
100941,2024-01-22,Buzz Bluetooth Speaker,Electronics,Central,1,61.2,0.0,61.2,40.51,20.69
101777,2024-01-22,Sharp Whiteboard,Office Supplies,West,3,66.77,0.0,200.3,140.66,59.64
102276,2024-01-22,Comfy Office Chair,Furniture,West,2,211.27,0.0,422.54,238.27,184.27
103184,2024-01-22,Vivid Webcam HD,Electronics,West,4,46.44,0.0,185.75,106.01,79.74
103612,2024-01-22,Comfy Standing Desk,Furniture,West,1,428.3,0.0,428.3,315.76,112.54
100696,2024-01-23,Comfy Standing Desk,Furniture,North,1,421.13,0.15,357.96,246.42,111.54
101706,2024-01-23,Sharp Notebook Set,Office Supplies,Central,1,11.14,0.1,10.03,7.69,2.34
100441,2024-01-24,Buzz Bluetooth Speaker,Electronics,East,2,64.43,0.0,128.86,87.14,41.72
102540,2024-01-24,Buzz Wireless Earbuds,Electronics,East,2,80.06,0.0,160.12,92.49,67.63
103602,2024-01-24,Sharp Pen Pack,Office Supplies,East,1,8.61,0.0,8.61,5.53,3.08
100163,2024-01-25,Comfy Office Chair,Furniture,West,2,205.21,0.05,389.91,235.75,154.16
101655,2024-01-25,Sharp Notebook Set,Office Supplies,West,1,11.79,0.0,11.79,7.61,4.18
100150,2024-01-26,Sharp Pen Pack,Office Supplies,East,1,8.52,0.05,8.09,5.63,2.46
100200,2024-01-26,Aero Laptop 14,Electronics,West,1,944.52,0.1,850.07,621.25,228.82
100361,2024-01-26,Comfy Office Chair,Furniture,West,2,214.09,0.1,385.36,307.85,77.51
100849,2024-01-26,Sharp Whiteboard,Office Supplies,Central,3,68.6,0.0,205.8,121.9,83.9
101171,2024-01-26,Sharp Pen Pack,Office Supplies,North,2,7.48,0.0,14.96,10.97,3.99
102118,2024-01-26,Sharp Notebook Set,Office Supplies,South,3,12.91,0.05,36.8,29.04,7.76
103174,2024-01-26,Aero Laptop 16,Electronics,Central,3,1271.44,0.0,3814.31,2618.49,1195.82
103512,2024-01-26,Sharp Whiteboard,Office Supplies,East,3,65.59,0.0,196.76,141.62,55.14
100022,2024-01-27,Aero Laptop 16,Electronics,North,3,1299.83,0.0,3899.5,2744.12,1155.38
100376,2024-01-27,Comfy Bookshelf,Furniture,Central,1,146.67,0.0,146.67,100.6,46.07
100950,2024-01-27,Aero Laptop 16,Electronics,North,2,1366.79,0.0,2733.59,1966.42,767.17
101002,2024-01-27,Sharp Notebook Set,Office Supplies,North,1,12.52,0.1,11.27,8.43,2.84
101788,2024-01-27,Sharp Notebook Set,Office Supplies,South,1,12.46,0.1,11.21,7.12,4.09
101844,2024-01-27,Vivid Webcam HD,Electronics,South,1,42.35,0.0,42.35,25.22,17.13
101942,2024-01-27,Sharp Whiteboard,Office Supplies,East,2,66.74,0.15,113.46,91.05,22.41
102482,2024-01-27,Vivid Monitor 27in,Electronics,East,1,299.98,0.0,299.98,176.68,123.3
102733,2024-01-27,Comfy Bookshelf,Furniture,North,3,144.74,0.0,434.21,293.13,141.08
102917,2024-01-27,Comfy Bookshelf,Furniture,East,1,138.44,0.0,138.44,76.58,61.86
100818,2024-01-28,Buzz Wireless Earbuds,Electronics,North,1,76.45,0.0,76.45,48.59,27.86
100951,2024-01-28,Comfy Bookshelf,Furniture,North,1,148.56,0.0,148.56,96.16,52.4
101498,2024-01-28,Buzz Wireless Earbuds,Electronics,West,1,76.92,0.0,76.92,45.96,30.96
102270,2024-01-28,Sharp Pen Pack,Office Supplies,South,1,7.74,0.0,7.74,5.68,2.06
102718,2024-01-28,Vivid Webcam HD,Electronics,West,1,43.95,0.0,43.95,30.62,13.33
102956,2024-01-28,Comfy Bookshelf,Furniture,South,1,145.24,0.0,145.24,104.26,40.98
102971,2024-01-28,Aero Laptop 16,Electronics,West,3,1371.2,0.0,4113.61,2330.87,1782.74
103465,2024-01-28,Comfy Bookshelf,Furniture,North,3,160.15,0.0,480.44,284.43,196.01
103487,2024-01-28,Comfy Bookshelf,Furniture,East,2,153.97,0.15,261.75,224.59,37.16
100088,2024-01-29,Aero Laptop 16,Electronics,South,1,1386.17,0.0,1386.17,922.23,463.94
100412,2024-01-29,Buzz Wireless Earbuds,Electronics,West,2,78.5,0.05,149.15,90.91,58.24
100755,2024-01-29,Sharp Pen Pack,Office Supplies,South,2,8.03,0.05,15.26,9.97,5.29
100907,2024-01-29,Comfy Bookshelf,Furniture,Central,3,154.78,0.1,417.9,290.06,127.84
102882,2024-01-29,Vivid Monitor 27in,Electronics,East,1,274.68,0.0,274.68,194.56,80.12
103227,2024-01-29,Comfy Office Chair,Furniture,West,1,237.31,0.15,201.71,146.4,55.31
103528,2024-01-29,Aero Laptop 16,Electronics,North,2,1250.84,0.0,2501.68,1533.13,968.55
100935,2024-01-30,Sharp Pen Pack,Office Supplies,Central,3,7.38,0.0,22.13,13.45,8.68
101601,2024-01-30,Vivid Webcam HD,Electronics,Central,1,44.78,0.1,40.3,31.07,9.23
101956,2024-01-30,Comfy Office Chair,Furniture,Central,2,234.53,0.0,469.05,316.63,152.42
102016,2024-01-30,Sharp Whiteboard,Office Supplies,South,2,68.4,0.0,136.8,98.0,38.8
102287,2024-01-30,Sharp Pen Pack,Office Supplies,South,2,7.8,0.0,15.59,10.83,4.76
102450,2024-01-30,Comfy Bookshelf,Furniture,South,1,148.28,0.0,148.28,104.06,44.22
102923,2024-01-30,Sharp Pen Pack,Office Supplies,West,1,8.56,0.0,8.56,5.89,2.67
103438,2024-01-30,Comfy Standing Desk,Furniture,South,1,381.4,0.0,381.4,230.98,150.42
100332,2024-01-31,Comfy Bookshelf,Furniture,East,1,149.48,0.05,142.01,91.29,50.72
101044,2024-01-31,Comfy Standing Desk,Furniture,North,2,436.09,0.0,872.19,561.13,311.06
101597,2024-01-31,Sharp Whiteboard,Office Supplies,West,5,62.83,0.15,267.03,192.86,74.17
101804,2024-01-31,Vivid Monitor 27in,Electronics,West,1,258.6,0.0,258.6,186.98,71.62
102226,2024-01-31,Comfy Standing Desk,Furniture,West,1,435.48,0.1,391.93,290.62,101.31
102583,2024-01-31,Vivid Monitor 27in,Electronics,East,2,279.34,0.1,502.81,369.0,133.81
103217,2024-01-31,Buzz Bluetooth Speaker,Electronics,Central,2,61.48,0.0,122.95,85.9,37.05
100287,2024-02-02,Aero Laptop 16,Electronics,East,2,1273.78,0.1,2292.8,1728.12,564.68
101328,2024-02-02,Vivid Monitor 27in,Electronics,Central,2,301.48,0.0,602.95,386.96,215.99
102197,2024-02-02,Sharp Notebook Set,Office Supplies,Central,1,12.61,0.05,11.98,8.52,3.46
103527,2024-02-02,Comfy Office Chair,Furniture,North,1,205.25,0.05,194.99,146.51,48.48
100829,2024-02-03,Vivid Webcam HD,Electronics,West,1,41.66,0.0,41.66,25.37,16.29
101736,2024-02-03,Comfy Standing Desk,Furniture,South,3,439.54,0.0,1318.61,975.54,343.07
101774,2024-02-03,Comfy Bookshelf,Furniture,West,2,141.59,0.0,283.18,166.31,116.87
100233,2024-02-04,Comfy Bookshelf,Furniture,West,2,152.57,0.0,305.13,169.71,135.42
101980,2024-02-04,Sharp Notebook Set,Office Supplies,East,2,12.15,0.0,24.31,13.52,10.79
103091,2024-02-04,Sharp Pen Pack,Office Supplies,North,1,7.85,0.0,7.85,5.03,2.82
103218,2024-02-04,Buzz Bluetooth Speaker,Electronics,North,1,63.59,0.0,63.59,42.07,21.52
101441,2024-02-05,Sharp Whiteboard,Office Supplies,South,2,66.5,0.0,133.0,99.12,33.88
102031,2024-02-05,Buzz Bluetooth Speaker,Electronics,North,3,57.97,0.0,173.91,101.49,72.42
102044,2024-02-05,Buzz Wireless Earbuds,Electronics,West,1,76.51,0.0,76.51,42.56,33.95
102250,2024-02-05,Comfy Office Chair,Furniture,West,3,214.94,0.0,644.82,433.75,211.07
100019,2024-02-06,Vivid Monitor 27in,Electronics,West,4,297.37,0.1,1070.54,876.8,193.74
101739,2024-02-06,Sharp Notebook Set,Office Supplies,West,3,11.43,0.0,34.29,19.31,14.98
101903,2024-02-06,Comfy Office Chair,Furniture,South,4,206.39,0.0,825.54,512.51,313.03
103384,2024-02-06,Sharp Whiteboard,Office Supplies,North,5,60.93,0.15,258.95,177.37,81.58
101443,2024-02-07,Buzz Wireless Earbuds,Electronics,South,1,82.81,0.05,78.67,52.09,26.58
102352,2024-02-07,Comfy Office Chair,Furniture,South,3,214.77,0.0,644.32,478.28,166.04
103094,2024-02-07,Aero Laptop 16,Electronics,Central,1,1262.64,0.0,1262.64,939.81,322.83
100040,2024-02-08,Comfy Office Chair,Furniture,East,1,221.74,0.0,221.74,161.33,60.41
100538,2024-02-08,Buzz Wireless Earbuds,Electronics,Central,3,81.46,0.0,244.37,161.07,83.3
100541,2024-02-08,Comfy Standing Desk,Furniture,East,2,405.07,0.0,810.13,475.29,334.84
100589,2024-02-08,Comfy Bookshelf,Furniture,East,1,147.33,0.0,147.33,108.07,39.26
102021,2024-02-08,Sharp Pen Pack,Office Supplies,North,5,8.51,0.0,42.56,29.45,13.11
102333,2024-02-08,Buzz Wireless Earbuds,Electronics,Central,1,78.07,0.0,78.07,56.27,21.8
102953,2024-02-08,Buzz Bluetooth Speaker,Electronics,West,2,61.46,0.0,122.93,74.81,48.12
103026,2024-02-08,Vivid Webcam HD,Electronics,East,1,43.77,0.0,43.77,30.78,12.99
100203,2024-02-09,Comfy Standing Desk,Furniture,West,1,435.85,0.0,435.85,252.97,182.88
100783,2024-02-09,Comfy Bookshelf,Furniture,West,1,141.04,0.0,141.04,88.81,52.23
102463,2024-02-09,Comfy Bookshelf,Furniture,Central,3,150.59,0.05,429.17,312.08,117.09
102619,2024-02-09,Sharp Pen Pack,Office Supplies,North,2,7.63,0.05,14.49,9.3,5.19
100228,2024-02-10,Comfy Bookshelf,Furniture,West,2,154.93,0.0,309.87,193.64,116.23
102678,2024-02-10,Sharp Pen Pack,Office Supplies,Central,3,7.75,0.05,22.1,16.06,6.04
103251,2024-02-10,Buzz Wireless Earbuds,Electronics,West,1,77.33,0.0,77.33,57.91,19.42
101119,2024-02-11,Sharp Whiteboard,Office Supplies,West,1,61.14,0.0,61.14,44.14,17.0
101312,2024-02-11,Sharp Notebook Set,Office Supplies,East,2,12.52,0.0,25.03,18.59,6.44
101523,2024-02-11,Buzz Wireless Earbuds,Electronics,South,2,76.73,0.1,138.12,87.78,50.34
101657,2024-02-11,Buzz Bluetooth Speaker,Electronics,East,1,61.04,0.1,54.93,45.65,9.28
102018,2024-02-11,Comfy Office Chair,Furniture,North,1,235.5,0.0,235.5,134.28,101.22
102223,2024-02-11,Vivid Monitor 27in,Electronics,East,1,286.47,0.0,286.47,172.31,114.16
102957,2024-02-11,Aero Laptop 14,Electronics,Central,1,1018.54,0.0,1018.54,570.18,448.36
100394,2024-02-12,Buzz Wireless Earbuds,Electronics,East,2,77.42,0.0,154.83,109.05,45.78
100807,2024-02-12,Comfy Bookshelf,Furniture,South,2,160.86,0.0,321.73,188.19,133.54
101292,2024-02-12,Aero Laptop 16,Electronics,North,1,1215.93,0.0,1215.93,867.99,347.94
101564,2024-02-12,Sharp Pen Pack,Office Supplies,East,1,8.34,0.05,7.92,5.62,2.3
101673,2024-02-12,Buzz Bluetooth Speaker,Electronics,East,2,64.52,0.0,129.04,75.49,53.55
102179,2024-02-12,Sharp Pen Pack,Office Supplies,South,4,8.52,0.0,34.06,19.24,14.82
102379,2024-02-12,Vivid Webcam HD,Electronics,West,4,45.65,0.0,182.61,136.43,46.18
103177,2024-02-12,Sharp Pen Pack,Office Supplies,Central,4,7.58,0.1,27.29,18.44,8.85
101237,2024-02-13,Comfy Standing Desk,Furniture,East,4,404.86,0.0,1619.43,1210.2,409.23
101869,2024-02-13,Sharp Pen Pack,Office Supplies,North,1,8.0,0.0,8.0,5.37,2.63
102036,2024-02-13,Comfy Standing Desk,Furniture,Central,1,378.99,0.0,378.99,238.44,140.55
102929,2024-02-13,Vivid Monitor 27in,Electronics,South,1,261.02,0.0,261.02,163.56,97.46
100609,2024-02-14,Vivid Webcam HD,Electronics,South,3,44.63,0.05,127.21,88.3,38.91
102266,2024-02-14,Vivid Monitor 27in,Electronics,East,5,274.91,0.0,1374.56,930.69,443.87
102488,2024-02-14,Buzz Bluetooth Speaker,Electronics,South,5,63.26,0.0,316.28,218.25,98.03
102881,2024-02-14,Vivid Monitor 27in,Electronics,East,1,279.63,0.0,279.63,191.43,88.2
103255,2024-02-14,Buzz Wireless Earbuds,Electronics,East,3,76.67,0.1,207.0,133.44,73.56
103258,2024-02-14,Sharp Notebook Set,Office Supplies,North,2,11.61,0.1,20.9,15.72,5.18
101012,2024-02-15,Aero Laptop 16,Electronics,Central,3,1241.76,0.0,3725.27,2582.46,1142.81
101272,2024-02-15,Buzz Wireless Earbuds,Electronics,East,1,82.61,0.0,82.61,60.26,22.35
102615,2024-02-15,Aero Laptop 16,Electronics,South,1,1260.41,0.0,1260.41,942.28,318.13
103195,2024-02-15,Buzz Bluetooth Speaker,Electronics,Central,2,58.32,0.0,116.65,77.89,38.76
103281,2024-02-15,Sharp Notebook Set,Office Supplies,Central,2,12.77,0.0,25.54,17.04,8.5
103385,2024-02-15,Buzz Bluetooth Speaker,Electronics,East,1,58.58,0.05,55.65,34.27,21.38
100956,2024-02-16,Buzz Bluetooth Speaker,Electronics,West,1,55.41,0.0,55.41,38.01,17.4
101048,2024-02-16,Aero Laptop 16,Electronics,West,1,1353.43,0.0,1353.43,1004.01,349.42
101353,2024-02-16,Sharp Pen Pack,Office Supplies,Central,5,7.58,0.05,36.01,23.39,12.62
103181,2024-02-16,Sharp Pen Pack,Office Supplies,East,1,8.37,0.0,8.37,5.8,2.57
103208,2024-02-16,Sharp Notebook Set,Office Supplies,North,3,12.19,0.05,34.73,20.58,14.15
103262,2024-02-16,Sharp Notebook Set,Office Supplies,East,4,11.87,0.1,42.73,32.66,10.07
100191,2024-02-18,Comfy Office Chair,Furniture,,1,205.24,0.0,205.24,133.26,71.98
102629,2024-02-18,Vivid Webcam HD,Electronics,East,1,41.54,0.0,41.54,28.48,13.06
101347,2024-02-19,Sharp Whiteboard,Office Supplies,East,1,64.28,0.0,64.28,41.76,22.52
101459,2024-02-19,Vivid Monitor 27in,Electronics,West,4,293.33,0.0,1173.32,769.1,404.22
101689,2024-02-19,Sharp Notebook Set,Office Supplies,East,1,11.4,0.0,11.4,7.36,4.04
102076,2024-02-19,Buzz Wireless Earbuds,Electronics,South,1,85.37,0.0,85.37,52.04,33.33
102741,2024-02-19,Vivid Monitor 27in,Electronics,East,1,286.06,0.1,257.46,170.15,87.31
103296,2024-02-19,Vivid Monitor 27in,Electronics,North,1,267.43,0.0,267.43,179.6,87.83
100472,2024-02-20,Sharp Notebook Set,Office Supplies,East,3,12.53,0.05,35.71,22.04,13.67
100746,2024-02-20,Aero Laptop 14,Electronics,North,3,998.91,0.05,2846.9,2005.85,841.05
102071,2024-02-20,Sharp Whiteboard,Office Supplies,Central,1,63.22,0.05,60.06,36.8,23.26
102269,2024-02-20,Comfy Office Chair,Furniture,East,4,222.13,0.0,888.51,585.5,303.01
102925,2024-02-20,Comfy Office Chair,Furniture,South,3,235.96,0.0,707.87,399.2,308.67
100449,2024-02-21,Aero Laptop 16,Electronics,West,2,1279.92,0.0,2559.85,1827.15,732.7
100993,2024-02-21,Comfy Office Chair,Furniture,West,1,233.93,0.05,222.23,135.19,87.04
101857,2024-02-21,Vivid Webcam HD,Electronics,South,2,46.26,0.0,92.53,57.38,35.15
103537,2024-02-21,Comfy Bookshelf,Furniture,South,3,140.01,0.0,420.02,277.42,142.6
100894,2024-02-22,Sharp Whiteboard,Office Supplies,West,1,70.08,0.1,63.08,39.64,23.44
101213,2024-02-22,Aero Laptop 16,Electronics,West,2,1222.06,0.0,2444.13,1620.45,823.68
101825,2024-02-22,Buzz Bluetooth Speaker,Electronics,North,1,59.46,0.0,59.46,40.67,18.79
103200,2024-02-22,Comfy Bookshelf,Furniture,North,1,148.74,0.15,126.43,100.66,25.77
100372,2024-02-23,Vivid Monitor 27in,Electronics,South,2,283.73,0.0,567.46,401.46,166.0
100670,2024-02-23,Buzz Bluetooth Speaker,Electronics,Central,4,57.24,0.0,228.94,157.44,71.5
101562,2024-02-23,Aero Laptop 14,Electronics,West,4,946.43,0.0,3785.7,2533.54,1252.16
102461,2024-02-23,Buzz Wireless Earbuds,Electronics,East,1,85.5,0.0,85.5,50.36,35.14
102853,2024-02-23,Comfy Bookshelf,Furniture,Central,1,161.96,0.0,161.96,104.16,57.8
103394,2024-02-23,Comfy Bookshelf,Furniture,Central,2,145.25,0.0,290.5,175.9,114.6
103420,2024-02-23,Buzz Bluetooth Speaker,Electronics,West,4,60.4,0.0,241.61,178.95,62.66
100460,2024-02-25,Sharp Pen Pack,Office Supplies,South,2,7.96,0.0,15.93,9.96,5.97
100632,2024-02-25,Sharp Whiteboard,Office Supplies,North,1,59.84,0.0,59.84,37.78,22.06
101931,2024-02-25,Sharp Whiteboard,Office Supplies,North,2,65.92,0.0,131.84,87.32,44.52
103016,2024-02-25,Sharp Pen Pack,Office Supplies,West,4,8.59,0.0,34.35,23.48,10.87
103074,2024-02-25,Sharp Pen Pack,Office Supplies,Central,2,7.78,0.05,14.78,9.63,5.15
103293,2024-02-25,Comfy Office Chair,Furniture,West,1,216.27,0.0,216.27,136.41,79.86
100479,2024-02-26,Comfy Bookshelf,Furniture,East,1,140.55,0.05,133.52,84.04,49.48
100518,2024-02-26,Sharp Notebook Set,Office Supplies,Central,1,11.54,0.0,11.54,8.01,3.53
101557,2024-02-26,Vivid Monitor 27in,Electronics,West,1,267.6,0.0,267.6,152.35,115.25
102362,2024-02-26,Aero Laptop 14,Electronics,East,1,937.03,0.0,937.03,580.37,356.66
102510,2024-02-26,Comfy Office Chair,Furniture,West,2,217.54,0.0,435.07,269.67,165.4
103034,2024-02-26,Sharp Whiteboard,Office Supplies,North,1,63.95,0.05,60.75,46.88,13.87
102307,2024-02-27,Sharp Pen Pack,Office Supplies,West,2,8.07,0.05,15.34,10.2,5.14
102998,2024-02-27,Vivid Monitor 27in,Electronics,East,2,285.13,0.0,570.27,367.74,202.53
103179,2024-02-27,Comfy Office Chair,Furniture,East,2,213.45,0.0,426.9,250.82,176.08
103531,2024-02-27,Sharp Notebook Set,Office Supplies,East,1,11.59,0.15,9.85,7.18,2.67
103613,2024-02-27,Sharp Notebook Set,Office Supplies,West,3,12.4,0.0,37.2,24.09,13.11
100494,2024-02-28,Sharp Pen Pack,Office Supplies,East,2,8.38,0.0,16.76,11.73,5.03
100774,2024-02-28,Comfy Office Chair,Furniture,South,1,202.59,0.0,202.59,138.18,64.41
101003,2024-02-28,Comfy Bookshelf,Furniture,West,1,147.3,0.0,147.3,105.96,41.34
101260,2024-02-28,Vivid Monitor 27in,Electronics,North,1,266.78,0.0,266.78,176.62,90.16
101731,2024-02-28,Comfy Standing Desk,Furniture,West,2,384.73,0.0,769.45,480.98,288.47
101794,2024-02-28,Sharp Whiteboard,Office Supplies,Central,4,70.11,0.0,280.43,176.38,104.05
101799,2024-02-28,Aero Laptop 14,Electronics,Central,1,1023.21,0.0,1023.21,754.82,268.39
103020,2024-02-28,Sharp Pen Pack,Office Supplies,East,1,8.58,0.0,8.58,4.73,3.85
103583,2024-02-28,Aero Laptop 16,Electronics,Central,1,1357.76,0.0,1357.76,974.45,383.31
100858,2024-02-29,Sharp Whiteboard,Office Supplies,North,4,64.03,0.0,256.14,168.75,87.39
101667,2024-02-29,Sharp Whiteboard,Office Supplies,North,1,63.34,0.0,63.34,45.63,17.71
102473,2024-02-29,Buzz Wireless Earbuds,Electronics,Central,4,82.85,0.05,314.81,228.83,85.98
102850,2024-02-29,Comfy Bookshelf,Furniture,Central,4,149.6,0.0,598.4,395.21,203.19
103071,2024-02-29,Buzz Wireless Earbuds,Electronics,South,3,84.35,0.0,253.04,166.77,86.27
103117,2024-02-29,Vivid Monitor 27in,Electronics,Central,4,261.08,0.0,1044.33,690.21,354.12
100602,2024-03-02,Comfy Bookshelf,Furniture,South,1,147.93,0.05,140.53,101.88,38.65
101117,2024-03-02,Sharp Whiteboard,Office Supplies,Central,1,60.3,0.0,60.3,36.09,24.21
102407,2024-03-02,Comfy Standing Desk,Furniture,East,2,412.34,0.0,824.68,566.77,257.91
100692,2024-03-03,Sharp Notebook Set,Office Supplies,East,2,12.44,0.0,24.89,17.95,6.94
101393,2024-03-03,Buzz Bluetooth Speaker,Electronics,North,2,56.99,0.0,113.98,79.35,34.63
102212,2024-03-03,Comfy Bookshelf,Furniture,Central,1,145.71,0.0,145.71,101.59,44.12
102376,2024-03-03,Comfy Standing Desk,Furniture,Central,3,406.48,0.05,1158.47,844.62,313.85
103508,2024-03-03,Sharp Pen Pack,Office Supplies,East,3,7.44,0.0,22.31,14.6,7.71
101911,2024-03-04,Buzz Bluetooth Speaker,Electronics,Central,2,63.59,0.0,127.18,85.25,41.93
102172,2024-03-04,Aero Laptop 16,Electronics,North,2,1233.03,0.0,2466.06,1661.17,804.89
101948,2024-03-05,Aero Laptop 14,Electronics,North,1,928.1,0.0,928.1,562.25,365.85
102429,2024-03-05,Buzz Bluetooth Speaker,Electronics,Central,1,63.34,0.0,63.34,42.96,20.38
102966,2024-03-05,Aero Laptop 14,Electronics,South,1,1003.53,0.05,953.35,588.78,364.57
103083,2024-03-05,Vivid Monitor 27in,Electronics,West,1,287.3,0.0,287.3,165.22,122.08
100183,2024-03-06,Sharp Pen Pack,Office Supplies,East,5,8.32,0.05,39.52,28.52,11.0
100418,2024-03-06,Sharp Whiteboard,Office Supplies,East,2,62.72,0.0,125.44,88.62,36.82
100620,2024-03-06,Comfy Standing Desk,Furniture,East,2,380.42,0.0,760.85,538.76,222.09
101298,2024-03-06,Buzz Wireless Earbuds,Electronics,West,2,79.85,0.0,159.7,91.71,67.99
101361,2024-03-06,Comfy Office Chair,Furniture,Central,4,203.81,0.15,692.96,503.9,189.06
101430,2024-03-06,Comfy Bookshelf,Furniture,Central,2,142.88,0.0,285.76,175.61,110.15
101538,2024-03-06,Aero Laptop 16,Electronics,East,1,1304.86,0.0,1304.86,862.08,442.78
101988,2024-03-06,Buzz Bluetooth Speaker,Electronics,West,4,56.84,0.15,193.26,158.04,35.22
102564,2024-03-06,Buzz Bluetooth Speaker,Electronics,East,3,60.0,0.05,171.0,104.65,66.35
102646,2024-03-06,Comfy Standing Desk,Furniture,East,2,394.55,0.0,789.1,563.52,225.58
102942,2024-03-06,Vivid Monitor 27in,Electronics,North,4,293.67,0.0,1174.68,865.9,308.78
103158,2024-03-06,Comfy Bookshelf,Furniture,East,5,139.64,0.0,698.21,433.63,264.58
102453,2024-03-07,Sharp Whiteboard,Office Supplies,Central,1,69.41,0.0,69.41,40.28,29.13
103173,2024-03-07,Comfy Bookshelf,Furniture,Central,1,141.0,0.0,141.0,101.54,39.46
100646,2024-03-08,Comfy Standing Desk,Furniture,East,4,398.65,0.0,1594.61,964.8,629.81
101519,2024-03-08,Buzz Bluetooth Speaker,Electronics,South,1,63.08,0.0,63.08,37.59,25.49
101539,2024-03-08,Vivid Monitor 27in,Electronics,North,1,268.86,0.0,268.86,181.04,87.82
101622,2024-03-08,Vivid Webcam HD,Electronics,East,3,43.86,0.15,111.85,77.55,34.3
101766,2024-03-08,Vivid Monitor 27in,Electronics,East,2,293.64,0.05,557.92,378.56,179.36
102890,2024-03-08,Sharp Notebook Set,Office Supplies,West,2,11.5,0.0,22.99,12.95,10.04
102976,2024-03-08,Comfy Bookshelf,Furniture,Central,1,142.51,0.1,128.26,96.33,31.93
100234,2024-03-09,Comfy Office Chair,Furniture,South,1,211.09,0.05,200.54,131.14,69.4
100580,2024-03-09,Buzz Bluetooth Speaker,Electronics,East,1,60.64,0.0,60.64,37.02,23.62
100719,2024-03-09,Aero Laptop 14,Electronics,Central,1,984.43,0.05,935.21,623.17,312.04
101718,2024-03-09,Comfy Standing Desk,Furniture,Central,1,439.52,0.1,395.57,255.41,140.16
102442,2024-03-09,Sharp Notebook Set,Office Supplies,East,2,11.12,0.0,22.25,15.68,6.57
102608,2024-03-09,Comfy Standing Desk,Furniture,North,1,406.47,0.1,365.83,230.84,134.99
103304,2024-03-09,Vivid Webcam HD,Electronics,East,1,42.67,0.0,42.67,26.85,15.82
100184,2024-03-10,Sharp Notebook Set,Office Supplies,East,1,11.78,0.0,11.78,8.32,3.46
100353,2024-03-10,Aero Laptop 14,Electronics,East,1,962.38,0.0,962.38,697.34,265.04
100725,2024-03-10,Sharp Whiteboard,Office Supplies,Central,1,64.04,0.0,64.04,36.62,27.42
101708,2024-03-10,Sharp Whiteboard,Office Supplies,North,2,68.92,0.0,137.84,76.86,60.98
102066,2024-03-10,Sharp Whiteboard,Office Supplies,South,1,65.89,0.0,65.89,44.61,21.28
102596,2024-03-10,Sharp Notebook Set,Office Supplies,Central,2,12.26,0.0,24.52,15.14,9.38
102609,2024-03-10,Buzz Bluetooth Speaker,Electronics,North,1,57.05,0.0,57.05,32.69,24.36
103214,2024-03-10,Comfy Bookshelf,Furniture,West,1,139.6,0.1,125.64,95.46,30.18
103461,2024-03-10,Vivid Webcam HD,Electronics,West,1,42.35,0.0,42.35,29.4,12.95
100725,2024-03-10,Sharp Whiteboard,Office Supplies,Central,1,64.04,0.0,64.04,36.62,27.42
100329,2024-03-11,Vivid Webcam HD,Electronics,West,1,48.19,0.0,48.19,30.73,17.46
100375,2024-03-11,Buzz Bluetooth Speaker,Electronics,Central,2,60.29,0.0,120.57,80.11,40.46
100627,2024-03-11,Aero Laptop 16,Electronics,Central,2,1304.4,0.0,2608.81,1469.06,1139.75
100822,2024-03-11,Vivid Webcam HD,Electronics,South,1,44.47,0.0,44.47,25.88,18.59
100923,2024-03-11,Vivid Webcam HD,Electronics,East,2,46.6,0.1,83.87,60.12,23.75
101433,2024-03-11,Sharp Whiteboard,Office Supplies,East,1,61.34,0.0,61.34,43.91,17.43
101962,2024-03-11,Aero Laptop 14,Electronics,Central,1,979.22,0.05,930.26,712.37,217.89
103526,2024-03-11,Aero Laptop 14,Electronics,Central,2,936.78,0.0,1873.55,1087.32,786.23
102160,2024-03-12,Sharp Notebook Set,Office Supplies,West,1,12.57,0.15,10.69,9.15,1.54
102501,2024-03-12,Vivid Webcam HD,Electronics,East,3,46.67,0.0,140.01,97.79,42.22
103525,2024-03-12,Aero Laptop 16,Electronics,West,1,1241.95,0.05,1179.85,805.99,373.86
100986,2024-03-13,Comfy Bookshelf,Furniture,West,3,160.59,0.0,481.77,360.57,121.2
101321,2024-03-13,Buzz Wireless Earbuds,Electronics,North,1,76.05,0.1,68.45,42.12,26.33
101630,2024-03-13,Vivid Webcam HD,Electronics,Central,3,45.29,0.0,135.88,87.26,48.62
101982,2024-03-13,Buzz Bluetooth Speaker,Electronics,North,2,57.92,0.0,115.84,66.9,48.94
102232,2024-03-13,Sharp Notebook Set,Office Supplies,South,7,11.86,0.0,83.01,47.71,35.3
102847,2024-03-13,Sharp Whiteboard,Office Supplies,North,2,61.19,0.0,122.37,86.99,35.38
103555,2024-03-13,Vivid Webcam HD,Electronics,East,1,44.89,0.0,44.89,28.55,16.34
100901,2024-03-14,Aero Laptop 16,Electronics,East,2,1274.1,0.0,2548.21,1576.38,971.83
101162,2024-03-14,Vivid Webcam HD,Electronics,North,3,43.28,0.0,129.83,85.24,44.59
102135,2024-03-14,Vivid Webcam HD,Electronics,West,2,44.34,0.0,88.67,56.27,32.4
102142,2024-03-14,Comfy Office Chair,Furniture,North,1,212.41,0.0,212.41,124.74,87.67
103142,2024-03-14,Comfy Bookshelf,Furniture,West,3,156.7,0.0,470.1,269.47,200.63
101796,2024-03-15,Comfy Standing Desk,Furniture,Central,1,441.59,0.0,441.59,287.1,154.49
102818,2024-03-15,Sharp Whiteboard,Office Supplies,Central,1,64.16,0.0,64.16,43.31,20.85
103315,2024-03-15,Sharp Pen Pack,Office Supplies,North,1,7.8,0.0,7.8,4.47,3.33
103437,2024-03-15,Buzz Bluetooth Speaker,Electronics,Central,2,59.19,0.0,118.38,80.92,37.46
100039,2024-03-16,Sharp Pen Pack,Office Supplies,North,5,7.78,0.0,38.9,27.25,11.65
100283,2024-03-16,Comfy Bookshelf,Furniture,East,2,147.29,0.1,265.13,162.97,102.16
100373,2024-03-16,Vivid Webcam HD,Electronics,West,3,43.35,0.1,117.06,81.28,35.78
100507,2024-03-16,Buzz Bluetooth Speaker,Electronics,West,1,57.7,0.0,57.7,39.22,18.48
101474,2024-03-16,Sharp Notebook Set,Office Supplies,East,2,12.4,0.0,24.8,16.1,8.7
102183,2024-03-16,Buzz Bluetooth Speaker,Electronics,East,4,57.63,0.0,230.52,131.1,99.42
102602,2024-03-16,Buzz Wireless Earbuds,Electronics,West,4,82.87,0.0,331.47,195.53,135.94
100720,2024-03-17,Sharp Notebook Set,Office Supplies,East,4,11.14,0.1,40.11,29.24,10.87
100844,2024-03-17,Comfy Bookshelf,Furniture,East,3,152.69,0.0,458.06,316.24,141.82
100931,2024-03-17,Sharp Whiteboard,Office Supplies,East,3,64.73,0.0,194.18,142.91,51.27
101230,2024-03-17,Aero Laptop 14,Electronics,North,1,940.34,0.0,940.34,615.37,324.97
101541,2024-03-17,Aero Laptop 16,Electronics,Central,1,1247.21,0.0,1247.21,837.6,409.61
101747,2024-03-17,Sharp Pen Pack,Office Supplies,West,3,7.97,0.0,23.92,14.98,8.94
102419,2024-03-17,Vivid Webcam HD,Electronics,West,5,45.86,0.0,229.31,158.53,70.78
102827,2024-03-17,Vivid Monitor 27in,Electronics,North,3,258.11,0.0,774.33,495.86,278.47
103119,2024-03-17,Vivid Monitor 27in,Electronics,North,2,286.46,0.0,572.91,397.12,175.79
101409,2024-03-18,Aero Laptop 16,Electronics,Central,2,1276.05,0.05,2424.5,1623.98,800.52
101802,2024-03-18,Comfy Bookshelf,Furniture,East,1,150.53,0.0,150.53,104.32,46.21
101821,2024-03-18,Comfy Bookshelf,Furniture,North,1,160.8,0.0,160.8,98.74,62.06
102696,2024-03-18,Sharp Pen Pack,Office Supplies,North,2,8.14,0.0,16.28,9.8,6.48
103464,2024-03-18,Buzz Bluetooth Speaker,Electronics,South,3,63.83,0.1,172.35,107.27,65.08
100117,2024-03-19,Buzz Wireless Earbuds,Electronics,East,1,75.63,0.0,75.63,55.88,19.75
100470,2024-03-19,Comfy Bookshelf,Furniture,South,1,158.57,0.1,142.71,102.83,39.88
100624,2024-03-19,Sharp Whiteboard,Office Supplies,South,2,67.91,0.05,129.02,101.12,27.9
100598,2024-03-20,Comfy Bookshelf,Furniture,South,3,150.44,0.0,451.31,299.6,151.71
102747,2024-03-20,Comfy Office Chair,Furniture,North,1,228.61,0.1,205.75,137.63,68.12
100281,2024-03-21,Sharp Pen Pack,Office Supplies,South,1,7.49,0.05,7.11,4.3,2.81
103292,2024-03-21,Comfy Bookshelf,Furniture,South,3,145.29,0.0,435.87,318.43,117.44
100464,2024-03-22,Aero Laptop 14,Electronics,West,4,1007.9,0.0,4031.58,2424.65,1606.93
100629,2024-03-22,Aero Laptop 14,Electronics,Central,2,883.61,0.0,1767.23,1275.5,491.73
101180,2024-03-22,Sharp Pen Pack,Office Supplies,North,4,8.1,0.0,32.39,18.63,13.76
101265,2024-03-22,Comfy Standing Desk,Furniture,North,1,441.66,0.1,397.49,294.11,103.38
102592,2024-03-22,Aero Laptop 16,Electronics,Central,3,1273.97,0.05,3630.82,2327.6,1303.22
103244,2024-03-22,Sharp Whiteboard,Office Supplies,West,2,67.53,0.0,135.06,85.31,49.75
100166,2024-03-23,Sharp Pen Pack,Office Supplies,West,1,7.75,0.0,7.75,5.33,2.42
100294,2024-03-23,Aero Laptop 14,Electronics,South,3,975.08,0.0,2925.24,2043.47,881.77
100929,2024-03-23,Comfy Standing Desk,Furniture,South,1,381.02,0.0,381.02,264.48,116.54
101137,2024-03-23,Comfy Office Chair,Furniture,West,3,233.33,0.05,665.0,417.16,247.84
101381,2024-03-23,Aero Laptop 16,Electronics,South,1,1360.68,0.0,1360.68,758.36,602.32
102647,2024-03-23,Sharp Whiteboard,Office Supplies,Central,3,63.7,0.0,191.09,143.06,48.03
102961,2024-03-23,Sharp Notebook Set,Office Supplies,Central,1,12.64,0.0,12.64,8.61,4.03
103410,2024-03-23,Sharp Notebook Set,Office Supplies,Central,2,12.9,0.1,23.22,16.49,6.73
100133,2024-03-24,Aero Laptop 16,Electronics,West,2,1374.46,0.0,2748.92,1835.41,913.51
100149,2024-03-24,Buzz Bluetooth Speaker,Electronics,West,3,55.22,0.0,165.67,108.19,57.48
100225,2024-03-24,Comfy Standing Desk,Furniture,West,1,412.23,0.0,412.23,227.69,184.54
100274,2024-03-24,Aero Laptop 16,Electronics,North,1,1264.97,0.1,1138.47,748.12,390.35
100578,2024-03-24,Buzz Bluetooth Speaker,Electronics,South,4,56.24,0.1,202.47,158.97,43.5
100723,2024-03-24,Aero Laptop 14,Electronics,East,1,959.18,0.0,959.18,680.21,278.97
100952,2024-03-24,Sharp Notebook Set,Office Supplies,West,1,12.8,0.1,11.52,7.99,3.53
101154,2024-03-24,Sharp Pen Pack,Office Supplies,Central,1,8.41,0.1,7.57,6.07,1.5
103087,2024-03-24,Buzz Bluetooth Speaker,Electronics,North,3,63.94,0.0,191.82,133.15,58.67
100421,2024-03-25,Sharp Pen Pack,Office Supplies,Central,1,8.3,0.0,8.3,5.54,2.76
101175,2024-03-25,Comfy Office Chair,Furniture,West,1,233.7,0.0,233.7,157.36,76.34
103381,2024-03-25,Aero Laptop 14,Electronics,North,3,951.6,0.0,2854.81,1771.0,1083.81
100097,2024-03-26,Sharp Whiteboard,Office Supplies,East,1,67.4,0.0,67.4,38.63,28.77
100198,2024-03-26,Vivid Webcam HD,Electronics,West,3,47.06,0.0,141.18,84.95,56.23
100268,2024-03-26,Vivid Webcam HD,Electronics,East,1,43.97,0.1,39.57,26.19,13.38
100576,2024-03-26,Buzz Wireless Earbuds,Electronics,,1,78.51,0.05,74.58,56.77,17.81
100606,2024-03-26,Vivid Monitor 27in,Electronics,South,1,285.28,0.0,285.28,178.51,106.77
101544,2024-03-26,Comfy Office Chair,Furniture,West,1,226.78,0.0,226.78,167.26,59.52
101765,2024-03-26,Comfy Office Chair,Furniture,Central,1,209.36,0.0,209.36,148.41,60.95
102951,2024-03-26,Comfy Office Chair,Furniture,North,1,221.41,0.0,221.41,163.95,57.46
102997,2024-03-26,Sharp Pen Pack,Office Supplies,West,6,8.26,0.0,49.56,28.41,21.15
100848,2024-03-27,Buzz Bluetooth Speaker,Electronics,South,2,56.3,0.15,95.71,71.51,24.2
101118,2024-03-27,Comfy Office Chair,Furniture,East,3,203.14,0.0,609.42,364.28,245.14
101169,2024-03-27,Sharp Pen Pack,Office Supplies,South,2,8.06,0.0,16.12,10.25,5.87
101293,2024-03-27,Comfy Office Chair,Furniture,Central,3,223.25,0.05,636.27,393.92,242.35
101892,2024-03-27,Comfy Bookshelf,Furniture,South,2,154.51,0.0,309.03,207.12,101.91
101908,2024-03-27,Sharp Pen Pack,Office Supplies,North,2,7.73,0.0,15.45,10.84,4.61
101290,2024-03-28,Sharp Pen Pack,Office Supplies,South,3,8.52,0.05,24.29,14.9,9.39
101809,2024-03-28,Comfy Bookshelf,Furniture,North,1,148.36,0.1,133.53,90.86,42.67
103341,2024-03-28,Sharp Whiteboard,Office Supplies,North,1,62.03,0.0,62.03,40.89,21.14
100433,2024-03-29,Aero Laptop 16,Electronics,West,1,1233.95,0.15,1048.86,784.34,264.52
100863,2024-03-29,Buzz Bluetooth Speaker,Electronics,North,3,62.29,0.15,158.85,128.14,30.71
102645,2024-03-29,Aero Laptop 16,Electronics,West,1,1245.99,0.0,1245.99,831.96,414.03
102731,2024-03-29,Buzz Wireless Earbuds,Electronics,Central,3,76.29,0.0,228.87,139.08,89.79
100266,2024-03-30,Sharp Pen Pack,Office Supplies,West,2,7.63,0.0,15.27,8.44,6.83
100569,2024-03-30,Comfy Office Chair,Furniture,North,1,227.05,0.05,215.7,129.68,86.02
100697,2024-03-30,Buzz Bluetooth Speaker,Electronics,West,2,60.42,0.0,120.83,70.85,49.98
101516,2024-03-30,Aero Laptop 16,Electronics,South,3,1219.21,0.0,3657.64,2235.66,1421.98
101779,2024-03-30,Buzz Wireless Earbuds,Electronics,East,4,82.34,0.0,329.35,197.64,131.71
102743,2024-03-30,Aero Laptop 16,Electronics,West,5,1203.04,0.0,6015.19,3836.23,2178.96
102937,2024-03-30,Comfy Standing Desk,Furniture,West,2,384.05,0.0,768.1,500.33,267.77
103138,2024-03-30,Sharp Pen Pack,Office Supplies,,1,8.05,0.0,8.05,4.74,3.31
101089,2024-03-31,Sharp Notebook Set,Office Supplies,Central,3,12.5,0.0,37.49,21.75,15.74
101313,2024-03-31,Comfy Office Chair,Furniture,South,1,229.34,0.1,206.41,162.36,44.05
103300,2024-03-31,Vivid Webcam HD,Electronics,West,4,42.17,0.0,168.68,94.35,74.33
103334,2024-03-31,Comfy Office Chair,Furniture,South,4,208.27,0.0,833.07,550.14,282.93
100523,2024-04-01,Comfy Office Chair,Furniture,East,3,210.14,0.0,630.42,460.13,170.29
101748,2024-04-01,Vivid Monitor 27in,Electronics,West,1,273.99,0.05,260.29,191.13,69.16
102948,2024-04-01,Buzz Bluetooth Speaker,Electronics,Central,1,62.99,0.0,62.99,36.48,26.51
103475,2024-04-01,Buzz Bluetooth Speaker,Electronics,Central,1,64.22,0.0,64.22,36.62,27.6
100308,2024-04-02,Aero Laptop 14,Electronics,,4,990.25,0.0,3961.0,2790.91,1170.09
100473,2024-04-02,Comfy Standing Desk,Furniture,Central,1,398.33,0.0,398.33,287.43,110.9
100828,2024-04-02,Buzz Wireless Earbuds,Electronics,Central,1,80.67,0.05,76.63,48.92,27.71
101513,2024-04-02,Sharp Notebook Set,Office Supplies,East,1,11.86,0.05,11.27,8.37,2.9
101603,2024-04-02,Buzz Bluetooth Speaker,Electronics,South,2,59.4,0.0,118.8,87.79,31.01
101697,2024-04-02,Sharp Notebook Set,Office Supplies,West,1,12.75,0.1,11.48,9.56,1.92
101916,2024-04-02,Comfy Office Chair,Furniture,East,3,234.74,0.0,704.21,486.81,217.4
102305,2024-04-02,Sharp Whiteboard,Office Supplies,South,1,62.62,0.0,62.62,39.96,22.66
103006,2024-04-02,Comfy Bookshelf,Furniture,North,3,153.84,0.0,461.53,302.87,158.66
101626,2024-04-03,Vivid Monitor 27in,Electronics,West,1,270.25,0.0,270.25,180.82,89.43
101658,2024-04-03,Comfy Bookshelf,Furniture,South,4,148.94,0.0,595.75,329.6,266.15
101993,2024-04-03,Vivid Monitor 27in,Electronics,North,2,293.91,0.0,587.81,404.44,183.37
102047,2024-04-03,Comfy Office Chair,Furniture,North,1,203.43,0.0,203.43,124.23,79.2
102306,2024-04-03,Comfy Bookshelf,Furniture,West,1,139.0,0.0,139.0,78.11,60.89
102330,2024-04-03,Aero Laptop 14,Electronics,South,2,929.18,0.0,1858.37,1107.34,751.03
102416,2024-04-03,Comfy Standing Desk,Furniture,South,2,407.87,0.15,693.38,592.1,101.28
102524,2024-04-03,Vivid Monitor 27in,Electronics,Central,1,292.47,0.0,292.47,174.17,118.3
102786,2024-04-03,Buzz Bluetooth Speaker,Electronics,West,3,62.25,0.0,186.75,124.31,62.44
103014,2024-04-03,Comfy Bookshelf,Furniture,North,3,150.4,0.0,451.19,258.34,192.85
100752,2024-04-04,Sharp Pen Pack,Office Supplies,South,5,7.73,0.0,38.67,26.96,11.71
100760,2024-04-04,Comfy Standing Desk,Furniture,North,5,436.59,0.0,2182.95,1284.03,898.92
100778,2024-04-04,Aero Laptop 14,Electronics,South,1,925.0,0.15,786.25,670.36,115.89
101671,2024-04-04,Vivid Monitor 27in,Electronics,North,1,277.27,0.0,277.27,165.31,111.96
101790,2024-04-04,Sharp Notebook Set,Office Supplies,South,1,12.46,0.0,12.46,7.41,5.05
103044,2024-04-04,Comfy Office Chair,Furniture,North,1,228.59,0.0,228.59,163.44,65.15
101790,2024-04-04,Sharp Notebook Set,Office Supplies,South,1,12.46,0.0,12.46,7.41,5.05
100873,2024-04-05,Sharp Whiteboard,Office Supplies,South,2,63.42,0.0,126.83,83.83,43.0
101153,2024-04-05,Sharp Whiteboard,Office Supplies,West,5,63.04,0.0,315.21,191.58,123.63
101254,2024-04-05,Aero Laptop 16,Electronics,South,2,1262.2,0.0,2524.4,1471.36,1053.04
101556,2024-04-05,Sharp Whiteboard,Office Supplies,North,5,63.18,0.0,315.88,230.33,85.55
101587,2024-04-05,Sharp Whiteboard,Office Supplies,Central,2,66.11,0.0,132.22,95.12,37.1
103003,2024-04-05,Vivid Webcam HD,Electronics,South,2,42.16,0.0,84.33,53.4,30.93
103302,2024-04-05,Comfy Standing Desk,Furniture,Central,1,379.26,0.0,379.26,243.99,135.27
100446,2024-04-06,Aero Laptop 14,Electronics,West,2,968.44,0.0,1936.88,1108.13,828.75
100457,2024-04-06,Buzz Bluetooth Speaker,Electronics,Central,2,62.53,0.0,125.06,93.33,31.73
101202,2024-04-06,Sharp Notebook Set,Office Supplies,East,2,12.18,0.1,21.92,13.93,7.99
101208,2024-04-06,Aero Laptop 14,Electronics,North,4,905.2,0.05,3439.76,2573.48,866.28
101364,2024-04-06,Sharp Pen Pack,Office Supplies,South,3,7.45,0.0,22.36,14.04,8.32
103386,2024-04-06,Buzz Wireless Earbuds,Electronics,West,3,82.18,0.05,234.2,143.17,91.03
100343,2024-04-07,Sharp Pen Pack,Office Supplies,South,3,8.54,0.0,25.62,17.22,8.4
100443,2024-04-07,Aero Laptop 16,Electronics,North,3,1400.41,0.0,4201.23,2372.32,1828.91
101386,2024-04-07,Sharp Notebook Set,Office Supplies,Central,1,11.72,0.0,11.72,8.59,3.13
101751,2024-04-07,Comfy Office Chair,Furniture,East,4,210.14,0.0,840.57,567.22,273.35
101921,2024-04-07,Buzz Bluetooth Speaker,Electronics,South,4,58.29,0.1,209.83,158.87,50.96
103234,2024-04-07,Buzz Wireless Earbuds,Electronics,South,1,82.4,0.15,70.04,60.47,9.57
103297,2024-04-07,Comfy Office Chair,Furniture,North,2,230.22,0.0,460.43,265.67,194.76
103481,2024-04-07,Aero Laptop 16,Electronics,North,1,1232.91,0.0,1232.91,896.47,336.44
100009,2024-04-08,Vivid Webcam HD,Electronics,East,2,46.54,0.05,88.42,61.64,26.78
101952,2024-04-08,Aero Laptop 16,Electronics,South,2,1318.57,0.0,2637.13,1808.91,828.22
102725,2024-04-08,Comfy Bookshelf,Furniture,East,2,156.92,0.1,282.45,191.81,90.64
103332,2024-04-08,Aero Laptop 14,Electronics,Central,1,952.76,0.1,857.48,693.6,163.88
103370,2024-04-08,Comfy Bookshelf,Furniture,West,1,140.7,0.15,119.59,104.17,15.42
103399,2024-04-08,Comfy Standing Desk,Furniture,East,5,426.36,0.0,2131.82,1188.83,942.99
103587,2024-04-08,Comfy Standing Desk,Furniture,South,1,419.61,0.0,419.61,288.83,130.78
100255,2024-04-09,Comfy Bookshelf,Furniture,West,1,153.64,0.0,153.64,94.2,59.44
102372,2024-04-09,Sharp Pen Pack,Office Supplies,North,2,8.21,0.0,16.42,10.54,5.88
102475,2024-04-09,Vivid Monitor 27in,Electronics,East,4,267.31,0.05,1015.77,703.68,312.09
103249,2024-04-09,Comfy Office Chair,Furniture,,1,232.64,0.0,232.64,132.46,100.18
103460,2024-04-09,Comfy Office Chair,Furniture,South,6,237.19,0.0,1423.13,1013.04,410.09
100255,2024-04-09,Comfy Bookshelf,Furniture,West,1,153.64,0.0,153.64,94.2,59.44
100173,2024-04-10,Sharp Notebook Set,Office Supplies,North,1,12.42,0.0,12.42,7.01,5.41
100564,2024-04-10,Comfy Office Chair,Furniture,East,5,229.35,0.0,1146.74,704.89,441.85
100671,2024-04-10,Sharp Notebook Set,Office Supplies,West,1,12.39,0.0,12.39,8.73,3.66
101973,2024-04-10,Vivid Webcam HD,Electronics,West,2,42.81,0.0,85.63,57.83,27.8
102413,2024-04-10,Vivid Monitor 27in,Electronics,West,1,265.73,0.0,265.73,180.98,84.75
103418,2024-04-10,Sharp Whiteboard,Office Supplies,North,1,60.98,0.1,54.88,40.05,14.83
100124,2024-04-11,Sharp Pen Pack,Office Supplies,West,1,7.67,0.15,6.52,4.44,2.08
100239,2024-04-11,Vivid Monitor 27in,Electronics,South,3,283.46,0.1,765.35,634.51,130.84
100820,2024-04-11,Sharp Pen Pack,Office Supplies,Central,4,8.18,0.0,32.71,22.68,10.03
101215,2024-04-11,Vivid Webcam HD,Electronics,Central,2,47.77,0.0,95.54,61.04,34.5
101551,2024-04-11,Buzz Bluetooth Speaker,Electronics,North,1,63.89,0.0,63.89,46.96,16.93
102358,2024-04-11,Comfy Bookshelf,Furniture,South,1,160.8,0.0,160.8,89.63,71.17
103548,2024-04-11,Comfy Standing Desk,Furniture,West,5,407.73,0.1,1834.8,1130.43,704.37
100535,2024-04-12,Sharp Notebook Set,Office Supplies,,3,12.15,0.0,36.46,25.25,11.21
100831,2024-04-12,Comfy Bookshelf,Furniture,West,3,151.44,0.0,454.31,257.38,196.93
101120,2024-04-12,Sharp Pen Pack,Office Supplies,East,2,8.63,0.0,17.26,9.66,7.6
102193,2024-04-12,Buzz Bluetooth Speaker,Electronics,Central,2,59.54,0.0,119.09,78.16,40.93
103019,2024-04-12,Sharp Pen Pack,Office Supplies,South,3,7.63,0.0,22.9,15.61,7.29
103224,2024-04-12,Vivid Monitor 27in,Electronics,West,3,300.63,0.0,901.9,578.41,323.49
101783,2024-04-13,Comfy Standing Desk,Furniture,West,1,437.47,0.0,437.47,327.1,110.37
103120,2024-04-13,Comfy Bookshelf,Furniture,South,1,141.86,0.0,141.86,98.46,43.4
103450,2024-04-13,Comfy Bookshelf,Furniture,North,1,156.66,0.0,156.66,91.24,65.42
103467,2024-04-13,Sharp Pen Pack,Office Supplies,Central,4,8.23,0.0,32.91,20.96,11.95
100224,2024-04-14,Sharp Whiteboard,Office Supplies,West,1,66.42,0.1,59.77,44.67,15.1
101359,2024-04-14,Aero Laptop 16,Electronics,South,2,1363.18,0.1,2453.73,1635.09,818.64
101940,2024-04-14,Vivid Webcam HD,Electronics,Central,1,45.2,0.15,38.42,30.19,8.23
103388,2024-04-14,Comfy Office Chair,Furniture,North,1,211.42,0.05,200.85,155.97,44.88
103517,2024-04-14,Buzz Wireless Earbuds,Electronics,South,1,80.33,0.0,80.33,59.67,20.66
100126,2024-04-15,Comfy Bookshelf,Furniture,North,1,159.51,0.0,159.51,107.4,52.11
100434,2024-04-15,Comfy Bookshelf,Furniture,East,1,153.49,0.0,153.49,91.55,61.94
101456,2024-04-15,Sharp Pen Pack,Office Supplies,Central,4,8.32,0.0,33.29,21.37,11.92
102635,2024-04-15,Comfy Office Chair,Furniture,Central,2,208.36,0.0,416.72,268.97,147.75
102782,2024-04-15,Vivid Monitor 27in,Electronics,North,1,284.77,0.0,284.77,199.45,85.32
103335,2024-04-15,Comfy Office Chair,Furniture,South,2,222.81,0.0,445.62,317.54,128.08
100001,2024-04-16,Sharp Notebook Set,Office Supplies,East,1,11.15,0.1,10.04,7.47,2.57
100735,2024-04-16,Aero Laptop 16,Electronics,North,3,1392.37,0.0,4177.12,2765.83,1411.29
100861,2024-04-16,Sharp Notebook Set,Office Supplies,Central,1,12.68,0.0,12.68,7.17,5.51
101151,2024-04-16,Comfy Standing Desk,Furniture,West,3,409.2,0.15,1043.46,727.7,315.76
101438,2024-04-16,Vivid Monitor 27in,Electronics,West,6,294.92,0.0,1769.51,1217.91,551.6
103202,2024-04-16,Aero Laptop 14,Electronics,West,4,927.0,0.1,3337.19,2417.04,920.15
101216,2024-04-17,Vivid Webcam HD,Electronics,North,1,42.26,0.0,42.26,28.06,14.2
101445,2024-04-17,Comfy Bookshelf,Furniture,East,2,154.17,0.0,308.34,230.45,77.89
102244,2024-04-17,Comfy Standing Desk,Furniture,Central,2,403.16,0.1,725.69,527.39,198.3
102789,2024-04-17,Sharp Whiteboard,Office Supplies,East,3,69.68,0.0,209.03,132.29,76.74
100062,2024-04-18,Aero Laptop 16,Electronics,South,3,1222.54,0.0,3667.61,2283.51,1384.1
100222,2024-04-18,Vivid Webcam HD,Electronics,North,4,41.42,0.0,165.66,118.6,47.06
100303,2024-04-18,Buzz Wireless Earbuds,Electronics,North,3,79.51,0.0,238.53,131.83,106.7
101865,2024-04-18,Aero Laptop 16,Electronics,North,1,1213.55,0.0,1213.55,702.2,511.35
102551,2024-04-18,Aero Laptop 14,Electronics,Central,1,999.57,0.15,849.64,665.4,184.24
102856,2024-04-18,Comfy Bookshelf,Furniture,North,2,144.62,0.0,289.24,171.34,117.9
100391,2024-04-19,Comfy Standing Desk,Furniture,North,6,420.91,0.15,2146.63,1503.01,643.62
101082,2024-04-19,Vivid Webcam HD,Electronics,East,5,47.19,0.0,235.94,147.13,88.81
101939,2024-04-19,Sharp Pen Pack,Office Supplies,North,2,7.98,0.0,15.97,9.32,6.65
102748,2024-04-19,Vivid Monitor 27in,Electronics,North,1,297.91,0.0,297.91,221.42,76.49
102903,2024-04-19,Vivid Monitor 27in,Electronics,South,3,295.37,0.0,886.11,491.81,394.3
100812,2024-04-20,Sharp Whiteboard,Office Supplies,East,1,64.06,0.0,64.06,45.59,18.47
101338,2024-04-20,Vivid Monitor 27in,Electronics,North,4,295.16,0.15,1003.53,801.67,201.86
101440,2024-04-20,Vivid Monitor 27in,Electronics,North,2,274.67,0.0,549.33,355.43,193.9
101838,2024-04-20,Aero Laptop 16,Electronics,South,1,1226.55,0.0,1226.55,755.11,471.44
102116,2024-04-20,Vivid Monitor 27in,Electronics,East,2,269.89,0.0,539.78,370.22,169.56
102753,2024-04-20,Comfy Office Chair,Furniture,West,1,217.34,0.0,217.34,120.47,96.87
103599,2024-04-20,Buzz Bluetooth Speaker,Electronics,Central,1,59.45,0.0,59.45,35.9,23.55
100333,2024-04-21,Vivid Webcam HD,Electronics,South,1,44.71,0.0,44.71,31.94,12.77
100702,2024-04-21,Aero Laptop 14,Electronics,South,1,1006.48,0.0,1006.48,622.6,383.88
101109,2024-04-21,Buzz Bluetooth Speaker,Electronics,South,3,58.46,0.1,157.85,102.24,55.61
103215,2024-04-21,Aero Laptop 16,Electronics,South,2,1311.95,0.0,2623.9,1579.29,1044.61
100080,2024-04-22,Aero Laptop 16,Electronics,South,1,1265.55,0.0,1265.55,886.7,378.85
100608,2024-04-22,Comfy Standing Desk,Furniture,West,2,403.81,0.0,807.63,500.29,307.34
101099,2024-04-22,Comfy Bookshelf,Furniture,North,1,153.26,0.1,137.94,114.85,23.09
101207,2024-04-22,Buzz Wireless Earbuds,Electronics,Central,2,75.1,0.0,150.2,108.18,42.02
101339,2024-04-22,Sharp Pen Pack,Office Supplies,South,2,7.76,0.0,15.53,10.91,4.62
102857,2024-04-22,Comfy Office Chair,Furniture,West,3,224.93,0.0,674.78,402.1,272.68
103125,2024-04-22,Buzz Wireless Earbuds,Electronics,East,2,75.01,0.1,135.02,85.76,49.26
101094,2024-04-23,Vivid Monitor 27in,Electronics,North,4,260.04,0.0,1040.14,666.92,373.22
101337,2024-04-23,Buzz Bluetooth Speaker,Electronics,East,2,64.39,0.0,128.78,93.52,35.26
101596,2024-04-23,Comfy Bookshelf,Furniture,East,1,150.87,0.0,150.87,104.2,46.67
101735,2024-04-23,Comfy Bookshelf,Furniture,North,1,149.15,0.05,141.7,90.09,51.61
100087,2024-04-24,Aero Laptop 14,Electronics,South,2,895.18,0.05,1700.85,1337.19,363.66
100111,2024-04-24,Sharp Whiteboard,Office Supplies,North,4,68.83,0.0,275.32,160.09,115.23
100551,2024-04-24,Buzz Bluetooth Speaker,Electronics,East,2,61.82,0.1,111.28,83.64,27.64
100875,2024-04-24,Comfy Bookshelf,Furniture,Central,2,159.75,0.0,319.51,184.53,134.98
101615,2024-04-24,Buzz Wireless Earbuds,Electronics,Central,1,74.27,0.0,74.27,45.24,29.03
102295,2024-04-24,Vivid Webcam HD,Electronics,South,1,45.92,0.0,45.92,25.34,20.58
102531,2024-04-24,Buzz Bluetooth Speaker,Electronics,Central,3,63.1,0.15,160.92,131.83,29.09
103209,2024-04-24,Aero Laptop 14,Electronics,East,2,964.53,0.0,1929.07,1128.65,800.42
100371,2024-04-25,Aero Laptop 16,Electronics,North,3,1251.02,0.0,3753.06,2272.64,1480.42
100605,2024-04-25,Buzz Wireless Earbuds,Electronics,South,1,82.95,0.0,82.95,58.63,24.32
100826,2024-04-25,Sharp Whiteboard,Office Supplies,South,2,61.02,0.0,122.03,69.89,52.14
101349,2024-04-25,Sharp Whiteboard,Office Supplies,Central,3,68.55,0.1,185.08,118.18,66.9
101351,2024-04-25,Comfy Standing Desk,Furniture,West,4,421.62,0.0,1686.49,1170.65,515.84
101502,2024-04-25,Comfy Standing Desk,Furniture,Central,1,434.28,0.1,390.85,294.77,96.08
101700,2024-04-25,Vivid Monitor 27in,Electronics,Central,1,301.11,0.0,301.11,173.3,127.81
102495,2024-04-25,Comfy Standing Desk,Furniture,East,3,401.17,0.0,1203.5,715.4,488.1
103143,2024-04-25,Buzz Wireless Earbuds,Electronics,North,4,83.54,0.0,334.15,212.45,121.7
101943,2024-04-26,Buzz Bluetooth Speaker,Electronics,West,4,64.63,0.0,258.53,161.75,96.78
102471,2024-04-26,Comfy Standing Desk,Furniture,Central,1,429.27,0.0,429.27,305.14,124.13
103069,2024-04-26,Aero Laptop 16,Electronics,South,4,1224.49,0.0,4897.95,3643.06,1254.89
103162,2024-04-26,Sharp Pen Pack,Office Supplies,East,3,7.51,0.0,22.53,14.07,8.46
100188,2024-04-27,Aero Laptop 14,Electronics,North,2,936.31,0.05,1778.98,1173.69,605.29
100398,2024-04-27,Comfy Standing Desk,Furniture,South,3,404.25,0.1,1091.46,727.86,363.6
101458,2024-04-27,Sharp Notebook Set,Office Supplies,West,2,12.37,0.0,24.73,15.03,9.7
102319,2024-04-27,Aero Laptop 14,Electronics,East,1,932.18,0.05,885.57,613.88,271.69
103248,2024-04-27,Comfy Bookshelf,Furniture,Central,2,152.06,0.0,304.11,183.39,120.72
101174,2024-04-28,Comfy Office Chair,Furniture,Central,1,225.4,0.0,225.4,138.1,87.3
101756,2024-04-28,Buzz Wireless Earbuds,Electronics,East,1,79.59,0.0,79.59,52.54,27.05
102804,2024-04-28,Comfy Bookshelf,Furniture,West,4,144.03,0.15,489.71,411.63,78.08
103580,2024-04-28,Vivid Webcam HD,Electronics,East,2,46.77,0.0,93.53,52.65,40.88
100108,2024-04-29,Sharp Pen Pack,Office Supplies,North,1,8.48,0.0,8.48,4.89,3.59
101039,2024-04-29,Sharp Pen Pack,Office Supplies,South,1,7.85,0.0,7.85,4.58,3.27
101602,2024-04-29,Vivid Webcam HD,Electronics,Central,1,47.25,0.0,47.25,31.15,16.1
102175,2024-04-29,Buzz Wireless Earbuds,Electronics,South,1,83.0,0.0,83.0,49.44,33.56
102897,2024-04-29,Comfy Standing Desk,Furniture,East,1,381.16,0.0,381.16,236.45,144.71
103079,2024-04-29,Comfy Office Chair,Furniture,Central,4,228.21,0.05,867.21,629.95,237.26
100058,2024-04-30,Comfy Standing Desk,Furniture,Central,2,395.36,0.05,751.19,553.23,197.96
100821,2024-04-30,Aero Laptop 14,Electronics,West,1,900.77,0.0,900.77,540.83,359.94
101161,2024-04-30,Vivid Webcam HD,Electronics,North,2,47.33,0.1,85.2,64.98,20.22
101595,2024-04-30,Comfy Office Chair,Furniture,East,1,233.73,0.15,198.67,131.84,66.83
101059,2024-05-01,Vivid Webcam HD,Electronics,South,2,41.72,0.0,83.44,58.67,24.77
101997,2024-05-01,Buzz Wireless Earbuds,Electronics,East,1,82.72,0.15,70.31,54.39,15.92
103066,2024-05-01,Aero Laptop 16,Electronics,East,2,1384.95,0.0,2769.91,1597.64,1172.27
103220,2024-05-01,Sharp Whiteboard,Office Supplies,South,3,66.48,0.1,179.5,132.75,46.75
103429,2024-05-01,Sharp Pen Pack,Office Supplies,North,1,7.82,0.0,7.82,5.67,2.15
100978,2024-05-02,Sharp Pen Pack,Office Supplies,East,4,7.54,0.05,28.67,22.22,6.45
101486,2024-05-02,Buzz Bluetooth Speaker,Electronics,Central,2,62.22,0.0,124.43,79.69,44.74
100860,2024-05-03,Comfy Office Chair,Furniture,East,1,235.25,0.0,235.25,139.69,95.56
101878,2024-05-03,Sharp Notebook Set,Office Supplies,East,1,11.99,0.1,10.79,8.69,2.1
103065,2024-05-03,Vivid Webcam HD,Electronics,Central,1,42.42,0.0,42.42,26.65,15.77
103112,2024-05-03,Comfy Bookshelf,Furniture,South,1,155.4,0.0,155.4,91.42,63.98
103140,2024-05-03,Buzz Wireless Earbuds,Electronics,North,1,77.13,0.0,77.13,51.22,25.91
100802,2024-05-04,Aero Laptop 14,Electronics,West,3,912.33,0.15,2326.45,2010.77,315.68
102131,2024-05-04,Sharp Whiteboard,Office Supplies,South,1,68.84,0.0,68.84,39.22,29.62
103286,2024-05-04,Aero Laptop 14,Electronics,North,1,967.79,0.0,967.79,645.74,322.05
100138,2024-05-05,Aero Laptop 16,Electronics,Central,3,1267.27,0.0,3801.82,2186.61,1615.21
100230,2024-05-05,Vivid Monitor 27in,Electronics,,3,301.86,0.0,905.59,622.73,282.86
100286,2024-05-05,Comfy Office Chair,Furniture,East,2,228.19,0.0,456.38,257.25,199.13
101297,2024-05-05,Sharp Pen Pack,Office Supplies,East,1,7.73,0.0,7.73,5.5,2.23
101675,2024-05-05,Aero Laptop 14,Electronics,North,2,945.68,0.0,1891.36,1361.3,530.06
103427,2024-05-05,Comfy Standing Desk,Furniture,North,1,386.44,0.0,386.44,285.77,100.67
103557,2024-05-05,Comfy Bookshelf,Furniture,South,4,156.99,0.0,627.96,464.12,163.84
100030,2024-05-06,Sharp Pen Pack,Office Supplies,North,1,8.53,0.0,8.53,5.1,3.43
100214,2024-05-06,Comfy Bookshelf,Furniture,Central,2,144.43,0.05,274.41,191.99,82.42
100295,2024-05-06,Sharp Pen Pack,Office Supplies,North,1,8.29,0.0,8.29,5.53,2.76
102455,2024-05-06,Buzz Bluetooth Speaker,Electronics,Central,4,62.22,0.0,248.89,165.35,83.54
102771,2024-05-06,Sharp Whiteboard,Office Supplies,South,4,66.37,0.0,265.46,164.41,101.05
100363,2024-05-07,Comfy Office Chair,Furniture,Central,1,207.92,0.05,197.52,116.1,81.42
100387,2024-05-07,Sharp Whiteboard,Office Supplies,West,1,62.85,0.0,62.85,43.34,19.51
100626,2024-05-07,Comfy Bookshelf,Furniture,East,2,152.45,0.0,304.9,173.21,131.69
100647,2024-05-07,Comfy Bookshelf,Furniture,South,2,150.78,0.0,301.55,189.55,112.0
102498,2024-05-07,Sharp Pen Pack,Office Supplies,Central,3,8.39,0.0,25.16,17.35,7.81
102842,2024-05-07,Sharp Whiteboard,Office Supplies,South,1,68.34,0.0,68.34,47.34,21.0
102924,2024-05-07,Vivid Webcam HD,Electronics,South,2,48.47,0.0,96.94,66.1,30.84
103550,2024-05-07,Buzz Wireless Earbuds,Electronics,Central,1,80.11,0.0,80.11,54.06,26.05
101018,2024-05-08,Sharp Whiteboard,Office Supplies,South,1,61.18,0.0,61.18,41.91,19.27
101143,2024-05-08,Comfy Bookshelf,Furniture,West,2,143.6,0.1,258.48,191.78,66.7
101608,2024-05-08,Buzz Bluetooth Speaker,Electronics,Central,1,58.32,0.0,58.32,41.5,16.82
101763,2024-05-08,Aero Laptop 16,Electronics,Central,1,1356.54,0.0,1356.54,806.78,549.76
102213,2024-05-08,Buzz Wireless Earbuds,Electronics,West,4,74.52,0.0,298.09,204.48,93.61
103121,2024-05-08,Sharp Whiteboard,Office Supplies,South,2,69.9,0.1,125.83,103.02,22.81
103600,2024-05-08,Sharp Notebook Set,Office Supplies,Central,1,12.07,0.0,12.07,7.71,4.36
100819,2024-05-09,Vivid Monitor 27in,Electronics,West,1,274.45,0.0,274.45,201.09,73.36
100927,2024-05-09,Sharp Notebook Set,Office Supplies,South,1,11.74,0.0,11.74,8.02,3.72
101037,2024-05-09,Buzz Bluetooth Speaker,Electronics,West,2,57.82,0.0,115.64,73.22,42.42
102611,2024-05-09,Sharp Notebook Set,Office Supplies,Central,2,12.88,0.1,23.18,19.29,3.89
103144,2024-05-09,Sharp Whiteboard,Office Supplies,West,3,64.25,0.05,183.11,113.02,70.09
100099,2024-05-10,Comfy Office Chair,Furniture,Central,2,230.7,0.0,461.4,314.83,146.57
100809,2024-05-10,Sharp Pen Pack,Office Supplies,North,1,8.39,0.0,8.39,5.92,2.47
100876,2024-05-10,Sharp Whiteboard,Office Supplies,North,3,64.03,0.0,192.09,114.42,77.67
101071,2024-05-10,Comfy Bookshelf,Furniture,West,1,148.86,0.1,133.98,94.41,39.57
101772,2024-05-10,Sharp Pen Pack,Office Supplies,East,2,7.38,0.0,14.76,8.84,5.92
101870,2024-05-10,Vivid Monitor 27in,Electronics,Central,1,261.53,0.0,261.53,160.62,100.91
102675,2024-05-10,Sharp Whiteboard,Office Supplies,Central,2,67.2,0.0,134.41,89.91,44.5
102694,2024-05-10,Comfy Bookshelf,Furniture,East,1,144.16,0.05,136.95,97.02,39.93
103594,2024-05-10,Vivid Webcam HD,Electronics,Central,2,45.95,0.0,91.9,58.82,33.08
100043,2024-05-11,Buzz Bluetooth Speaker,Electronics,South,1,62.66,0.0,62.66,39.78,22.88
101807,2024-05-11,Comfy Office Chair,Furniture,West,2,228.95,0.0,457.91,331.86,126.05
102591,2024-05-11,Vivid Webcam HD,Electronics,East,1,45.59,0.1,41.04,26.51,14.53
102822,2024-05-11,Aero Laptop 16,Electronics,South,1,1351.97,0.0,1351.97,871.81,480.16
103404,2024-05-11,Buzz Bluetooth Speaker,Electronics,East,2,57.5,0.0,115.0,79.65,35.35
103477,2024-05-11,Vivid Monitor 27in,Electronics,South,3,286.43,0.0,859.28,630.53,228.75
100884,2024-05-12,Sharp Notebook Set,Office Supplies,South,4,12.66,0.0,50.64,36.25,14.39
100897,2024-05-12,Aero Laptop 16,Electronics,West,1,1339.67,0.0,1339.67,838.41,501.26
101555,2024-05-12,Buzz Wireless Earbuds,Electronics,West,1,80.14,0.0,80.14,57.99,22.15
102439,2024-05-12,Comfy Office Chair,Furniture,South,2,205.59,0.0,411.18,237.36,173.82
102821,2024-05-12,Comfy Office Chair,Furniture,East,3,220.83,0.0,662.48,403.23,259.25
102043,2024-05-13,Comfy Office Chair,Furniture,South,2,233.62,0.0,467.23,266.66,200.57
102448,2024-05-14,Vivid Webcam HD,Electronics,West,3,42.33,0.0,126.98,84.51,42.47
102460,2024-05-14,Sharp Notebook Set,Office Supplies,West,4,12.74,0.0,50.96,36.71,14.25
103435,2024-05-14,Buzz Bluetooth Speaker,Electronics,South,1,60.49,0.0,60.49,43.07,17.42
100713,2024-05-15,Buzz Wireless Earbuds,Electronics,Central,2,83.67,0.0,167.34,122.64,44.7
100979,2024-05-15,Vivid Monitor 27in,Electronics,North,2,257.65,0.0,515.29,312.69,202.6
101388,2024-05-15,Comfy Bookshelf,Furniture,South,1,148.34,0.0,148.34,101.05,47.29
102462,2024-05-15,Aero Laptop 16,Electronics,South,3,1269.89,0.15,3238.22,2266.03,972.19
102978,2024-05-15,Aero Laptop 16,Electronics,North,4,1303.36,0.0,5213.44,3042.64,2170.8
103421,2024-05-15,Sharp Pen Pack,Office Supplies,South,1,8.57,0.0,8.57,5.57,3.0
103491,2024-05-15,Aero Laptop 16,Electronics,South,1,1253.48,0.05,1190.81,816.52,374.29
100307,2024-05-16,Aero Laptop 14,Electronics,South,3,950.02,0.0,2850.05,2063.74,786.31
101223,2024-05-16,Comfy Bookshelf,Furniture,Central,3,148.26,0.0,444.79,329.47,115.32
102092,2024-05-16,Comfy Office Chair,Furniture,East,2,217.03,0.0,434.06,308.98,125.08
102721,2024-05-16,Vivid Monitor 27in,Electronics,Central,2,294.54,0.05,559.62,409.33,150.29
100612,2024-05-17,Comfy Bookshelf,Furniture,North,2,146.92,0.0,293.85,174.65,119.2
101370,2024-05-17,Aero Laptop 16,Electronics,South,1,1279.56,0.0,1279.56,920.93,358.63
102845,2024-05-17,Aero Laptop 16,Electronics,North,3,1382.6,0.0,4147.81,2854.26,1293.55
100066,2024-05-18,Buzz Bluetooth Speaker,Electronics,South,2,60.47,0.0,120.93,71.39,49.54
101730,2024-05-18,Comfy Office Chair,Furniture,West,1,225.6,0.0,225.6,124.55,101.05
101915,2024-05-18,Aero Laptop 14,Electronics,West,3,908.84,0.1,2453.86,1949.17,504.69
102727,2024-05-18,Vivid Monitor 27in,Electronics,North,1,274.65,0.0,274.65,153.74,120.91
103228,2024-05-18,Comfy Standing Desk,Furniture,Central,3,395.41,0.0,1186.24,838.78,347.46
100351,2024-05-19,Comfy Bookshelf,Furniture,Central,1,148.56,0.0,148.56,109.64,38.92
100780,2024-05-19,Sharp Whiteboard,Office Supplies,Central,1,68.42,0.05,65.0,41.17,23.83
101045,2024-05-19,Sharp Pen Pack,Office Supplies,East,4,8.58,0.0,34.34,23.32,11.02
101257,2024-05-19,Vivid Webcam HD,Electronics,West,2,41.45,0.15,70.47,56.52,13.95
102456,2024-05-19,Sharp Whiteboard,Office Supplies,West,4,68.69,0.0,274.75,184.6,90.15
102709,2024-05-19,Aero Laptop 16,Electronics,West,2,1288.43,0.1,2319.18,1611.17,708.01
100147,2024-05-20,Comfy Standing Desk,Furniture,,1,411.51,0.0,411.51,302.84,108.67
102010,2024-05-20,Sharp Pen Pack,Office Supplies,South,6,8.27,0.0,49.63,36.37,13.26
102260,2024-05-20,Vivid Monitor 27in,Electronics,North,5,273.09,0.0,1365.44,938.22,427.22
103615,2024-05-20,Sharp Whiteboard,Office Supplies,North,1,66.12,0.05,62.82,49.54,13.28
100701,2024-05-21,Vivid Webcam HD,Electronics,North,3,43.81,0.05,124.85,73.29,51.56
101231,2024-05-21,Buzz Bluetooth Speaker,Electronics,West,2,61.85,0.1,111.32,80.44,30.88
102060,2024-05-21,Sharp Pen Pack,Office Supplies,West,1,7.6,0.0,7.6,5.08,2.52
102303,2024-05-21,Buzz Bluetooth Speaker,Electronics,North,1,62.58,0.0,62.58,36.63,25.95
102565,2024-05-21,Comfy Standing Desk,Furniture,North,1,397.25,0.0,397.25,282.49,114.76
101593,2024-05-22,Comfy Bookshelf,Furniture,East,1,154.81,0.0,154.81,104.4,50.41
102219,2024-05-22,Aero Laptop 16,Electronics,Central,3,1326.97,0.0,3980.91,2633.65,1347.26
100436,2024-05-23,Comfy Standing Desk,Furniture,Central,1,430.26,0.1,387.23,262.67,124.56
100733,2024-05-23,Sharp Notebook Set,Office Supplies,East,2,12.94,0.0,25.88,16.86,9.02
101007,2024-05-23,Comfy Office Chair,Furniture,West,1,232.55,0.0,232.55,164.33,68.22
100436,2024-05-23,Comfy Standing Desk,Furniture,Central,1,430.26,0.1,387.23,262.67,124.56
100051,2024-05-24,Comfy Office Chair,Furniture,North,1,235.98,0.0,235.98,140.58,95.4
100500,2024-05-24,Comfy Office Chair,Furniture,South,1,235.34,0.0,235.34,143.1,92.24
100686,2024-05-24,Vivid Webcam HD,Electronics,North,2,43.25,0.0,86.5,55.88,30.62
101065,2024-05-24,Vivid Webcam HD,Electronics,West,1,47.59,0.0,47.59,29.97,17.62
101197,2024-05-24,Comfy Office Chair,Furniture,Central,2,207.71,0.0,415.41,263.36,152.05
103324,2024-05-24,Buzz Bluetooth Speaker,Electronics,South,1,58.66,0.0,58.66,37.32,21.34
103523,2024-05-24,Buzz Wireless Earbuds,Electronics,East,2,85.01,0.0,170.02,99.36,70.66
100740,2024-05-25,Buzz Bluetooth Speaker,Electronics,East,1,63.26,0.0,63.26,46.69,16.57
101035,2024-05-25,Sharp Pen Pack,Office Supplies,Central,2,7.96,0.1,14.32,10.41,3.91
101702,2024-05-25,Buzz Bluetooth Speaker,Electronics,South,2,55.5,0.1,99.91,64.11,35.8
101814,2024-05-25,Vivid Monitor 27in,Electronics,South,1,277.24,0.0,277.24,206.68,70.56
102542,2024-05-25,Vivid Monitor 27in,Electronics,West,4,280.32,0.0,1121.29,670.7,450.59
102703,2024-05-25,Comfy Bookshelf,Furniture,East,8,142.36,0.0,1138.89,841.18,297.71
100838,2024-05-26,Vivid Webcam HD,Electronics,North,1,45.83,0.05,43.54,26.65,16.89
101444,2024-05-26,Aero Laptop 16,Electronics,North,1,1335.29,0.0,1335.29,913.65,421.64
100378,2024-05-27,Sharp Pen Pack,Office Supplies,South,1,7.42,0.0,7.42,4.87,2.55
101113,2024-05-27,Buzz Wireless Earbuds,Electronics,North,1,76.69,0.0,76.69,55.77,20.92
101981,2024-05-27,Comfy Office Chair,Furniture,South,2,207.16,0.0,414.31,271.09,143.22
102572,2024-05-27,Buzz Wireless Earbuds,Electronics,South,2,80.53,0.0,161.06,105.57,55.49
102726,2024-05-27,Sharp Notebook Set,Office Supplies,West,2,11.73,0.0,23.46,16.15,7.31
102805,2024-05-27,Comfy Standing Desk,Furniture,North,1,423.56,0.0,423.56,311.77,111.79
101133,2024-05-28,Comfy Office Chair,Furniture,East,2,207.22,0.05,393.73,279.05,114.68
101324,2024-05-28,Sharp Notebook Set,Office Supplies,East,2,11.67,0.0,23.33,13.71,9.62
101663,2024-05-28,Vivid Monitor 27in,Electronics,South,2,292.24,0.0,584.49,335.37,249.12
101696,2024-05-28,Sharp Whiteboard,Office Supplies,East,1,68.53,0.0,68.53,38.5,30.03
100327,2024-05-29,Buzz Bluetooth Speaker,Electronics,East,1,61.03,0.1,54.92,44.34,10.58
101483,2024-05-29,Aero Laptop 16,Electronics,East,3,1263.56,0.05,3601.15,2343.46,1257.69
103023,2024-05-29,Sharp Whiteboard,Office Supplies,North,1,65.25,0.0,65.25,45.68,19.57
103284,2024-05-29,Comfy Standing Desk,Furniture,East,3,430.42,0.1,1162.15,945.76,216.39
103395,2024-05-29,Buzz Wireless Earbuds,Electronics,Central,1,83.03,0.0,83.03,60.77,22.26
100296,2024-05-30,Buzz Bluetooth Speaker,Electronics,Central,1,57.8,0.0,57.8,32.51,25.29
101047,2024-05-30,Vivid Webcam HD,Electronics,North,1,46.23,0.0,46.23,28.63,17.6
101205,2024-05-30,Vivid Webcam HD,Electronics,East,2,46.13,0.1,83.03,58.13,24.9
103444,2024-05-30,Comfy Bookshelf,Furniture,East,1,159.2,0.0,159.2,101.69,57.51
103514,2024-05-30,Vivid Webcam HD,Electronics,West,1,43.15,0.0,43.15,31.34,11.81
102685,2024-05-31,Aero Laptop 14,Electronics,Central,2,984.94,0.0,1969.88,1106.01,863.87
102831,2024-05-31,Comfy Office Chair,Furniture,North,1,204.74,0.15,174.03,126.78,47.25
103135,2024-05-31,Aero Laptop 14,Electronics,North,2,926.69,0.15,1575.38,1151.87,423.51
103231,2024-05-31,Aero Laptop 16,Electronics,North,3,1337.99,0.0,4013.96,2443.52,1570.44
100302,2024-06-01,Comfy Bookshelf,Furniture,East,4,143.56,0.0,574.25,419.61,154.64
101401,2024-06-01,Comfy Office Chair,Furniture,North,3,205.05,0.1,553.64,451.59,102.05
101641,2024-06-01,Comfy Office Chair,Furniture,West,1,210.5,0.0,210.5,118.61,91.89
102722,2024-06-01,Vivid Webcam HD,Electronics,North,3,43.92,0.0,131.76,77.54,54.22
102799,2024-06-01,Buzz Wireless Earbuds,Electronics,East,1,80.91,0.0,80.91,53.04,27.87
102952,2024-06-01,Aero Laptop 16,Electronics,Central,1,1205.03,0.0,1205.03,899.07,305.96
100886,2024-06-02,Aero Laptop 16,Electronics,West,2,1226.45,0.0,2452.89,1770.71,682.18
101614,2024-06-02,Comfy Standing Desk,Furniture,North,1,391.17,0.0,391.17,292.73,98.44
102263,2024-06-02,Sharp Whiteboard,Office Supplies,West,1,64.22,0.0,64.22,35.94,28.28
103198,2024-06-02,Sharp Whiteboard,Office Supplies,Central,1,68.53,0.1,61.68,43.19,18.49
103515,2024-06-02,Aero Laptop 14,Electronics,Central,1,938.65,0.0,938.65,641.27,297.38
101805,2024-06-03,Comfy Office Chair,Furniture,Central,1,221.79,0.0,221.79,127.39,94.4
102077,2024-06-03,Vivid Monitor 27in,Electronics,Central,2,282.52,0.0,565.05,380.53,184.52
102699,2024-06-03,Comfy Office Chair,Furniture,West,5,233.84,0.0,1169.22,661.3,507.92
102579,2024-06-04,Buzz Bluetooth Speaker,Electronics,East,3,63.76,0.0,191.27,105.68,85.59
100251,2024-06-05,Vivid Webcam HD,Electronics,East,1,47.47,0.0,47.47,33.6,13.87
100544,2024-06-05,Buzz Bluetooth Speaker,Electronics,South,1,57.46,0.0,57.46,36.26,21.2
100161,2024-06-06,Sharp Notebook Set,Office Supplies,East,1,11.45,0.05,10.87,7.03,3.84
100661,2024-06-06,Buzz Bluetooth Speaker,Electronics,East,1,56.8,0.0,56.8,39.3,17.5
101715,2024-06-06,Vivid Webcam HD,Electronics,Central,1,46.56,0.0,46.56,27.16,19.4
102146,2024-06-06,Comfy Office Chair,Furniture,Central,2,226.5,0.0,453.0,337.54,115.46
103505,2024-06-06,Sharp Whiteboard,Office Supplies,Central,2,60.33,0.0,120.67,67.91,52.76
100824,2024-06-07,Sharp Pen Pack,Office Supplies,Central,1,7.39,0.0,7.39,4.86,2.53
100868,2024-06-07,Vivid Webcam HD,Electronics,Central,2,44.29,0.0,88.59,64.26,24.33
101797,2024-06-07,Aero Laptop 16,Electronics,Central,3,1212.02,0.05,3454.26,2598.68,855.58
102427,2024-06-07,Comfy Standing Desk,Furniture,North,4,381.69,0.0,1526.74,1042.47,484.27
103008,2024-06-07,Vivid Webcam HD,Electronics,West,4,42.08,0.0,168.34,119.23,49.11
101789,2024-06-08,Vivid Webcam HD,Electronics,West,2,46.17,0.1,83.11,59.11,24.0
102385,2024-06-08,Buzz Bluetooth Speaker,Electronics,East,2,58.76,0.15,99.89,70.11,29.78
103592,2024-06-08,Comfy Office Chair,Furniture,West,2,226.65,0.0,453.29,284.7,168.59
100705,2024-06-09,Aero Laptop 14,Electronics,West,1,1020.16,0.05,969.16,660.72,308.44
101417,2024-06-09,Sharp Pen Pack,Office Supplies,Central,1,7.56,0.0,7.56,5.24,2.32
101826,2024-06-09,Vivid Monitor 27in,Electronics,South,2,267.44,0.0,534.89,393.35,141.54
100519,2024-06-10,Buzz Wireless Earbuds,Electronics,North,1,77.57,0.0,77.57,50.49,27.08
101318,2024-06-10,Comfy Standing Desk,Furniture,North,1,415.61,0.0,415.61,283.23,132.38
101395,2024-06-10,Vivid Webcam HD,Electronics,West,2,41.52,0.0,83.04,51.24,31.8
101574,2024-06-10,Buzz Wireless Earbuds,Electronics,North,1,85.4,0.0,85.4,56.0,29.4
102154,2024-06-10,Vivid Webcam HD,Electronics,Central,1,42.19,0.0,42.19,23.91,18.28
102752,2024-06-10,Comfy Office Chair,Furniture,South,2,213.86,0.05,406.33,249.97,156.36
103295,2024-06-10,Buzz Bluetooth Speaker,Electronics,South,1,62.51,0.0,62.51,46.28,16.23
100243,2024-06-11,Buzz Wireless Earbuds,Electronics,Central,1,73.63,0.0,73.63,45.53,28.1
100298,2024-06-12,Vivid Monitor 27in,Electronics,North,3,301.85,0.0,905.54,637.64,267.9
102004,2024-06-12,Comfy Bookshelf,Furniture,Central,3,155.96,0.0,467.87,310.2,157.67
102428,2024-06-12,Sharp Whiteboard,Office Supplies,South,3,59.94,0.1,161.84,112.8,49.04
102712,2024-06-12,Aero Laptop 14,Electronics,East,2,1022.06,0.05,1941.91,1154.28,787.63
103469,2024-06-12,Buzz Bluetooth Speaker,Electronics,West,2,56.06,0.0,112.13,66.87,45.26
100916,2024-06-13,Aero Laptop 16,Electronics,North,2,1252.05,0.0,2504.11,1873.91,630.2
101392,2024-06-13,Aero Laptop 14,Electronics,North,1,932.6,0.1,839.34,678.9,160.44
100359,2024-06-14,Aero Laptop 14,Electronics,Central,2,895.22,0.0,1790.44,1257.56,532.88
100561,2024-06-14,Buzz Wireless Earbuds,Electronics,Central,3,75.16,0.0,225.47,164.55,60.92
101463,2024-06-14,Comfy Bookshelf,Furniture,West,2,151.81,0.0,303.63,207.08,96.55
102467,2024-06-14,Comfy Bookshelf,Furniture,West,1,138.85,0.0,138.85,103.82,35.03
103163,2024-06-14,Comfy Bookshelf,Furniture,North,1,138.01,0.05,131.11,84.6,46.51
103363,2024-06-14,Buzz Bluetooth Speaker,Electronics,Central,4,63.3,0.0,253.2,157.78,95.42
100282,2024-06-15,Sharp Pen Pack,Office Supplies,North,2,7.79,0.15,13.24,11.24,2.0
101000,2024-06-15,Vivid Monitor 27in,Electronics,South,3,281.83,0.0,845.5,588.58,256.92
101858,2024-06-15,Sharp Whiteboard,Office Supplies,East,4,63.18,0.0,252.7,143.69,109.01
102182,2024-06-15,Sharp Pen Pack,Office Supplies,West,3,7.66,0.0,22.97,15.21,7.76
103025,2024-06-15,Sharp Whiteboard,Office Supplies,South,1,61.6,0.0,61.6,35.92,25.68
103409,2024-06-15,Aero Laptop 14,Electronics,West,1,989.42,0.0,989.42,550.31,439.11
100420,2024-06-16,Comfy Standing Desk,Furniture,West,2,421.51,0.0,843.02,486.09,356.93
101642,2024-06-16,Comfy Bookshelf,Furniture,South,1,161.65,0.0,161.65,114.08,47.57
101827,2024-06-16,Vivid Webcam HD,Electronics,North,3,43.32,0.0,129.95,87.67,42.28
102553,2024-06-16,Comfy Bookshelf,Furniture,South,2,152.7,0.1,274.87,174.76,100.11
103236,2024-06-16,Comfy Bookshelf,Furniture,Central,2,160.9,0.1,289.63,229.56,60.07
103333,2024-06-16,Buzz Wireless Earbuds,Electronics,Central,2,85.02,0.0,170.04,115.08,54.96
100486,2024-06-17,Comfy Office Chair,Furniture,North,3,212.89,0.0,638.67,371.05,267.62
100999,2024-06-17,Buzz Bluetooth Speaker,Electronics,South,4,55.91,0.1,201.28,160.92,40.36
101158,2024-06-17,Vivid Webcam HD,Electronics,South,3,45.27,0.0,135.8,96.72,39.08
102588,2024-06-17,Comfy Standing Desk,Furniture,East,3,392.73,0.15,1001.47,752.66,248.81
102636,2024-06-17,Comfy Standing Desk,Furniture,Central,1,400.91,0.0,400.91,279.03,121.88
100109,2024-06-18,Sharp Pen Pack,Office Supplies,South,3,7.37,0.0,22.1,12.37,9.73
101674,2024-06-18,Aero Laptop 16,Electronics,West,2,1239.33,0.0,2478.65,1504.25,974.4
101890,2024-06-18,Buzz Bluetooth Speaker,Electronics,East,1,63.76,0.0,63.76,42.2,21.56
103588,2024-06-18,Aero Laptop 16,Electronics,South,1,1389.07,0.0,1389.07,904.08,484.99
100309,2024-06-19,Sharp Pen Pack,Office Supplies,North,2,8.27,0.1,14.89,11.52,3.37
100900,2024-06-19,Comfy Office Chair,Furniture,Central,1,220.38,0.0,220.38,155.02,65.36
101803,2024-06-19,Sharp Whiteboard,Office Supplies,East,4,66.95,0.0,267.8,175.36,92.44
102150,2024-06-19,Aero Laptop 16,Electronics,East,2,1392.33,0.1,2506.2,1670.19,836.01
100023,2024-06-20,Vivid Webcam HD,Electronics,West,4,45.38,0.0,181.52,135.43,46.09
100666,2024-06-20,Sharp Notebook Set,Office Supplies,West,1,11.51,0.1,10.35,7.53,2.82
102108,2024-06-20,Aero Laptop 16,Electronics,South,3,1391.72,0.0,4175.16,3126.05,1049.11
102655,2024-06-20,Sharp Pen Pack,Office Supplies,North,3,8.38,0.0,25.15,14.1,11.05
102816,2024-06-20,Sharp Whiteboard,Office Supplies,West,6,61.42,0.0,368.51,237.78,130.73
100044,2024-06-21,Aero Laptop 16,Electronics,North,1,1220.71,0.0,1220.71,829.89,390.82
100170,2024-06-21,Buzz Bluetooth Speaker,Electronics,South,2,57.75,0.0,115.51,66.47,49.04
100212,2024-06-21,Comfy Bookshelf,Furniture,West,3,148.8,0.0,446.39,256.25,190.14
102230,2024-06-21,Comfy Standing Desk,Furniture,South,2,413.79,0.0,827.58,494.68,332.9
102436,2024-06-21,Sharp Notebook Set,Office Supplies,West,2,12.66,0.0,25.32,16.05,9.27
102913,2024-06-21,Aero Laptop 16,Electronics,South,1,1242.6,0.0,1242.6,906.21,336.39
103084,2024-06-21,Buzz Bluetooth Speaker,Electronics,North,2,60.81,0.1,109.46,81.41,28.05
100872,2024-06-22,Aero Laptop 16,Electronics,North,3,1308.56,0.0,3925.68,2179.84,1745.84
101773,2024-06-22,Comfy Bookshelf,Furniture,East,7,141.34,0.0,989.35,620.3,369.05
102003,2024-06-22,Sharp Pen Pack,Office Supplies,West,1,8.37,0.0,8.37,5.18,3.19
102162,2024-06-22,Comfy Standing Desk,Furniture,East,4,427.1,0.0,1708.41,1149.97,558.44
103035,2024-06-22,Vivid Webcam HD,Electronics,North,2,48.22,0.0,96.45,61.64,34.81
100960,2024-06-23,Vivid Monitor 27in,Electronics,West,1,273.15,0.0,273.15,151.16,121.99
101808,2024-06-23,Buzz Bluetooth Speaker,Electronics,South,3,60.36,0.0,181.07,135.61,45.46
102397,2024-06-23,Comfy Standing Desk,Furniture,East,2,430.52,0.05,817.98,643.88,174.1
101049,2024-06-24,Comfy Bookshelf,Furniture,South,3,139.48,0.0,418.44,270.8,147.64
101054,2024-06-24,Comfy Office Chair,Furniture,South,2,205.99,0.0,411.98,283.98,128.0
101106,2024-06-24,Vivid Webcam HD,Electronics,Central,4,46.87,0.0,187.46,128.34,59.12
101786,2024-06-24,Comfy Office Chair,Furniture,South,1,216.01,0.05,205.21,135.51,69.7
103182,2024-06-24,Buzz Wireless Earbuds,Electronics,East,2,79.41,0.0,158.82,88.41,70.41
100466,2024-06-25,Sharp Notebook Set,Office Supplies,West,2,12.56,0.1,22.62,16.95,5.67
100657,2024-06-25,Vivid Monitor 27in,Electronics,West,4,288.57,0.1,1038.85,831.18,207.67
101397,2024-06-25,Aero Laptop 16,Electronics,East,3,1282.89,0.05,3656.23,2251.34,1404.89
102051,2024-06-25,Sharp Notebook Set,Office Supplies,North,2,12.03,0.0,24.05,15.71,8.34
102096,2024-06-25,Sharp Whiteboard,Office Supplies,South,1,70.07,0.0,70.07,46.74,23.33
102490,2024-06-25,Buzz Wireless Earbuds,Electronics,North,2,74.02,0.15,125.84,96.28,29.56
101086,2024-06-26,Comfy Office Chair,Furniture,West,1,214.28,0.0,214.28,121.48,92.8
102834,2024-06-26,Aero Laptop 14,Electronics,South,1,1025.32,0.0,1025.32,699.71,325.61
100077,2024-06-27,Comfy Standing Desk,Furniture,Central,3,415.29,0.0,1245.86,688.49,557.37
100410,2024-06-27,Comfy Bookshelf,Furniture,Central,1,157.67,0.05,149.79,111.56,38.23
100994,2024-06-27,Comfy Office Chair,Furniture,Central,3,223.86,0.0,671.57,433.02,238.55
101206,2024-06-27,Sharp Notebook Set,Office Supplies,West,2,12.03,0.0,24.06,15.21,8.85
101468,2024-06-27,Sharp Pen Pack,Office Supplies,Central,4,8.14,0.1,29.3,23.66,5.64
101764,2024-06-27,Sharp Pen Pack,Office Supplies,North,1,7.67,0.0,7.67,4.73,2.94
100874,2024-06-28,Sharp Notebook Set,Office Supplies,East,4,12.74,0.0,50.95,32.39,18.56
100988,2024-06-28,Comfy Standing Desk,Furniture,East,1,414.11,0.0,414.11,236.42,177.69
101024,2024-06-28,Buzz Bluetooth Speaker,Electronics,East,1,61.42,0.1,55.28,35.67,19.61
101212,2024-06-28,Sharp Pen Pack,Office Supplies,East,1,8.34,0.0,8.34,5.99,2.35
101387,2024-06-28,Sharp Pen Pack,Office Supplies,Central,3,7.57,0.0,22.7,14.94,7.76
101563,2024-06-28,Vivid Webcam HD,Electronics,South,3,45.01,0.0,135.03,90.91,44.12
101576,2024-06-28,Buzz Bluetooth Speaker,Electronics,Central,2,58.69,0.0,117.38,78.68,38.7
102104,2024-06-28,Buzz Wireless Earbuds,Electronics,West,1,86.11,0.0,86.11,52.26,33.85
102768,2024-06-28,Comfy Bookshelf,Furniture,Central,1,161.5,0.0,161.5,92.34,69.16
103257,2024-06-28,Comfy Office Chair,Furniture,East,3,208.17,0.0,624.5,385.13,239.37
100334,2024-06-29,Sharp Notebook Set,Office Supplies,South,1,12.09,0.15,10.28,8.26,2.02
100689,2024-06-29,Comfy Office Chair,Furniture,West,1,211.85,0.0,211.85,139.13,72.72
102641,2024-06-29,Comfy Bookshelf,Furniture,South,2,138.27,0.0,276.54,201.84,74.7
102677,2024-06-29,Vivid Webcam HD,Electronics,Central,3,44.08,0.0,132.25,78.89,53.36
102932,2024-06-29,Vivid Monitor 27in,Electronics,South,2,279.61,0.0,559.21,311.72,247.49
100192,2024-06-30,Vivid Webcam HD,Electronics,East,3,43.44,0.0,130.31,72.61,57.7
100448,2024-06-30,Buzz Wireless Earbuds,Electronics,South,1,83.94,0.0,83.94,55.61,28.33
101179,2024-06-30,Buzz Wireless Earbuds,Electronics,South,4,79.87,0.0,319.47,181.44,138.03
101399,2024-06-30,Comfy Office Chair,Furniture,South,3,222.66,0.0,667.97,459.59,208.38
102105,2024-06-30,Buzz Wireless Earbuds,Electronics,North,2,74.64,0.0,149.27,98.89,50.38
102293,2024-07-01,Sharp Pen Pack,Office Supplies,,2,8.19,0.1,14.74,11.99,2.75
102354,2024-07-01,Sharp Whiteboard,Office Supplies,North,1,64.98,0.1,58.49,43.77,14.72
102691,2024-07-01,Comfy Office Chair,Furniture,South,2,205.46,0.0,410.93,258.4,152.53
103271,2024-07-01,Comfy Standing Desk,Furniture,Central,3,399.32,0.0,1197.96,803.5,394.46
100016,2024-07-02,Vivid Monitor 27in,Electronics,Central,4,293.37,0.0,1173.46,764.68,408.78
102742,2024-07-02,Buzz Bluetooth Speaker,Electronics,Central,2,58.75,0.0,117.5,65.11,52.39
102749,2024-07-02,Vivid Webcam HD,Electronics,South,3,46.75,0.15,119.21,97.06,22.15
102838,2024-07-02,Comfy Office Chair,Furniture,West,2,215.01,0.15,365.51,269.52,95.99
103105,2024-07-02,Sharp Whiteboard,Office Supplies,West,1,61.43,0.0,61.43,38.58,22.85
101646,2024-07-03,Comfy Bookshelf,Furniture,Central,3,140.45,0.1,379.22,284.85,94.37
102216,2024-07-03,Buzz Wireless Earbuds,Electronics,North,2,79.47,0.0,158.94,103.76,55.18
103131,2024-07-03,Sharp Notebook Set,Office Supplies,South,3,11.82,0.0,35.47,23.58,11.89
100182,2024-07-04,Sharp Notebook Set,Office Supplies,South,2,11.81,0.05,22.44,13.96,8.48
100623,2024-07-04,Sharp Pen Pack,Office Supplies,Central,1,7.49,0.0,7.49,4.42,3.07
100651,2024-07-04,Aero Laptop 16,Electronics,North,1,1203.86,0.0,1203.86,725.33,478.53
100699,2024-07-04,Vivid Monitor 27in,Electronics,West,2,270.13,0.0,540.25,366.21,174.04
101033,2024-07-04,Sharp Pen Pack,Office Supplies,East,1,8.24,0.0,8.24,5.52,2.72
102457,2024-07-04,Comfy Standing Desk,Furniture,West,3,406.89,0.0,1220.66,872.1,348.56
102796,2024-07-04,Sharp Notebook Set,Office Supplies,Central,4,11.61,0.0,46.44,29.95,16.49
102945,2024-07-04,Buzz Bluetooth Speaker,Electronics,Central,2,57.39,0.1,103.3,75.13,28.17
103005,2024-07-04,Vivid Monitor 27in,Electronics,West,1,260.96,0.0,260.96,154.99,105.97
103038,2024-07-04,Sharp Notebook Set,Office Supplies,North,2,11.83,0.0,23.66,15.46,8.2
103080,2024-07-04,Comfy Office Chair,Furniture,North,3,230.71,0.05,657.53,466.35,191.18
103272,2024-07-04,Sharp Pen Pack,Office Supplies,West,1,7.62,0.0,7.62,4.55,3.07
100336,2024-07-05,Sharp Pen Pack,Office Supplies,North,5,8.47,0.0,42.37,31.52,10.85
100404,2024-07-05,Buzz Bluetooth Speaker,Electronics,South,2,60.02,0.0,120.05,73.59,46.46
100668,2024-07-05,Comfy Standing Desk,Furniture,North,1,383.17,0.1,344.85,263.56,81.29
101527,2024-07-05,Comfy Standing Desk,Furniture,East,3,398.5,0.0,1195.49,836.56,358.93
101986,2024-07-05,Vivid Monitor 27in,Electronics,North,4,281.57,0.0,1126.3,777.17,349.13
103113,2024-07-05,Sharp Notebook Set,Office Supplies,West,4,11.31,0.0,45.23,33.79,11.44
103424,2024-07-05,Comfy Office Chair,Furniture,South,1,230.2,0.0,230.2,151.63,78.57
100185,2024-07-06,Sharp Pen Pack,Office Supplies,South,3,7.49,0.0,22.48,15.52,6.96
100539,2024-07-06,Sharp Notebook Set,Office Supplies,East,3,12.03,0.0,36.08,22.9,13.18
101545,2024-07-06,Comfy Standing Desk,Furniture,East,2,417.21,0.0,834.42,578.84,255.58
100324,2024-07-07,Aero Laptop 16,Electronics,East,1,1388.41,0.0,1388.41,778.73,609.68
101356,2024-07-07,Vivid Webcam HD,Electronics,West,2,43.29,0.0,86.57,49.73,36.84
102737,2024-07-07,Aero Laptop 14,Electronics,Central,3,960.34,0.0,2881.03,2025.16,855.87
103156,2024-07-07,Aero Laptop 16,Electronics,North,1,1210.88,0.0,1210.88,670.67,540.21
101307,2024-07-08,Vivid Monitor 27in,Electronics,East,5,299.05,0.0,1495.27,874.17,621.1
101377,2024-07-08,Sharp Pen Pack,Office Supplies,Central,1,8.49,0.05,8.06,4.99,3.07
102161,2024-07-08,Buzz Bluetooth Speaker,Electronics,East,2,60.31,0.1,108.57,69.29,39.28
103115,2024-07-08,Comfy Bookshelf,Furniture,North,1,148.17,0.0,148.17,105.65,42.52
103574,2024-07-08,Vivid Monitor 27in,Electronics,South,1,292.74,0.0,292.74,213.72,79.02
100024,2024-07-09,Comfy Office Chair,Furniture,East,1,215.52,0.0,215.52,154.92,60.6
100045,2024-07-09,Vivid Webcam HD,Electronics,Central,3,48.38,0.0,145.15,105.7,39.45
100638,2024-07-09,Sharp Pen Pack,Office Supplies,Central,1,7.57,0.0,7.57,5.36,2.21
101485,2024-07-09,Sharp Pen Pack,Office Supplies,North,3,8.51,0.0,25.53,17.67,7.86
101504,2024-07-09,Aero Laptop 16,Electronics,North,3,1336.12,0.0,4008.35,2571.19,1437.16
102866,2024-07-09,Comfy Bookshelf,Furniture,North,1,141.63,0.1,127.47,83.23,44.24
102927,2024-07-09,Comfy Bookshelf,Furniture,East,3,158.22,0.1,427.18,355.61,71.57
101077,2024-07-10,Buzz Bluetooth Speaker,Electronics,West,2,60.54,0.0,121.09,76.1,44.99
101122,2024-07-10,Comfy Office Chair,Furniture,South,1,211.47,0.05,200.9,120.33,80.57
101900,2024-07-10,Aero Laptop 16,Electronics,West,4,1366.0,0.0,5463.99,3468.48,1995.51
102880,2024-07-10,Buzz Wireless Earbuds,Electronics,North,1,81.74,0.1,73.56,48.28,25.28
103056,2024-07-10,Vivid Webcam HD,Electronics,West,2,48.4,0.15,82.27,58.23,24.04
103064,2024-07-10,Sharp Notebook Set,Office Supplies,Central,5,11.34,0.0,56.68,34.79,21.89
103072,2024-07-10,Vivid Monitor 27in,Electronics,East,3,274.55,0.0,823.64,532.29,291.35
100393,2024-07-11,Sharp Whiteboard,Office Supplies,West,2,65.96,0.0,131.92,82.18,49.74
100971,2024-07-11,Comfy Bookshelf,Furniture,West,2,152.94,0.0,305.89,215.31,90.58
101006,2024-07-11,Sharp Whiteboard,Office Supplies,North,3,64.54,0.0,193.62,131.04,62.58
101552,2024-07-11,Sharp Whiteboard,Office Supplies,East,1,63.13,0.0,63.13,39.86,23.27
101632,2024-07-11,Vivid Webcam HD,Electronics,Central,1,47.42,0.0,47.42,29.32,18.1
102390,2024-07-11,Buzz Wireless Earbuds,Electronics,West,2,77.88,0.0,155.76,86.04,69.72
102706,2024-07-11,Buzz Bluetooth Speaker,Electronics,North,1,56.24,0.0,56.24,38.92,17.32
102791,2024-07-11,Aero Laptop 16,Electronics,Central,1,1214.14,0.0,1214.14,867.44,346.7
102944,2024-07-11,Buzz Wireless Earbuds,Electronics,North,3,74.79,0.1,201.94,156.75,45.19
103484,2024-07-11,Buzz Wireless Earbuds,Electronics,South,1,75.88,0.05,72.09,53.42,18.67
103546,2024-07-11,Buzz Wireless Earbuds,Electronics,North,1,79.26,0.0,79.26,55.78,23.48
100042,2024-07-12,Comfy Office Chair,Furniture,Central,2,233.39,0.0,466.78,341.47,125.31
102707,2024-07-12,Sharp Notebook Set,Office Supplies,Central,2,11.21,0.0,22.42,15.49,6.93
101432,2024-07-13,Sharp Pen Pack,Office Supplies,West,3,8.03,0.0,24.1,17.4,6.7
101583,2024-07-13,Sharp Whiteboard,Office Supplies,North,1,63.72,0.0,63.72,44.84,18.88
102938,2024-07-13,Sharp Pen Pack,Office Supplies,South,5,8.33,0.0,41.64,23.79,17.85
101107,2024-07-14,Aero Laptop 14,Electronics,Central,2,1025.21,0.0,2050.42,1425.44,624.98
101281,2024-07-14,Buzz Bluetooth Speaker,Electronics,East,2,61.67,0.0,123.34,79.04,44.3
101419,2024-07-14,Vivid Webcam HD,Electronics,South,1,48.11,0.0,48.11,26.88,21.23
101856,2024-07-14,Comfy Bookshelf,Furniture,West,1,151.9,0.15,129.11,96.23,32.88
101874,2024-07-14,Sharp Pen Pack,Office Supplies,North,1,7.95,0.0,7.95,5.89,2.06
102310,2024-07-14,Buzz Wireless Earbuds,Electronics,South,1,84.26,0.0,84.26,60.78,23.48
102621,2024-07-14,Vivid Webcam HD,Electronics,South,2,45.84,0.0,91.68,66.78,24.9
102826,2024-07-14,Aero Laptop 16,Electronics,West,1,1380.61,0.0,1380.61,983.8,396.81
103397,2024-07-14,Comfy Office Chair,Furniture,East,1,218.27,0.0,218.27,126.43,91.84
103492,2024-07-14,Buzz Bluetooth Speaker,Electronics,North,1,57.25,0.0,57.25,31.81,25.44
100716,2024-07-15,Buzz Wireless Earbuds,Electronics,South,2,73.91,0.0,147.81,91.13,56.68
101134,2024-07-15,Sharp Pen Pack,Office Supplies,South,1,7.81,0.0,7.81,4.34,3.47
102607,2024-07-15,Comfy Office Chair,Furniture,South,3,232.38,0.05,662.27,468.64,193.63
103039,2024-07-15,Vivid Webcam HD,Electronics,West,3,43.12,0.05,122.89,94.2,28.69
103102,2024-07-15,Buzz Bluetooth Speaker,Electronics,North,1,62.52,0.0,62.52,43.79,18.73
103443,2024-07-15,Comfy Office Chair,Furniture,North,1,220.56,0.0,220.56,159.9,60.66
103549,2024-07-15,Vivid Webcam HD,Electronics,West,3,42.45,0.0,127.36,88.54,38.82
101848,2024-07-16,Comfy Standing Desk,Furniture,South,1,387.31,0.05,367.95,265.95,102.0
103111,2024-07-16,Aero Laptop 16,Electronics,,2,1229.29,0.0,2458.58,1492.64,965.94
101252,2024-07-17,Buzz Wireless Earbuds,Electronics,North,4,78.63,0.0,314.51,225.37,89.14
102191,2024-07-17,Aero Laptop 16,Electronics,Central,4,1277.79,0.05,4855.62,3145.01,1710.61
103618,2024-07-17,Sharp Whiteboard,Office Supplies,Central,3,60.39,0.1,163.05,107.5,55.55
101425,2024-07-18,Comfy Bookshelf,Furniture,Central,5,145.6,0.1,655.21,515.43,139.78
101653,2024-07-18,Sharp Whiteboard,Office Supplies,West,1,67.42,0.0,67.42,40.66,26.76
101782,2024-07-18,Vivid Webcam HD,Electronics,,3,47.53,0.0,142.58,82.44,60.14
101992,2024-07-18,Comfy Bookshelf,Furniture,East,1,160.4,0.0,160.4,99.94,60.46
102536,2024-07-18,Sharp Notebook Set,Office Supplies,East,1,12.19,0.1,10.97,8.96,2.01
102862,2024-07-18,Aero Laptop 16,Electronics,South,2,1198.51,0.05,2277.16,1659.83,617.33
103489,2024-07-18,Vivid Webcam HD,Electronics,North,5,47.31,0.0,236.54,150.26,86.28
100917,2024-07-19,Vivid Monitor 27in,Electronics,South,4,291.69,0.15,991.74,683.82,307.92
101460,2024-07-19,Buzz Bluetooth Speaker,Electronics,Central,2,61.48,0.0,122.96,82.29,40.67
103128,2024-07-19,Aero Laptop 16,Electronics,West,1,1197.86,0.15,1018.19,692.13,326.06
103166,2024-07-19,Sharp Pen Pack,Office Supplies,South,4,8.41,0.0,33.65,23.25,10.4
101152,2024-07-20,Comfy Standing Desk,Furniture,Central,1,377.95,0.0,377.95,238.89,139.06
101348,2024-07-20,Comfy Bookshelf,Furniture,East,1,153.69,0.0,153.69,108.38,45.31
100046,2024-07-21,Vivid Webcam HD,Electronics,North,4,44.67,0.0,178.69,119.16,59.53
100987,2024-07-21,Comfy Office Chair,Furniture,South,2,233.8,0.0,467.6,327.17,140.43
101052,2024-07-21,Comfy Office Chair,Furniture,East,2,223.75,0.05,425.12,326.82,98.3
101128,2024-07-21,Comfy Standing Desk,Furniture,Central,3,410.16,0.0,1230.47,863.06,367.41
101238,2024-07-21,Sharp Pen Pack,Office Supplies,East,2,7.77,0.15,13.2,9.02,4.18
103509,2024-07-21,Comfy Standing Desk,Furniture,South,4,439.91,0.0,1759.63,1295.18,464.45
100603,2024-07-22,Vivid Monitor 27in,Electronics,Central,4,296.73,0.0,1186.91,863.74,323.17
101011,2024-07-22,Buzz Wireless Earbuds,Electronics,South,1,77.45,0.0,77.45,54.9,22.55
102114,2024-07-22,Comfy Standing Desk,Furniture,West,2,384.84,0.1,692.72,553.98,138.74
102915,2024-07-22,Vivid Webcam HD,Electronics,East,2,43.57,0.05,82.79,56.56,26.23
100595,2024-07-23,Comfy Office Chair,Furniture,,1,226.51,0.0,226.51,140.89,85.62
101728,2024-07-23,Aero Laptop 14,Electronics,North,2,923.07,0.0,1846.14,1363.08,483.06
102122,2024-07-23,Comfy Office Chair,Furniture,Central,1,236.66,0.0,236.66,161.59,75.07
102759,2024-07-23,Comfy Bookshelf,Furniture,Central,2,150.04,0.0,300.08,185.01,115.07
100122,2024-07-24,Comfy Bookshelf,Furniture,Central,2,149.8,0.0,299.6,199.65,99.95
102801,2024-07-24,Sharp Notebook Set,Office Supplies,North,3,12.54,0.0,37.63,22.52,15.11
103308,2024-07-24,Comfy Bookshelf,Furniture,North,1,152.96,0.0,152.96,94.47,58.49
100319,2024-07-25,Buzz Bluetooth Speaker,Electronics,Central,4,57.29,0.0,229.14,138.13,91.01
100328,2024-07-25,Comfy Office Chair,Furniture,,1,236.73,0.05,224.9,170.57,54.33
102221,2024-07-25,Buzz Bluetooth Speaker,Electronics,East,5,63.76,0.0,318.8,230.1,88.7
103316,2024-07-25,Aero Laptop 14,Electronics,West,2,880.29,0.0,1760.57,1059.57,701.0
102124,2024-07-26,Comfy Office Chair,Furniture,South,1,222.55,0.05,211.43,156.52,54.91
103372,2024-07-26,Sharp Notebook Set,Office Supplies,South,2,11.83,0.05,22.48,15.12,7.36
103626,2024-07-26,Sharp Whiteboard,Office Supplies,North,2,61.26,0.0,122.52,68.57,53.95
100358,2024-07-27,Comfy Standing Desk,Furniture,North,1,430.05,0.0,430.05,254.51,175.54
100893,2024-07-27,Vivid Monitor 27in,Electronics,East,2,268.99,0.0,537.97,399.83,138.14
101478,2024-07-27,Buzz Wireless Earbuds,Electronics,Central,2,85.41,0.0,170.82,111.25,59.57
101650,2024-07-27,Comfy Office Chair,Furniture,West,3,216.25,0.0,648.74,476.35,172.39
101746,2024-07-27,Sharp Notebook Set,Office Supplies,North,1,11.35,0.0,11.35,7.81,3.54
102039,2024-07-27,Sharp Pen Pack,Office Supplies,North,3,7.61,0.15,19.41,15.51,3.9
103547,2024-07-27,Vivid Webcam HD,Electronics,East,5,43.89,0.05,208.47,155.08,53.39
100879,2024-07-28,Buzz Bluetooth Speaker,Electronics,East,2,61.1,0.0,122.2,88.7,33.5
102787,2024-07-28,Sharp Notebook Set,Office Supplies,North,1,12.64,0.0,12.64,7.14,5.5
102876,2024-07-28,Vivid Monitor 27in,Electronics,Central,3,276.65,0.05,788.46,592.68,195.78
103314,2024-07-28,Buzz Wireless Earbuds,Electronics,East,1,81.78,0.0,81.78,47.41,34.37
103365,2024-07-28,Vivid Monitor 27in,Electronics,West,4,281.03,0.15,955.49,699.56,255.93
103452,2024-07-28,Aero Laptop 14,Electronics,South,2,964.34,0.15,1639.37,1440.72,198.65
103524,2024-07-28,Vivid Webcam HD,Electronics,North,2,43.66,0.0,87.32,65.42,21.9
100350,2024-07-29,Buzz Wireless Earbuds,Electronics,North,1,85.65,0.05,81.37,55.03,26.34
101034,2024-07-29,Sharp Pen Pack,Office Supplies,East,2,8.57,0.0,17.15,12.44,4.71
101470,2024-07-29,Comfy Office Chair,Furniture,South,1,210.74,0.05,200.21,126.03,74.18
101282,2024-07-30,Aero Laptop 16,Electronics,Central,1,1299.85,0.0,1299.85,966.63,333.22
101662,2024-07-30,Aero Laptop 14,Electronics,West,2,982.11,0.0,1964.21,1125.68,838.53
101669,2024-07-30,Buzz Bluetooth Speaker,Electronics,West,1,61.62,0.05,58.54,38.26,20.28
102029,2024-07-30,Vivid Webcam HD,Electronics,East,3,43.7,0.05,124.55,74.85,49.7
102169,2024-07-30,Vivid Monitor 27in,Electronics,Central,1,279.12,0.0,279.12,189.98,89.14
100481,2024-07-31,Aero Laptop 16,Electronics,Central,1,1289.41,0.0,1289.41,856.4,433.01
100653,2024-07-31,Buzz Bluetooth Speaker,Electronics,South,1,59.07,0.0,59.07,40.73,18.34
100974,2024-07-31,Vivid Webcam HD,Electronics,South,1,47.23,0.0,47.23,34.94,12.29
103157,2024-07-31,Buzz Wireless Earbuds,Electronics,Central,1,75.93,0.0,75.93,44.78,31.15
100199,2024-08-01,Sharp Notebook Set,Office Supplies,West,1,11.53,0.1,10.38,7.63,2.75
100635,2024-08-01,Sharp Notebook Set,Office Supplies,West,3,12.83,0.0,38.5,22.41,16.09
101271,2024-08-01,Comfy Bookshelf,Furniture,Central,2,159.34,0.0,318.68,218.52,100.16
101280,2024-08-01,Sharp Whiteboard,Office Supplies,East,2,69.09,0.15,117.44,81.01,36.43
101501,2024-08-01,Aero Laptop 16,Electronics,Central,1,1279.76,0.1,1151.79,778.89,372.9
101621,2024-08-01,Comfy Standing Desk,Furniture,North,3,440.79,0.05,1256.26,925.97,330.29
101644,2024-08-01,Aero Laptop 16,Electronics,West,3,1214.44,0.0,3643.31,2066.27,1577.04
101723,2024-08-01,Buzz Bluetooth Speaker,Electronics,North,3,64.17,0.05,182.89,108.03,74.86
102795,2024-08-01,Comfy Office Chair,Furniture,West,2,229.16,0.0,458.32,274.24,184.08
103161,2024-08-01,Sharp Pen Pack,Office Supplies,North,1,8.27,0.1,7.44,4.78,2.66
100247,2024-08-02,Sharp Notebook Set,Office Supplies,Central,3,12.27,0.15,31.29,24.69,6.6
101129,2024-08-02,Aero Laptop 16,Electronics,East,3,1322.97,0.0,3968.9,2971.42,997.48
102470,2024-08-02,Aero Laptop 16,Electronics,Central,2,1207.22,0.0,2414.44,1722.28,692.16
100477,2024-08-03,Comfy Bookshelf,Furniture,South,2,149.39,0.0,298.79,219.34,79.45
100555,2024-08-03,Aero Laptop 16,Electronics,South,1,1292.5,0.0,1292.5,947.36,345.14
101935,2024-08-03,Comfy Office Chair,Furniture,North,3,234.26,0.0,702.78,442.49,260.29
102414,2024-08-03,Vivid Monitor 27in,Electronics,South,2,286.82,0.0,573.64,386.31,187.33
100038,2024-08-04,Buzz Wireless Earbuds,Electronics,North,3,85.06,0.0,255.19,140.91,114.28
100176,2024-08-04,Sharp Whiteboard,Office Supplies,West,2,64.73,0.0,129.47,83.79,45.68
100320,2024-08-04,Sharp Notebook Set,Office Supplies,Central,3,11.22,0.0,33.66,23.99,9.67
102237,2024-08-04,Sharp Whiteboard,Office Supplies,East,2,65.81,0.0,131.63,90.12,41.51
100335,2024-08-05,Vivid Monitor 27in,Electronics,West,3,287.08,0.0,861.25,611.44,249.81
100597,2024-08-05,Comfy Bookshelf,Furniture,West,4,154.13,0.0,616.51,438.44,178.07
101042,2024-08-05,Aero Laptop 16,Electronics,Central,2,1223.32,0.05,2324.3,1833.09,491.21
101955,2024-08-06,Sharp Whiteboard,Office Supplies,East,5,70.1,0.0,350.5,207.4,143.1
102778,2024-08-06,Sharp Notebook Set,Office Supplies,Central,2,12.15,0.0,24.3,17.02,7.28
103543,2024-08-06,Buzz Bluetooth Speaker,Electronics,South,1,59.39,0.05,56.42,34.35,22.07
100015,2024-08-07,Comfy Standing Desk,Furniture,East,3,406.57,0.0,1219.72,815.43,404.29
100032,2024-08-07,Comfy Office Chair,Furniture,West,2,203.0,0.05,385.71,288.83,96.88
102163,2024-08-07,Comfy Office Chair,Furniture,South,2,225.19,0.1,405.35,248.16,157.19
102346,2024-08-07,Comfy Office Chair,Furniture,West,2,214.53,0.0,429.06,293.95,135.11
100145,2024-08-08,Sharp Whiteboard,Office Supplies,South,1,62.36,0.0,62.36,39.22,23.14
100501,2024-08-08,Vivid Monitor 27in,Electronics,West,4,285.16,0.1,1026.56,846.81,179.75
100591,2024-08-08,Vivid Monitor 27in,Electronics,Central,1,282.21,0.0,282.21,192.06,90.15
100896,2024-08-08,Buzz Wireless Earbuds,Electronics,South,2,74.16,0.0,148.33,93.93,54.4
101410,2024-08-08,Sharp Notebook Set,Office Supplies,North,1,12.11,0.0,12.11,7.16,4.95
101325,2024-08-09,Sharp Whiteboard,Office Supplies,North,2,60.01,0.0,120.01,88.97,31.04
102301,2024-08-09,Aero Laptop 16,Electronics,South,2,1320.2,0.1,2376.36,1654.23,722.13
102984,2024-08-09,Buzz Bluetooth Speaker,Electronics,West,1,59.82,0.0,59.82,39.81,20.01
100064,2024-08-10,Comfy Standing Desk,Furniture,South,4,421.06,0.1,1515.83,1113.88,401.95
101729,2024-08-10,Sharp Whiteboard,Office Supplies,West,1,65.82,0.0,65.82,37.98,27.84
101861,2024-08-10,Comfy Office Chair,Furniture,West,3,230.76,0.0,692.27,435.66,256.61
100910,2024-08-11,Buzz Wireless Earbuds,Electronics,South,1,82.05,0.0,82.05,57.71,24.34
101029,2024-08-11,Sharp Pen Pack,Office Supplies,South,1,8.57,0.1,7.71,4.99,2.72
101198,2024-08-11,Vivid Webcam HD,Electronics,East,2,42.56,0.05,80.87,56.81,24.06
101204,2024-08-11,Comfy Bookshelf,Furniture,South,3,141.57,0.05,403.48,284.6,118.88
101734,2024-08-11,Sharp Notebook Set,Office Supplies,East,3,12.43,0.0,37.3,26.45,10.85
102121,2024-08-11,Vivid Monitor 27in,Electronics,East,1,271.67,0.0,271.67,174.13,97.54
102483,2024-08-11,Comfy Office Chair,Furniture,South,1,223.68,0.0,223.68,123.21,100.47
102794,2024-08-11,Buzz Wireless Earbuds,Electronics,Central,3,79.31,0.0,237.92,146.13,91.79
101780,2024-08-12,Comfy Bookshelf,Furniture,North,2,150.47,0.0,300.95,183.37,117.58
102367,2024-08-12,Aero Laptop 16,Electronics,Central,1,1271.1,0.0,1271.1,922.53,348.57
102844,2024-08-12,Aero Laptop 16,Electronics,West,1,1230.3,0.1,1107.27,920.5,186.77
103068,2024-08-12,Sharp Whiteboard,Office Supplies,Central,1,61.86,0.0,61.86,43.87,17.99
103567,2024-08-12,Aero Laptop 14,Electronics,Central,3,966.62,0.0,2899.87,1630.48,1269.39
100086,2024-08-13,Comfy Office Chair,Furniture,North,2,232.97,0.0,465.94,339.63,126.31
100177,2024-08-13,Vivid Monitor 27in,Electronics,West,1,284.41,0.0,284.41,177.82,106.59
100459,2024-08-13,Buzz Bluetooth Speaker,Electronics,West,1,64.49,0.0,64.49,42.75,21.74
100581,2024-08-13,Comfy Standing Desk,Furniture,North,1,390.17,0.0,390.17,260.91,129.26
102345,2024-08-13,Buzz Wireless Earbuds,Electronics,North,1,81.33,0.15,69.13,52.91,16.22
103396,2024-08-13,Sharp Whiteboard,Office Supplies,South,1,69.22,0.0,69.22,43.53,25.69
103577,2024-08-13,Sharp Notebook Set,Office Supplies,South,8,11.5,0.0,92.02,51.9,40.12
100201,2024-08-14,Comfy Standing Desk,Furniture,West,2,406.13,0.0,812.27,477.08,335.19
101480,2024-08-14,Sharp Whiteboard,Office Supplies,East,1,64.13,0.0,64.13,43.81,20.32
101806,2024-08-14,Vivid Webcam HD,Electronics,North,2,44.32,0.0,88.64,55.21,33.43
102257,2024-08-14,Comfy Office Chair,Furniture,North,1,232.25,0.0,232.25,141.05,91.2
103479,2024-08-14,Comfy Bookshelf,Furniture,North,3,160.89,0.0,482.66,351.48,131.18
101030,2024-08-15,Aero Laptop 16,Electronics,West,2,1381.42,0.0,2762.85,1602.18,1160.67
102205,2024-08-15,Sharp Whiteboard,Office Supplies,East,2,59.82,0.15,101.7,71.36,30.34
100069,2024-08-16,Vivid Webcam HD,Electronics,Central,1,46.19,0.0,46.19,28.72,17.47
100614,2024-08-16,Comfy Bookshelf,Furniture,South,1,140.18,0.1,126.16,94.78,31.38
101167,2024-08-16,Comfy Bookshelf,Furniture,North,3,156.99,0.0,470.97,292.78,178.19
101829,2024-08-16,Sharp Pen Pack,Office Supplies,East,1,7.73,0.1,6.96,4.78,2.18
101875,2024-08-16,Sharp Whiteboard,Office Supplies,Central,5,61.82,0.0,309.09,225.82,83.27
102987,2024-08-16,Comfy Bookshelf,Furniture,North,3,150.58,0.0,451.75,308.5,143.25
103533,2024-08-16,Vivid Webcam HD,Electronics,Central,1,46.91,0.0,46.91,33.93,12.98
103564,2024-08-16,Comfy Office Chair,Furniture,North,6,217.45,0.0,1304.73,917.28,387.45
100258,2024-08-17,Aero Laptop 14,Electronics,South,4,876.58,0.05,3330.99,2494.49,836.5
101913,2024-08-17,Buzz Wireless Earbuds,Electronics,West,2,77.93,0.0,155.87,103.38,52.49
102630,2024-08-17,Vivid Webcam HD,Electronics,Central,2,47.46,0.15,80.68,61.68,19.0
100958,2024-08-18,Sharp Notebook Set,Office Supplies,South,7,11.36,0.0,79.52,48.37,31.15
101072,2024-08-18,Sharp Pen Pack,Office Supplies,North,1,7.89,0.0,7.89,4.5,3.39
101170,2024-08-18,Comfy Standing Desk,Furniture,South,1,407.23,0.0,407.23,270.43,136.8
102365,2024-08-18,Aero Laptop 16,Electronics,North,4,1398.9,0.0,5595.6,3944.57,1651.03
102409,2024-08-18,Sharp Whiteboard,Office Supplies,North,2,63.68,0.1,114.63,82.74,31.89
103507,2024-08-18,Aero Laptop 14,Electronics,South,7,875.96,0.0,6131.75,3650.45,2481.3
101665,2024-08-19,Vivid Webcam HD,Electronics,Central,1,48.19,0.0,48.19,27.98,20.21
101886,2024-08-19,Comfy Office Chair,Furniture,West,2,218.92,0.0,437.85,310.81,127.04
102616,2024-08-19,Buzz Bluetooth Speaker,Electronics,South,5,56.48,0.0,282.39,194.2,88.19
102920,2024-08-19,Comfy Bookshelf,Furniture,East,1,152.47,0.05,144.84,103.06,41.78
103498,2024-08-19,Buzz Bluetooth Speaker,Electronics,Central,4,61.6,0.0,246.42,152.9,93.52
100700,2024-08-20,Comfy Bookshelf,Furniture,West,3,154.25,0.0,462.74,263.21,199.53
103273,2024-08-20,Aero Laptop 16,Electronics,East,1,1224.17,0.05,1162.96,890.09,272.87
103290,2024-08-20,Comfy Bookshelf,Furniture,West,3,144.29,0.0,432.88,251.0,181.88
100232,2024-08-21,Buzz Wireless Earbuds,Electronics,Central,2,85.12,0.0,170.24,126.18,44.06
101050,2024-08-21,Sharp Whiteboard,Office Supplies,South,3,67.33,0.1,181.78,143.23,38.55
100768,2024-08-22,Buzz Wireless Earbuds,Electronics,North,3,77.89,0.0,233.66,129.43,104.23
101628,2024-08-22,Comfy Office Chair,Furniture,West,3,230.07,0.0,690.22,480.81,209.41
102527,2024-08-22,Vivid Monitor 27in,Electronics,East,3,282.95,0.0,848.86,481.34,367.52
103628,2024-08-22,Comfy Standing Desk,Furniture,North,2,438.54,0.1,789.38,652.84,136.54
100053,2024-08-23,Comfy Office Chair,Furniture,West,3,230.02,0.0,690.06,490.64,199.42
100068,2024-08-23,Aero Laptop 16,Electronics,Central,2,1209.83,0.0,2419.66,1608.82,810.84
100859,2024-08-23,Aero Laptop 16,Electronics,North,1,1222.24,0.1,1100.01,820.11,279.9
103339,2024-08-23,Buzz Wireless Earbuds,Electronics,South,3,79.86,0.0,239.58,146.9,92.68
100370,2024-08-24,Sharp Notebook Set,Office Supplies,East,2,11.79,0.0,23.59,13.05,10.54
102222,2024-08-24,Comfy Standing Desk,Furniture,Central,4,381.14,0.0,1524.54,1026.71,497.83
103103,2024-08-24,Aero Laptop 14,Electronics,North,1,964.41,0.15,819.75,655.23,164.52
103306,2024-08-24,Aero Laptop 16,Electronics,North,1,1230.4,0.15,1045.84,776.81,269.03
103571,2024-08-24,Comfy Bookshelf,Furniture,Central,2,150.37,0.0,300.75,196.64,104.11
100179,2024-08-25,Comfy Bookshelf,Furniture,West,1,145.68,0.05,138.4,87.97,50.43
100912,2024-08-25,Sharp Whiteboard,Office Supplies,South,1,66.54,0.0,66.54,38.55,27.99
101288,2024-08-25,Buzz Bluetooth Speaker,Electronics,East,1,58.24,0.0,58.24,42.59,15.65
101357,2024-08-25,Vivid Webcam HD,Electronics,East,2,45.32,0.0,90.65,64.86,25.79
101446,2024-08-25,Buzz Wireless Earbuds,Electronics,North,1,82.3,0.0,82.3,45.93,36.37
101471,2024-08-25,Vivid Monitor 27in,Electronics,West,4,284.36,0.0,1137.43,727.35,410.08
101781,2024-08-25,Comfy Standing Desk,Furniture,South,4,424.29,0.0,1697.16,1103.34,593.82
102946,2024-08-25,Buzz Wireless Earbuds,Electronics,East,4,77.88,0.0,311.52,186.71,124.81
100596,2024-08-26,Sharp Notebook Set,Office Supplies,Central,3,11.11,0.0,33.34,21.92,11.42
100891,2024-08-26,Comfy Office Chair,Furniture,East,3,205.01,0.0,615.03,413.99,201.04
101411,2024-08-26,Comfy Bookshelf,Furniture,North,3,142.08,0.0,426.25,310.19,116.06
101750,2024-08-26,Comfy Office Chair,Furniture,East,1,216.33,0.0,216.33,143.64,72.69
102088,2024-08-26,Vivid Webcam HD,Electronics,North,1,46.45,0.0,46.45,31.59,14.86
102519,2024-08-26,Comfy Bookshelf,Furniture,North,2,153.96,0.0,307.92,191.34,116.58
102935,2024-08-26,Aero Laptop 14,Electronics,South,1,980.07,0.0,980.07,687.77,292.3
101590,2024-08-27,Aero Laptop 14,Electronics,North,2,883.61,0.05,1678.86,1191.73,487.13
101606,2024-08-27,Buzz Wireless Earbuds,Electronics,South,1,78.12,0.0,78.12,50.68,27.44
102274,2024-08-27,Buzz Bluetooth Speaker,Electronics,North,1,61.62,0.1,55.46,41.94,13.52
102420,2024-08-27,Comfy Standing Desk,Furniture,South,3,421.75,0.0,1265.24,884.63,380.61
102581,2024-08-27,Comfy Bookshelf,Furniture,South,2,152.1,0.0,304.2,206.21,97.99
102887,2024-08-27,Sharp Whiteboard,Office Supplies,West,3,68.61,0.0,205.82,146.56,59.26
103230,2024-08-27,Sharp Notebook Set,Office Supplies,South,3,11.33,0.0,33.98,22.68,11.3
100754,2024-08-28,Buzz Bluetooth Speaker,Electronics,West,4,63.78,0.0,255.13,183.28,71.85
102243,2024-08-28,Sharp Notebook Set,Office Supplies,,1,12.89,0.0,12.89,7.59,5.3
102717,2024-08-28,Comfy Standing Desk,Furniture,West,1,397.57,0.05,377.69,254.98,122.71
101166,2024-08-29,Comfy Standing Desk,Furniture,North,1,410.72,0.0,410.72,276.52,134.2
101717,2024-08-29,Comfy Standing Desk,Furniture,Central,2,403.99,0.0,807.98,457.36,350.62
102064,2024-08-29,Sharp Whiteboard,Office Supplies,North,3,65.78,0.0,197.33,125.02,72.31
102267,2024-08-29,Comfy Bookshelf,Furniture,North,2,139.95,0.0,279.91,209.6,70.31
103216,2024-08-29,Comfy Standing Desk,Furniture,South,2,408.73,0.15,694.84,503.29,191.55
100106,2024-08-30,Sharp Whiteboard,Office Supplies,North,1,69.76,0.05,66.27,49.54,16.73
101015,2024-08-30,Vivid Webcam HD,Electronics,East,2,43.97,0.0,87.93,52.84,35.09
103483,2024-08-30,Sharp Notebook Set,Office Supplies,North,1,12.46,0.0,12.46,7.12,5.34
103593,2024-08-30,Vivid Webcam HD,Electronics,East,4,46.47,0.1,167.3,132.89,34.41
100776,2024-08-31,Buzz Bluetooth Speaker,Electronics,South,3,62.82,0.0,188.45,110.56,77.89
101136,2024-08-31,Comfy Standing Desk,Furniture,East,1,399.12,0.0,399.12,237.59,161.53
101472,2024-08-31,Vivid Monitor 27in,Electronics,South,2,301.94,0.0,603.88,365.66,238.22
101732,2024-08-31,Sharp Whiteboard,Office Supplies,East,2,60.46,0.1,108.83,80.14,28.69
101938,2024-08-31,Vivid Monitor 27in,Electronics,East,1,276.21,0.05,262.4,156.42,105.98
102278,2024-08-31,Sharp Notebook Set,Office Supplies,Central,2,11.97,0.0,23.94,13.62,10.32
103043,2024-08-31,Sharp Notebook Set,Office Supplies,North,2,11.92,0.15,20.27,16.53,3.74
103459,2024-08-31,Comfy Office Chair,Furniture,South,5,213.64,0.0,1068.18,610.82,457.36
101189,2024-09-01,Sharp Whiteboard,Office Supplies,North,1,64.38,0.1,57.94,38.66,19.28
102472,2024-09-01,Aero Laptop 14,Electronics,East,3,964.23,0.0,2892.68,1816.92,1075.76
102711,2024-09-01,Vivid Monitor 27in,Electronics,East,1,299.07,0.0,299.07,169.36,129.71
103059,2024-09-01,Aero Laptop 14,Electronics,South,1,1018.55,0.05,967.63,602.12,365.51
103352,2024-09-01,Buzz Bluetooth Speaker,Electronics,Central,4,60.15,0.0,240.59,146.19,94.4
100026,2024-09-02,Comfy Bookshelf,Furniture,,5,157.16,0.0,785.8,542.51,243.29
100407,2024-09-02,Comfy Office Chair,Furniture,West,1,214.77,0.0,214.77,119.16,95.61
101023,2024-09-02,Sharp Notebook Set,Office Supplies,North,1,11.45,0.0,11.45,7.02,4.43
101121,2024-09-02,Comfy Office Chair,Furniture,East,2,207.96,0.0,415.91,277.76,138.15
101182,2024-09-02,Aero Laptop 14,Electronics,East,1,985.78,0.1,887.2,727.63,159.57
101200,2024-09-02,Comfy Office Chair,Furniture,West,2,203.68,0.15,346.25,261.11,85.14
102667,2024-09-02,Buzz Bluetooth Speaker,Electronics,West,1,64.47,0.0,64.47,39.25,25.22
103170,2024-09-02,Comfy Standing Desk,Furniture,East,2,392.07,0.1,705.72,475.24,230.48
103282,2024-09-02,Sharp Notebook Set,Office Supplies,West,2,12.25,0.05,23.28,14.61,8.67
100357,2024-09-03,Buzz Bluetooth Speaker,Electronics,South,1,64.7,0.0,64.7,37.37,27.33
100465,2024-09-03,Buzz Wireless Earbuds,Electronics,North,2,81.59,0.05,155.02,95.96,59.06
101893,2024-09-03,Sharp Whiteboard,Office Supplies,Central,1,60.38,0.0,60.38,40.85,19.53
102559,2024-09-03,Sharp Pen Pack,Office Supplies,East,2,7.58,0.0,15.16,9.7,5.46
102604,2024-09-03,Sharp Pen Pack,Office Supplies,Central,6,8.01,0.0,48.03,35.95,12.08
100158,2024-09-04,Vivid Webcam HD,Electronics,Central,1,43.25,0.05,41.09,31.27,9.82
101898,2024-09-04,Aero Laptop 16,Electronics,,6,1351.82,0.0,8110.94,5885.91,2225.03
103471,2024-09-04,Comfy Office Chair,Furniture,North,2,214.5,0.0,429.0,274.7,154.3
101130,2024-09-05,Sharp Whiteboard,Office Supplies,East,1,66.56,0.05,63.24,46.59,16.65
100737,2024-09-06,Buzz Wireless Earbuds,Electronics,North,2,84.69,0.0,169.38,124.08,45.3
103245,2024-09-06,Aero Laptop 16,Electronics,East,1,1352.52,0.05,1284.89,817.17,467.72
102019,2024-09-07,Sharp Whiteboard,Office Supplies,Central,5,66.26,0.0,331.32,205.83,125.49
103468,2024-09-07,Vivid Webcam HD,Electronics,East,3,44.52,0.0,133.57,90.06,43.51
100256,2024-09-08,Vivid Monitor 27in,Electronics,Central,1,262.6,0.0,262.6,158.48,104.12
101367,2024-09-08,Vivid Monitor 27in,Electronics,Central,2,283.69,0.0,567.38,391.67,175.71
101894,2024-09-08,Vivid Monitor 27in,Electronics,East,4,286.43,0.0,1145.72,750.57,395.15
102874,2024-09-08,Sharp Whiteboard,Office Supplies,West,1,66.5,0.05,63.18,49.25,13.93
102879,2024-09-08,Sharp Pen Pack,Office Supplies,West,1,7.41,0.0,7.41,4.77,2.64
100374,2024-09-09,Aero Laptop 14,Electronics,South,2,942.41,0.0,1884.82,1364.87,519.95
100815,2024-09-09,Buzz Bluetooth Speaker,Electronics,East,1,63.65,0.0,63.65,40.25,23.4
101043,2024-09-09,Buzz Wireless Earbuds,Electronics,North,2,74.36,0.15,126.42,83.94,42.48
101792,2024-09-09,Buzz Bluetooth Speaker,Electronics,Central,2,55.78,0.0,111.56,76.01,35.55
102112,2024-09-09,Comfy Standing Desk,Furniture,North,2,433.11,0.05,822.92,630.95,191.97
102933,2024-09-09,Vivid Webcam HD,Electronics,North,3,47.07,0.0,141.2,83.95,57.25
103500,2024-09-09,Sharp Whiteboard,Office Supplies,West,1,61.37,0.0,61.37,35.9,25.47
103534,2024-09-09,Buzz Wireless Earbuds,Electronics,North,4,76.58,0.0,306.3,172.95,133.35
100074,2024-09-10,Sharp Whiteboard,Office Supplies,South,1,62.79,0.0,62.79,45.99,16.8
102418,2024-09-10,Comfy Office Chair,Furniture,South,3,232.73,0.0,698.19,426.04,272.15
102985,2024-09-10,Aero Laptop 14,Electronics,North,5,975.25,0.0,4876.23,3426.36,1449.87
101457,2024-09-11,Comfy Office Chair,Furniture,South,2,223.15,0.1,401.66,278.02,123.64
102028,2024-09-11,Aero Laptop 14,Electronics,South,3,1018.06,0.0,3054.19,1730.12,1324.07
100049,2024-09-12,Comfy Office Chair,Furniture,North,3,203.33,0.0,609.98,434.38,175.6
100567,2024-09-12,Sharp Notebook Set,Office Supplies,South,1,11.07,0.0,11.07,8.22,2.85
101372,2024-09-12,Comfy Standing Desk,Furniture,East,1,385.77,0.0,385.77,227.81,157.96
101467,2024-09-12,Aero Laptop 16,Electronics,South,4,1349.03,0.0,5396.1,3348.57,2047.53
102465,2024-09-12,Buzz Bluetooth Speaker,Electronics,South,3,62.57,0.0,187.71,125.36,62.35
103178,2024-09-12,Comfy Office Chair,Furniture,East,2,208.81,0.1,375.87,288.66,87.21
101220,2024-09-13,Aero Laptop 16,Electronics,South,1,1401.89,0.0,1401.89,931.43,470.46
101683,2024-09-13,Sharp Whiteboard,Office Supplies,South,2,60.17,0.0,120.34,82.88,37.46
102286,2024-09-13,Aero Laptop 16,Electronics,South,5,1217.85,0.0,6089.23,4306.08,1783.15
103389,2024-09-13,Sharp Pen Pack,Office Supplies,Central,2,7.39,0.0,14.78,9.24,5.54
100485,2024-09-14,Comfy Office Chair,Furniture,Central,2,228.67,0.05,434.46,266.22,168.24
102955,2024-09-14,Comfy Bookshelf,Furniture,South,4,151.14,0.0,604.57,391.84,212.73
100722,2024-09-15,Buzz Bluetooth Speaker,Electronics,North,1,59.63,0.05,56.65,43.5,13.15
100810,2024-09-15,Comfy Standing Desk,Furniture,South,4,411.35,0.0,1645.38,1042.64,602.74
101677,2024-09-15,Sharp Notebook Set,Office Supplies,South,2,12.66,0.0,25.31,18.95,6.36
102050,2024-09-15,Vivid Monitor 27in,Electronics,West,3,281.45,0.0,844.36,620.18,224.18
102065,2024-09-15,Comfy Standing Desk,Furniture,North,2,432.78,0.0,865.57,572.45,293.12
102290,2024-09-15,Sharp Pen Pack,Office Supplies,South,2,8.08,0.1,14.55,9.75,4.8
102440,2024-09-15,Buzz Wireless Earbuds,Electronics,West,2,77.82,0.0,155.63,95.13,60.5
102981,2024-09-15,Vivid Monitor 27in,Electronics,West,1,281.3,0.0,281.3,162.3,119.0
103254,2024-09-15,Comfy Standing Desk,Furniture,East,1,384.53,0.0,384.53,232.8,151.73
103439,2024-09-15,Vivid Webcam HD,Electronics,South,1,44.26,0.0,44.26,32.8,11.46
102760,2024-09-16,Buzz Bluetooth Speaker,Electronics,South,1,59.85,0.1,53.87,41.66,12.21
102900,2024-09-16,Sharp Notebook Set,Office Supplies,East,2,11.33,0.0,22.66,15.77,6.89
103431,2024-09-16,Aero Laptop 16,Electronics,South,2,1253.4,0.0,2506.8,1688.26,818.54
103530,2024-09-16,Vivid Monitor 27in,Electronics,North,1,278.76,0.0,278.76,199.92,78.84
100678,2024-09-17,Comfy Bookshelf,Furniture,Central,5,158.5,0.05,752.89,452.29,300.6
100827,2024-09-17,Aero Laptop 14,Electronics,South,2,877.52,0.0,1755.04,1135.02,620.02
102024,2024-09-17,Sharp Notebook Set,Office Supplies,East,2,12.76,0.0,25.52,17.38,8.14
103360,2024-09-17,Comfy Standing Desk,Furniture,South,2,401.29,0.05,762.44,586.52,175.92
101056,2024-09-18,Buzz Wireless Earbuds,Electronics,East,2,76.52,0.0,153.04,113.64,39.4
101201,2024-09-18,Aero Laptop 14,Electronics,West,2,988.0,0.0,1976.0,1237.65,738.35
102833,2024-09-18,Comfy Standing Desk,Furniture,West,3,407.56,0.15,1039.28,706.33,332.95
103301,2024-09-18,Aero Laptop 16,Electronics,East,1,1388.53,0.0,1388.53,897.29,491.24
103376,2024-09-18,Comfy Standing Desk,Furniture,East,4,422.8,0.05,1606.63,1153.2,453.43
102687,2024-09-19,Sharp Pen Pack,Office Supplies,West,3,8.07,0.0,24.21,13.96,10.25
101418,2024-09-20,Aero Laptop 16,Electronics,Central,2,1198.67,0.0,2397.35,1492.91,904.44
101749,2024-09-20,Sharp Pen Pack,Office Supplies,North,2,7.78,0.0,15.57,10.75,4.82
101847,2024-09-20,Aero Laptop 14,Electronics,North,2,976.43,0.0,1952.87,1307.51,645.36
102817,2024-09-20,Aero Laptop 16,Electronics,East,1,1278.63,0.0,1278.63,746.52,532.11
102980,2024-09-20,Sharp Pen Pack,Office Supplies,North,2,7.37,0.0,14.75,9.51,5.24
100889,2024-09-21,Aero Laptop 16,Electronics,East,1,1256.57,0.0,1256.57,893.25,363.32
100921,2024-09-21,Buzz Bluetooth Speaker,Electronics,South,5,56.46,0.0,282.28,186.86,95.42
101531,2024-09-21,Aero Laptop 16,Electronics,South,2,1229.82,0.1,2213.68,1462.35,751.33
101726,2024-09-21,Vivid Monitor 27in,Electronics,North,1,271.07,0.05,257.51,185.57,71.94
102334,2024-09-21,Vivid Webcam HD,Electronics,North,2,42.4,0.0,84.8,52.65,32.15
100816,2024-09-22,Buzz Bluetooth Speaker,Electronics,North,1,56.84,0.0,56.84,38.01,18.83
100980,2024-09-22,Sharp Whiteboard,Office Supplies,Central,1,60.01,0.0,60.01,39.07,20.94
102317,2024-09-22,Sharp Whiteboard,Office Supplies,North,3,70.19,0.05,200.05,126.77,73.28
102566,2024-09-22,Vivid Monitor 27in,Electronics,Central,2,289.31,0.0,578.62,337.3,241.32
102710,2024-09-22,Buzz Wireless Earbuds,Electronics,West,1,80.04,0.05,76.04,52.86,23.18
103340,2024-09-22,Vivid Webcam HD,Electronics,Central,1,45.9,0.0,45.9,34.41,11.49
100857,2024-09-23,Sharp Whiteboard,Office Supplies,West,3,66.97,0.0,200.92,120.64,80.28
101651,2024-09-23,Sharp Whiteboard,Office Supplies,West,5,65.45,0.0,327.26,237.5,89.76
102715,2024-09-23,Aero Laptop 14,Electronics,South,3,938.84,0.15,2394.05,1609.81,784.24
102750,2024-09-23,Buzz Wireless Earbuds,Electronics,South,1,78.86,0.0,78.86,44.4,34.46
103095,2024-09-23,Aero Laptop 14,Electronics,South,2,926.79,0.0,1853.58,1372.93,480.65
100090,2024-09-24,Sharp Pen Pack,Office Supplies,Central,4,7.81,0.15,26.56,18.34,8.22
100432,2024-09-24,Comfy Office Chair,Furniture,Central,3,209.78,0.15,534.94,427.4,107.54
101279,2024-09-24,Vivid Webcam HD,Electronics,West,3,42.22,0.0,126.67,91.29,35.38
101316,2024-09-24,Comfy Standing Desk,Furniture,Central,2,382.08,0.0,764.16,565.71,198.45
102638,2024-09-24,Vivid Monitor 27in,Electronics,North,2,300.74,0.0,601.48,384.95,216.53
102902,2024-09-24,Comfy Standing Desk,Furniture,East,1,435.71,0.0,435.71,305.46,130.25
101449,2024-09-25,Vivid Monitor 27in,Electronics,North,4,295.45,0.0,1181.79,870.33,311.46
102373,2024-09-25,Vivid Webcam HD,Electronics,South,1,45.9,0.0,45.9,26.69,19.21
100006,2024-09-26,Sharp Notebook Set,Office Supplies,Central,5,12.89,0.0,64.47,39.02,25.45
100284,2024-09-26,Aero Laptop 16,Electronics,East,3,1397.14,0.0,4191.43,2728.45,1462.98
101971,2024-09-26,Aero Laptop 16,Electronics,East,1,1290.7,0.0,1290.7,922.48,368.22
102547,2024-09-26,Aero Laptop 14,Electronics,South,2,976.07,0.0,1952.14,1220.75,731.39
100687,2024-09-27,Aero Laptop 14,Electronics,North,1,1024.38,0.0,1024.38,697.58,326.8
101226,2024-09-27,Comfy Standing Desk,Furniture,South,4,412.9,0.15,1403.87,1114.97,288.9
102037,2024-09-27,Comfy Standing Desk,Furniture,North,1,418.94,0.0,418.94,255.07,163.87
102321,2024-09-27,Sharp Whiteboard,Office Supplies,North,3,65.42,0.0,196.25,117.45,78.8
103242,2024-09-27,Sharp Whiteboard,Office Supplies,North,1,62.29,0.0,62.29,45.8,16.49
100208,2024-09-28,Aero Laptop 16,Electronics,East,1,1232.38,0.1,1109.14,733.8,375.34
100430,2024-09-28,Buzz Wireless Earbuds,Electronics,East,5,83.02,0.0,415.1,239.34,175.76
100899,2024-09-28,Comfy Standing Desk,Furniture,North,2,391.71,0.0,783.41,516.68,266.73
102689,2024-09-28,Aero Laptop 16,Electronics,North,1,1355.98,0.0,1355.98,963.0,392.98
103606,2024-09-28,Sharp Notebook Set,Office Supplies,Central,1,12.12,0.0,12.12,8.88,3.24
100061,2024-09-29,Comfy Bookshelf,Furniture,North,1,146.23,0.0,146.23,90.81,55.42
100676,2024-09-29,Buzz Bluetooth Speaker,Electronics,South,3,60.89,0.0,182.67,118.8,63.87
101209,2024-09-29,Sharp Whiteboard,Office Supplies,North,1,67.61,0.0,67.61,38.54,29.07
102013,2024-09-29,Comfy Office Chair,Furniture,East,2,228.67,0.0,457.33,319.97,137.36
102176,2024-09-29,Comfy Office Chair,Furniture,South,1,210.16,0.0,210.16,154.9,55.26
100101,2024-09-30,Buzz Wireless Earbuds,Electronics,West,1,74.27,0.0,74.27,41.41,32.86
100408,2024-09-30,Buzz Wireless Earbuds,Electronics,South,4,79.25,0.0,316.99,191.11,125.88
100429,2024-09-30,Vivid Webcam HD,Electronics,North,2,47.62,0.0,95.23,57.97,37.26
100850,2024-09-30,Aero Laptop 16,Electronics,East,3,1402.27,0.1,3786.14,2572.66,1213.48
101896,2024-09-30,Vivid Monitor 27in,Electronics,West,1,271.75,0.0,271.75,200.09,71.66
102144,2024-09-30,Aero Laptop 16,Electronics,Central,1,1391.9,0.0,1391.9,797.62,594.28
103371,2024-09-30,Buzz Wireless Earbuds,Electronics,South,2,83.23,0.0,166.46,121.83,44.63
100396,2024-10-01,Comfy Standing Desk,Furniture,Central,4,425.1,0.0,1700.41,1153.21,547.2
101058,2024-10-01,Vivid Webcam HD,Electronics,Central,2,43.73,0.0,87.46,63.53,23.93
101649,2024-10-01,Sharp Pen Pack,Office Supplies,West,2,8.11,0.0,16.21,10.51,5.7
102023,2024-10-01,Comfy Bookshelf,Furniture,East,4,161.57,0.15,549.35,465.61,83.74
103191,2024-10-01,Sharp Whiteboard,Office Supplies,East,2,61.2,0.0,122.4,82.61,39.79
103611,2024-10-01,Buzz Bluetooth Speaker,Electronics,South,2,57.65,0.0,115.29,66.99,48.3
100944,2024-10-02,Sharp Notebook Set,Office Supplies,South,1,12.62,0.1,11.36,8.29,3.07
101335,2024-10-02,Aero Laptop 14,Electronics,East,1,949.41,0.0,949.41,656.68,292.73
103622,2024-10-02,Vivid Webcam HD,Electronics,North,1,46.04,0.0,46.04,32.4,13.64
100953,2024-10-03,Aero Laptop 16,Electronics,East,2,1308.06,0.0,2616.13,1630.5,985.63
101406,2024-10-03,Sharp Whiteboard,Office Supplies,South,1,64.3,0.0,64.3,41.83,22.47
102486,2024-10-03,Sharp Whiteboard,Office Supplies,West,2,61.49,0.0,122.98,73.29,49.69
102697,2024-10-03,Vivid Webcam HD,Electronics,South,1,47.66,0.05,45.28,33.15,12.13
103118,2024-10-03,Aero Laptop 16,Electronics,West,2,1212.75,0.0,2425.5,1814.65,610.85
103462,2024-10-03,Sharp Pen Pack,Office Supplies,Central,4,7.45,0.0,29.81,18.03,11.78
101156,2024-10-04,Sharp Notebook Set,Office Supplies,Central,1,11.56,0.0,11.56,7.98,3.58
102781,2024-10-04,Comfy Office Chair,Furniture,North,2,206.95,0.0,413.91,231.7,182.21
102836,2024-10-04,Sharp Notebook Set,Office Supplies,North,1,12.39,0.0,12.39,7.6,4.79
103028,2024-10-04,Buzz Bluetooth Speaker,Electronics,West,2,60.16,0.0,120.32,71.62,48.7
101846,2024-10-05,Sharp Notebook Set,Office Supplies,North,3,11.76,0.05,33.51,22.85,10.66
103581,2024-10-05,Buzz Wireless Earbuds,Electronics,West,3,76.61,0.0,229.84,134.71,95.13
100906,2024-10-06,Sharp Notebook Set,Office Supplies,North,1,11.76,0.0,11.76,8.31,3.45
101639,2024-10-06,Sharp Notebook Set,Office Supplies,West,2,11.48,0.0,22.96,13.27,9.69
102149,2024-10-06,Buzz Bluetooth Speaker,Electronics,Central,3,57.56,0.0,172.69,124.34,48.35
102199,2024-10-06,Sharp Pen Pack,Office Supplies,East,1,8.04,0.0,8.04,4.52,3.52
102446,2024-10-06,Vivid Webcam HD,Electronics,South,2,43.79,0.0,87.58,55.4,32.18
102686,2024-10-06,Vivid Webcam HD,Electronics,West,2,46.03,0.0,92.06,53.48,38.58
102940,2024-10-06,Sharp Notebook Set,Office Supplies,West,2,12.63,0.0,25.26,17.57,7.69
100492,2024-10-07,Comfy Bookshelf,Furniture,,3,160.74,0.0,482.23,296.69,185.54
100526,2024-10-07,Vivid Monitor 27in,Electronics,South,1,273.83,0.05,260.14,189.03,71.11
102041,2024-10-07,Comfy Bookshelf,Furniture,West,1,154.88,0.0,154.88,113.4,41.48
102605,2024-10-07,Comfy Office Chair,Furniture,East,1,222.68,0.0,222.68,151.38,71.3
102705,2024-10-07,Aero Laptop 16,Electronics,North,5,1269.61,0.1,5713.23,3560.32,2152.91
103351,2024-10-07,Sharp Whiteboard,Office Supplies,North,1,68.93,0.0,68.93,38.06,30.87
100137,2024-10-08,Aero Laptop 14,Electronics,Central,2,951.1,0.0,1902.2,1102.65,799.55
101436,2024-10-08,Buzz Wireless Earbuds,Electronics,East,4,75.59,0.0,302.36,210.95,91.41
102868,2024-10-08,Comfy Standing Desk,Furniture,South,2,421.34,0.0,842.68,572.45,270.23
102843,2024-10-09,Sharp Whiteboard,Office Supplies,South,3,66.95,0.0,200.84,140.37,60.47
100172,2024-10-10,Vivid Monitor 27in,Electronics,Central,2,297.44,0.0,594.89,432.18,162.71
100364,2024-10-10,Aero Laptop 16,Electronics,West,1,1348.15,0.15,1145.93,800.92,345.01
103007,2024-10-10,Comfy Bookshelf,Furniture,Central,2,147.76,0.0,295.51,182.52,112.99
103116,2024-10-10,Comfy Bookshelf,Furniture,East,1,152.63,0.0,152.63,86.09,66.54
103172,2024-10-10,Comfy Office Chair,Furniture,South,2,204.3,0.0,408.6,229.64,178.96
103482,2024-10-10,Aero Laptop 14,Electronics,Central,2,958.91,0.0,1917.83,1206.63,711.2
100304,2024-10-11,Comfy Office Chair,Furniture,West,3,228.47,0.1,616.87,449.89,166.98
100386,2024-10-11,Vivid Webcam HD,Electronics,South,1,44.01,0.0,44.01,31.6,12.41
100505,2024-10-11,Sharp Pen Pack,Office Supplies,South,1,7.74,0.0,7.74,5.29,2.45
101199,2024-10-11,Comfy Standing Desk,Furniture,South,2,437.84,0.05,831.9,565.93,265.97
101605,2024-10-11,Buzz Wireless Earbuds,Electronics,East,1,84.24,0.05,80.03,56.99,23.04
103329,2024-10-11,Sharp Whiteboard,Office Supplies,East,5,62.57,0.0,312.83,224.36,88.47
100549,2024-10-12,Comfy Bookshelf,Furniture,West,2,153.24,0.1,275.83,189.69,86.14
100967,2024-10-12,Comfy Standing Desk,Furniture,West,1,380.25,0.0,380.25,258.22,122.03
101901,2024-10-12,Buzz Wireless Earbuds,Electronics,Central,5,75.9,0.0,379.5,239.65,139.85
103055,2024-10-12,Vivid Webcam HD,Electronics,North,1,45.12,0.0,45.12,30.07,15.05
101236,2024-10-13,Aero Laptop 16,Electronics,Central,3,1371.07,0.0,4113.22,2866.27,1246.95
101311,2024-10-13,Buzz Wireless Earbuds,Electronics,East,1,82.75,0.0,82.75,60.7,22.05
101812,2024-10-13,Comfy Office Chair,Furniture,West,1,233.44,0.0,233.44,136.85,96.59
103390,2024-10-13,Buzz Wireless Earbuds,Electronics,Central,1,76.34,0.0,76.34,46.77,29.57
100380,2024-10-14,Aero Laptop 16,Electronics,North,3,1330.13,0.0,3990.39,2537.59,1452.8
100506,2024-10-14,Vivid Webcam HD,Electronics,Central,1,43.82,0.0,43.82,31.08,12.74
100573,2024-10-14,Sharp Pen Pack,Office Supplies,North,2,8.21,0.0,16.42,10.64,5.78
100947,2024-10-14,Vivid Webcam HD,Electronics,South,3,43.58,0.0,130.74,85.82,44.92
101690,2024-10-14,Vivid Monitor 27in,Electronics,East,1,275.25,0.0,275.25,171.62,103.63
102271,2024-10-14,Buzz Wireless Earbuds,Electronics,West,4,78.0,0.0,312.01,175.44,136.57
102275,2024-10-14,Vivid Webcam HD,Electronics,North,5,42.77,0.0,213.84,119.77,94.07
102977,2024-10-14,Sharp Pen Pack,Office Supplies,West,5,8.5,0.0,42.5,24.84,17.66
103378,2024-10-14,Buzz Wireless Earbuds,Electronics,Central,1,83.21,0.0,83.21,61.65,21.56
100947,2024-10-14,Vivid Webcam HD,Electronics,South,3,43.58,0.0,130.74,85.82,44.92
100008,2024-10-15,Vivid Monitor 27in,Electronics,Central,1,296.27,0.0,296.27,182.55,113.72
100033,2024-10-15,Comfy Office Chair,Furniture,North,2,215.59,0.0,431.17,280.53,150.64
101115,2024-10-15,Buzz Bluetooth Speaker,Electronics,West,3,56.39,0.0,169.17,104.44,64.73
101967,2024-10-15,Comfy Standing Desk,Furniture,South,1,439.25,0.0,439.25,322.98,116.27
100276,2024-10-16,Sharp Pen Pack,Office Supplies,Central,1,7.73,0.1,6.96,4.86,2.1
101243,2024-10-16,Sharp Notebook Set,Office Supplies,North,1,12.45,0.1,11.2,8.17,3.03
101793,2024-10-16,Vivid Webcam HD,Electronics,East,1,42.6,0.0,42.6,26.33,16.27
102585,2024-10-16,Comfy Standing Desk,Furniture,North,2,377.5,0.0,755.0,558.82,196.18
100148,2024-10-17,Sharp Notebook Set,Office Supplies,West,2,11.83,0.0,23.67,13.87,9.8
100368,2024-10-17,Comfy Standing Desk,Furniture,North,2,428.38,0.15,728.25,503.97,224.28
102968,2024-10-17,Sharp Pen Pack,Office Supplies,North,2,8.31,0.0,16.62,12.08,4.54
100091,2024-10-18,Buzz Wireless Earbuds,Electronics,East,1,78.15,0.0,78.15,47.63,30.52
100403,2024-10-18,Aero Laptop 16,Electronics,East,2,1231.79,0.1,2217.23,1630.08,587.15
101258,2024-10-18,Comfy Bookshelf,Furniture,North,4,160.84,0.0,643.34,455.19,188.15
101851,2024-10-18,Aero Laptop 16,Electronics,West,4,1276.75,0.0,5107.02,3819.58,1287.44
101852,2024-10-18,Comfy Bookshelf,Furniture,Central,3,145.9,0.0,437.7,316.38,121.32
102631,2024-10-18,Aero Laptop 16,Electronics,West,2,1359.34,0.0,2718.67,1981.99,736.68
100151,2024-10-19,Buzz Bluetooth Speaker,Electronics,North,3,61.19,0.0,183.57,122.5,61.07
100750,2024-10-19,Vivid Monitor 27in,Electronics,North,1,259.21,0.1,233.29,160.81,72.48
101239,2024-10-19,Aero Laptop 14,Electronics,Central,3,1013.3,0.0,3039.91,2182.86,857.05
101333,2024-10-19,Sharp Notebook Set,Office Supplies,,1,12.33,0.05,11.72,9.08,2.64
101705,2024-10-19,Comfy Office Chair,Furniture,Central,3,207.24,0.0,621.72,397.36,224.36
102325,2024-10-19,Comfy Standing Desk,Furniture,North,1,394.83,0.0,394.83,252.38,142.45
102360,2024-10-19,Vivid Monitor 27in,Electronics,East,1,275.78,0.0,275.78,200.35,75.43
102593,2024-10-19,Aero Laptop 14,Electronics,North,2,884.23,0.0,1768.46,1063.78,704.68
102713,2024-10-19,Aero Laptop 14,Electronics,East,1,895.46,0.05,850.69,550.28,300.41
102886,2024-10-19,Sharp Notebook Set,Office Supplies,South,1,11.64,0.15,9.9,6.86,3.04
103100,2024-10-19,Comfy Office Chair,Furniture,South,1,229.89,0.0,229.89,159.91,69.98
103453,2024-10-19,Buzz Bluetooth Speaker,Electronics,Central,3,63.7,0.0,191.1,105.93,85.17
100227,2024-10-20,Vivid Webcam HD,Electronics,West,2,45.31,0.1,81.55,60.53,21.02
100452,2024-10-20,Comfy Bookshelf,Furniture,East,1,153.24,0.0,153.24,86.44,66.8
100992,2024-10-20,Aero Laptop 16,Electronics,North,4,1367.33,0.0,5469.34,4091.94,1377.4
101725,2024-10-20,Sharp Notebook Set,Office Supplies,North,3,11.25,0.05,32.07,23.31,8.76
102406,2024-10-20,Aero Laptop 14,Electronics,South,1,899.31,0.0,899.31,513.25,386.06
102554,2024-10-20,Sharp Notebook Set,Office Supplies,West,1,12.65,0.0,12.65,9.46,3.19
102642,2024-10-20,Sharp Whiteboard,Office Supplies,West,4,66.36,0.0,265.45,189.09,76.36
102931,2024-10-20,Vivid Webcam HD,Electronics,West,2,46.17,0.0,92.34,64.58,27.76
103010,2024-10-20,Buzz Wireless Earbuds,Electronics,West,1,82.34,0.0,82.34,50.7,31.64
103027,2024-10-20,Comfy Standing Desk,Furniture,North,3,433.95,0.0,1301.86,884.08,417.78
103585,2024-10-20,Comfy Standing Desk,Furniture,East,1,405.48,0.15,344.66,294.72,49.94
100070,2024-10-21,Sharp Notebook Set,Office Supplies,South,2,12.01,0.0,24.01,17.53,6.48
102480,2024-10-21,Vivid Monitor 27in,Electronics,East,4,295.69,0.0,1182.77,871.45,311.32
102514,2024-10-21,Buzz Bluetooth Speaker,Electronics,South,2,57.99,0.0,115.98,68.13,47.85
102878,2024-10-21,Sharp Notebook Set,Office Supplies,South,2,12.63,0.0,25.26,16.64,8.62
102888,2024-10-21,Vivid Webcam HD,Electronics,East,1,46.62,0.0,46.62,26.95,19.67
102899,2024-10-21,Comfy Standing Desk,Furniture,South,6,384.4,0.05,2191.09,1375.98,815.11
103204,2024-10-21,Comfy Office Chair,Furniture,Central,1,220.84,0.0,220.84,126.84,94.0
103504,2024-10-21,Comfy Office Chair,Furniture,West,1,224.49,0.0,224.49,153.9,70.59
100330,2024-10-22,Vivid Webcam HD,Electronics,North,2,43.07,0.0,86.15,51.8,34.35
101801,2024-10-22,Sharp Pen Pack,Office Supplies,East,1,8.39,0.05,7.97,4.65,3.32
101920,2024-10-22,Sharp Notebook Set,Office Supplies,North,2,11.21,0.0,22.43,14.62,7.81
102484,2024-10-22,Comfy Office Chair,Furniture,South,1,237.57,0.0,237.57,149.93,87.64
102983,2024-10-22,Sharp Pen Pack,Office Supplies,West,1,8.06,0.0,8.06,4.56,3.5
102356,2024-10-23,Buzz Bluetooth Speaker,Electronics,Central,2,63.18,0.1,113.72,91.57,22.15
102477,2024-10-23,Sharp Pen Pack,Office Supplies,East,2,8.08,0.0,16.17,11.93,4.24
103081,2024-10-23,Comfy Standing Desk,Furniture,North,2,396.06,0.0,792.13,446.18,345.95
103283,2024-10-23,Vivid Webcam HD,Electronics,,2,44.64,0.0,89.28,54.89,34.39
100018,2024-10-24,Buzz Wireless Earbuds,Electronics,Central,2,76.94,0.15,130.8,114.34,16.46
100738,2024-10-24,Sharp Pen Pack,Office Supplies,East,2,8.09,0.0,16.18,11.04,5.14
100675,2024-10-25,Vivid Webcam HD,Electronics,West,2,48.33,0.0,96.65,61.97,34.68
101087,2024-10-25,Sharp Whiteboard,Office Supplies,East,1,67.65,0.0,67.65,43.21,24.44
101184,2024-10-25,Vivid Webcam HD,Electronics,West,2,46.55,0.0,93.09,69.39,23.7
102545,2024-10-25,Sharp Whiteboard,Office Supplies,North,1,63.1,0.1,56.79,36.4,20.39
103061,2024-10-25,Comfy Office Chair,Furniture,South,2,206.81,0.0,413.62,283.57,130.05
103167,2024-10-25,Buzz Bluetooth Speaker,Electronics,Central,3,64.29,0.0,192.87,107.61,85.26
103478,2024-10-25,Vivid Monitor 27in,Electronics,East,2,264.0,0.0,528.0,295.31,232.69
100379,2024-10-26,Aero Laptop 16,Electronics,Central,2,1231.16,0.0,2462.33,1729.38,732.95
100798,2024-10-26,Aero Laptop 16,Electronics,,1,1384.83,0.0,1384.83,949.19,435.64
103614,2024-10-26,Buzz Bluetooth Speaker,Electronics,South,1,61.95,0.05,58.85,36.1,22.75
101138,2024-10-27,Aero Laptop 14,Electronics,Central,1,963.28,0.0,963.28,679.02,284.26
101322,2024-10-27,Aero Laptop 14,Electronics,South,2,999.03,0.0,1998.05,1492.42,505.63
102659,2024-10-27,Comfy Standing Desk,Furniture,South,1,399.17,0.0,399.17,298.38,100.79
100105,2024-10-28,Sharp Notebook Set,Office Supplies,Central,1,12.94,0.0,12.94,9.56,3.38
101147,2024-10-28,Comfy Standing Desk,Furniture,North,1,438.6,0.0,438.6,300.36,138.24
101543,2024-10-28,Buzz Wireless Earbuds,Electronics,South,4,79.42,0.0,317.67,208.64,109.03
101604,2024-10-28,Aero Laptop 14,Electronics,South,1,977.82,0.15,831.15,596.59,234.56
101968,2024-10-28,Sharp Whiteboard,Office Supplies,Central,1,60.79,0.1,54.71,33.81,20.9
102368,2024-10-28,Sharp Notebook Set,Office Supplies,East,1,11.34,0.0,11.34,6.58,4.76
101968,2024-10-28,Sharp Whiteboard,Office Supplies,Central,1,60.79,0.1,54.71,33.81,20.9
100423,2024-10-29,Sharp Notebook Set,Office Supplies,North,1,12.38,0.0,12.38,8.65,3.73
100611,2024-10-29,Comfy Standing Desk,Furniture,Central,1,432.09,0.0,432.09,261.58,170.51
100656,2024-10-29,Aero Laptop 16,Electronics,East,1,1293.37,0.1,1164.04,877.23,286.81
100799,2024-10-29,Comfy Standing Desk,Furniture,Central,1,404.72,0.0,404.72,225.48,179.24
101682,2024-10-29,Sharp Whiteboard,Office Supplies,South,3,63.3,0.0,189.91,139.0,50.91
102164,2024-10-29,Buzz Bluetooth Speaker,Electronics,East,1,60.33,0.0,60.33,37.37,22.96
102651,2024-10-29,Comfy Bookshelf,Furniture,West,1,138.94,0.05,131.99,90.02,41.97
101343,2024-10-30,Buzz Wireless Earbuds,Electronics,Central,1,85.1,0.0,85.1,55.32,29.78
101368,2024-10-30,Aero Laptop 14,Electronics,South,1,972.06,0.0,972.06,713.41,258.65
101547,2024-10-30,Vivid Webcam HD,Electronics,East,1,46.93,0.0,46.93,25.97,20.96
102022,2024-10-30,Sharp Notebook Set,Office Supplies,South,2,11.95,0.1,21.51,13.98,7.53
102218,2024-10-30,Vivid Monitor 27in,Electronics,North,1,286.87,0.0,286.87,202.65,84.22
102905,2024-10-30,Vivid Monitor 27in,Electronics,South,2,286.32,0.0,572.64,318.81,253.83
103513,2024-10-30,Vivid Monitor 27in,Electronics,East,2,283.8,0.0,567.61,341.25,226.36
102058,2024-10-31,Sharp Notebook Set,Office Supplies,South,2,11.37,0.0,22.74,15.0,7.74
102503,2024-10-31,Sharp Pen Pack,Office Supplies,Central,1,7.37,0.0,7.37,5.46,1.91
102965,2024-10-31,Sharp Notebook Set,Office Supplies,Central,2,11.96,0.0,23.92,17.38,6.54
103445,2024-10-31,Buzz Wireless Earbuds,Electronics,South,5,83.59,0.0,417.93,292.58,125.35
100054,2024-11-01,Aero Laptop 16,Electronics,West,1,1347.09,0.0,1347.09,862.38,484.71
100278,2024-11-01,Comfy Office Chair,Furniture,Central,2,234.15,0.05,444.88,349.8,95.08
100444,2024-11-01,Sharp Whiteboard,Office Supplies,North,1,60.28,0.1,54.25,41.12,13.13
100769,2024-11-01,Comfy Office Chair,Furniture,East,1,229.07,0.0,229.07,157.56,71.51
101958,2024-11-01,Sharp Whiteboard,Office Supplies,West,4,64.45,0.0,257.79,191.24,66.55
102127,2024-11-01,Comfy Standing Desk,Furniture,North,5,438.2,0.0,2191.02,1608.91,582.11
102357,2024-11-01,Buzz Bluetooth Speaker,Electronics,East,1,55.54,0.0,55.54,37.72,17.82
102402,2024-11-01,Vivid Monitor 27in,Electronics,Central,2,267.93,0.0,535.86,346.04,189.82
102738,2024-11-01,Sharp Pen Pack,Office Supplies,Central,3,8.06,0.0,24.17,15.44,8.73
100207,2024-11-02,Aero Laptop 16,Electronics,West,3,1294.03,0.15,3299.77,2627.5,672.27
100862,2024-11-02,Sharp Notebook Set,Office Supplies,South,1,11.41,0.0,11.41,6.69,4.72
101246,2024-11-02,Sharp Notebook Set,Office Supplies,West,1,12.35,0.0,12.35,8.14,4.21
102589,2024-11-02,Buzz Wireless Earbuds,Electronics,West,1,80.68,0.0,80.68,48.83,31.85
100139,2024-11-03,Aero Laptop 16,Electronics,South,2,1335.9,0.0,2671.8,1933.39,738.41
101187,2024-11-03,Aero Laptop 16,Electronics,South,3,1268.09,0.05,3614.05,2669.41,944.64
101227,2024-11-03,Comfy Bookshelf,Furniture,East,1,154.84,0.0,154.84,85.29,69.55
101623,2024-11-03,Aero Laptop 14,Electronics,South,1,952.39,0.0,952.39,546.87,405.52
102089,2024-11-03,Sharp Notebook Set,Office Supplies,Central,5,11.53,0.0,57.63,43.19,14.44
102168,2024-11-03,Vivid Webcam HD,Electronics,West,3,42.79,0.15,109.11,84.71,24.4
102364,2024-11-03,Buzz Wireless Earbuds,Electronics,South,1,76.83,0.0,76.83,43.37,33.46
102466,2024-11-03,Aero Laptop 14,Electronics,Central,4,886.44,0.0,3545.77,2283.32,1262.45
103037,2024-11-03,Vivid Monitor 27in,Electronics,,1,277.29,0.0,277.29,175.52,101.77
100121,2024-11-04,Sharp Notebook Set,Office Supplies,North,3,11.1,0.1,29.98,22.43,7.55
100585,2024-11-04,Sharp Notebook Set,Office Supplies,South,1,11.55,0.0,11.55,7.66,3.89
101259,2024-11-04,Comfy Standing Desk,Furniture,East,3,397.68,0.0,1193.05,830.49,362.56
102117,2024-11-04,Sharp Whiteboard,Office Supplies,East,1,64.28,0.05,61.07,44.17,16.9
102148,2024-11-04,Sharp Pen Pack,Office Supplies,West,2,8.48,0.1,15.27,11.43,3.84
100092,2024-11-05,Aero Laptop 16,Electronics,East,1,1296.62,0.0,1296.62,853.14,443.48
100279,2024-11-05,Comfy Office Chair,Furniture,North,2,203.13,0.0,406.26,265.5,140.76
100483,2024-11-05,Aero Laptop 14,Electronics,Central,1,900.13,0.0,900.13,524.7,375.43
100945,2024-11-05,Comfy Standing Desk,Furniture,South,2,406.21,0.0,812.41,605.81,206.6
101398,2024-11-05,Comfy Office Chair,Furniture,East,1,227.55,0.0,227.55,141.31,86.24
102353,2024-11-05,Comfy Bookshelf,Furniture,Central,1,152.01,0.1,136.81,89.27,47.54
102728,2024-11-05,Buzz Bluetooth Speaker,Electronics,West,3,59.03,0.0,177.08,100.08,77.0
103560,2024-11-05,Buzz Wireless Earbuds,Electronics,South,1,76.08,0.0,76.08,43.39,32.69
100355,2024-11-06,Comfy Office Chair,Furniture,East,2,223.34,0.0,446.68,248.57,198.11
101273,2024-11-06,Comfy Office Chair,Furniture,Central,1,220.52,0.0,220.52,137.01,83.51
101891,2024-11-06,Sharp Notebook Set,Office Supplies,North,1,12.64,0.0,12.64,7.11,5.53
103407,2024-11-06,Sharp Whiteboard,Office Supplies,Central,1,70.13,0.0,70.13,51.76,18.37
101020,2024-11-07,Aero Laptop 14,Electronics,South,3,905.17,0.0,2715.51,1952.99,762.52
102030,2024-11-07,Comfy Office Chair,Furniture,West,4,232.03,0.0,928.11,641.85,286.26
102679,2024-11-07,Buzz Bluetooth Speaker,Electronics,South,2,64.26,0.05,122.09,75.85,46.24
102772,2024-11-07,Buzz Bluetooth Speaker,Electronics,West,2,63.57,0.1,114.43,85.86,28.57
103187,2024-11-07,Comfy Bookshelf,Furniture,North,2,148.02,0.15,251.63,170.62,81.01
100082,2024-11-08,Comfy Bookshelf,Furniture,East,1,152.28,0.0,152.28,101.1,51.18
100248,2024-11-08,Sharp Pen Pack,Office Supplies,South,3,8.16,0.0,24.48,16.81,7.67
100365,2024-11-08,Buzz Wireless Earbuds,Electronics,Central,1,83.6,0.0,83.6,53.4,30.2
101186,2024-11-08,Comfy Bookshelf,Furniture,South,1,143.61,0.0,143.61,79.21,64.4
101767,2024-11-08,Sharp Pen Pack,Office Supplies,West,1,7.93,0.05,7.53,5.59,1.94
102190,2024-11-08,Comfy Bookshelf,Furniture,East,3,143.68,0.0,431.05,238.88,192.17
102962,2024-11-08,Vivid Monitor 27in,Electronics,Central,4,302.18,0.0,1208.72,873.23,335.49
103377,2024-11-08,Sharp Pen Pack,Office Supplies,West,4,7.51,0.1,27.05,22.2,4.85
103559,2024-11-08,Aero Laptop 14,Electronics,Central,1,879.56,0.0,879.56,602.08,277.48
100297,2024-11-09,Aero Laptop 14,Electronics,East,1,1018.63,0.05,967.7,724.26,243.44
101095,2024-11-09,Sharp Pen Pack,Office Supplies,East,1,7.75,0.0,7.75,5.74,2.01
101553,2024-11-09,Buzz Bluetooth Speaker,Electronics,South,1,59.13,0.0,59.13,40.02,19.11
101711,2024-11-09,Buzz Bluetooth Speaker,Electronics,East,2,57.05,0.05,108.39,71.04,37.35
101816,2024-11-09,Comfy Office Chair,Furniture,West,1,212.48,0.0,212.48,153.39,59.09
101877,2024-11-09,Sharp Pen Pack,Office Supplies,Central,2,8.51,0.0,17.01,12.04,4.97
102350,2024-11-09,Sharp Pen Pack,Office Supplies,Central,1,8.58,0.0,8.58,6.33,2.25
102355,2024-11-09,Vivid Webcam HD,Electronics,Central,4,44.76,0.0,179.03,121.08,57.95
102661,2024-11-09,Sharp Pen Pack,Office Supplies,Central,3,8.47,0.0,25.42,17.25,8.17
103503,2024-11-09,Vivid Webcam HD,Electronics,Central,3,44.84,0.1,121.07,75.83,45.24
101711,2024-11-09,Buzz Bluetooth Speaker,Electronics,East,2,57.05,0.05,108.39,71.04,37.35
101163,2024-11-10,Aero Laptop 16,Electronics,West,1,1315.93,0.0,1315.93,755.45,560.48
102288,2024-11-10,Comfy Standing Desk,Furniture,West,1,386.21,0.0,386.21,223.74,162.47
102653,2024-11-10,Sharp Notebook Set,Office Supplies,Central,1,11.05,0.0,11.05,7.43,3.62
102809,2024-11-10,Buzz Bluetooth Speaker,Electronics,South,4,63.07,0.0,252.29,143.94,108.35
103189,2024-11-10,Sharp Pen Pack,Office Supplies,South,1,8.16,0.0,8.16,4.49,3.67
103442,2024-11-10,Sharp Pen Pack,Office Supplies,South,3,8.34,0.1,22.52,17.45,5.07
100383,2024-11-11,Comfy Standing Desk,Furniture,North,2,422.62,0.0,845.24,570.59,274.65
101469,2024-11-11,Buzz Bluetooth Speaker,Electronics,West,3,60.63,0.0,181.88,130.39,51.49
101634,2024-11-11,Buzz Wireless Earbuds,Electronics,East,3,86.15,0.0,258.45,181.09,77.36
101694,2024-11-11,Buzz Bluetooth Speaker,Electronics,North,4,61.93,0.0,247.72,169.06,78.66
102898,2024-11-11,Vivid Monitor 27in,Electronics,Central,2,301.95,0.0,603.9,430.3,173.6
100938,2024-11-12,Comfy Office Chair,Furniture,East,5,216.12,0.0,1080.6,727.47,353.13
101978,2024-11-12,Aero Laptop 14,Electronics,West,1,912.46,0.0,912.46,515.1,397.36
103441,2024-11-12,Comfy Bookshelf,Furniture,South,4,141.85,0.0,567.41,384.77,182.64
100127,2024-11-13,Vivid Monitor 27in,Electronics,South,4,259.43,0.0,1037.7,661.77,375.93
100775,2024-11-13,Comfy Standing Desk,Furniture,South,2,402.83,0.05,765.38,572.51,192.87
102123,2024-11-13,Aero Laptop 14,Electronics,Central,3,905.79,0.0,2717.38,1557.82,1159.56
102349,2024-11-13,Vivid Webcam HD,Electronics,West,2,45.36,0.0,90.72,66.96,23.76
102584,2024-11-13,Aero Laptop 14,Electronics,West,1,982.86,0.0,982.86,684.0,298.86
102626,2024-11-13,Sharp Whiteboard,Office Supplies,West,3,63.18,0.0,189.53,138.84,50.69
100771,2024-11-14,Sharp Pen Pack,Office Supplies,North,1,8.33,0.0,8.33,5.51,2.82
102132,2024-11-14,Comfy Office Chair,Furniture,South,4,234.11,0.0,936.45,610.12,326.33
102159,2024-11-14,Aero Laptop 14,Electronics,South,3,951.86,0.0,2855.59,2101.63,753.96
102326,2024-11-14,Buzz Wireless Earbuds,Electronics,Central,3,79.53,0.0,238.6,174.18,64.42
102393,2024-11-14,Comfy Standing Desk,Furniture,East,2,391.54,0.1,704.76,449.75,255.01
102757,2024-11-14,Sharp Whiteboard,Office Supplies,South,2,61.07,0.05,116.03,73.35,42.68
103237,2024-11-14,Comfy Bookshelf,Furniture,West,6,152.6,0.0,915.58,659.24,256.34
103346,2024-11-14,Vivid Monitor 27in,Electronics,Central,1,263.14,0.15,223.67,191.74,31.93
100063,2024-11-15,Aero Laptop 16,Electronics,East,3,1242.87,0.0,3728.61,2414.5,1314.11
100153,2024-11-15,Buzz Wireless Earbuds,Electronics,East,2,82.87,0.0,165.75,102.47,63.28
100545,2024-11-15,Comfy Standing Desk,Furniture,Central,4,394.6,0.0,1578.38,1172.88,405.5
100643,2024-11-15,Aero Laptop 14,Electronics,West,2,991.65,0.0,1983.29,1095.9,887.39
102113,2024-11-15,Comfy Office Chair,Furniture,West,3,228.63,0.0,685.9,463.7,222.2
102251,2024-11-15,Comfy Office Chair,Furniture,Central,2,234.55,0.0,469.1,293.45,175.65
102548,2024-11-15,Buzz Wireless Earbuds,Electronics,West,1,80.13,0.0,80.13,49.9,30.23
102823,2024-11-15,Comfy Office Chair,Furniture,North,2,222.58,0.15,378.39,321.45,56.94
103029,2024-11-15,Buzz Wireless Earbuds,Electronics,West,3,84.73,0.0,254.2,167.89,86.31
100660,2024-11-16,Vivid Monitor 27in,Electronics,West,2,274.95,0.0,549.89,394.37,155.52
102281,2024-11-16,Aero Laptop 16,Electronics,South,1,1397.06,0.0,1397.06,780.79,616.27
102415,2024-11-16,Buzz Wireless Earbuds,Electronics,South,2,83.83,0.15,142.5,98.29,44.21
102871,2024-11-16,Vivid Monitor 27in,Electronics,Central,2,278.24,0.0,556.47,351.05,205.42
103269,2024-11-16,Sharp Notebook Set,Office Supplies,South,2,11.28,0.0,22.57,12.44,10.13
103408,2024-11-16,Vivid Webcam HD,Electronics,West,4,44.05,0.0,176.2,124.61,51.59
101309,2024-11-17,Comfy Standing Desk,Furniture,South,3,437.37,0.05,1246.5,785.51,460.99
101567,2024-11-17,Comfy Standing Desk,Furniture,East,1,408.39,0.0,408.39,241.62,166.77
101882,2024-11-17,Buzz Wireless Earbuds,Electronics,South,1,75.52,0.0,75.52,51.59,23.93
102110,2024-11-17,Buzz Wireless Earbuds,Electronics,West,1,83.19,0.0,83.19,56.73,26.46
102513,2024-11-17,Buzz Wireless Earbuds,Electronics,South,1,84.11,0.0,84.11,52.29,31.82
102674,2024-11-17,Comfy Bookshelf,Furniture,Central,1,160.75,0.0,160.75,103.77,56.98
102926,2024-11-17,Vivid Monitor 27in,Electronics,West,5,277.73,0.0,1388.67,791.22,597.45
103047,2024-11-17,Comfy Bookshelf,Furniture,West,1,148.99,0.0,148.99,104.95,44.04
100417,2024-11-18,Sharp Whiteboard,Office Supplies,South,2,62.26,0.0,124.53,72.95,51.58
101360,2024-11-18,Sharp Whiteboard,Office Supplies,Central,3,64.72,0.15,165.04,121.25,43.79
101719,2024-11-18,Vivid Monitor 27in,Electronics,Central,2,290.74,0.15,494.26,335.76,158.5
101864,2024-11-18,Aero Laptop 16,Electronics,Central,2,1318.56,0.0,2637.12,1950.89,686.23
102125,2024-11-18,Comfy Office Chair,Furniture,Central,3,216.63,0.0,649.9,403.61,246.29
102214,2024-11-18,Vivid Webcam HD,Electronics,North,4,42.16,0.05,160.22,120.75,39.47
100223,2024-11-19,Aero Laptop 14,Electronics,South,1,937.68,0.05,890.8,529.04,361.76
100397,2024-11-19,Sharp Pen Pack,Office Supplies,Central,3,8.3,0.1,22.4,18.55,3.85
100667,2024-11-19,Aero Laptop 14,Electronics,East,3,947.6,0.0,2842.79,1573.97,1268.82
100763,2024-11-19,Sharp Pen Pack,Office Supplies,South,1,7.7,0.05,7.31,4.28,3.03
102178,2024-11-19,Buzz Wireless Earbuds,Electronics,West,1,85.72,0.15,72.87,47.47,25.4
102184,2024-11-19,Vivid Monitor 27in,Electronics,Central,4,279.16,0.0,1116.64,661.18,455.46
102185,2024-11-19,Comfy Standing Desk,Furniture,East,2,417.93,0.0,835.86,484.03,351.83
102389,2024-11-19,Sharp Notebook Set,Office Supplies,East,1,11.22,0.0,11.22,6.65,4.57
103434,2024-11-19,Comfy Standing Desk,Furniture,West,1,423.05,0.0,423.05,249.01,174.04
100034,2024-11-20,Buzz Bluetooth Speaker,Electronics,North,7,62.99,0.05,418.87,297.7,121.17
100215,2024-11-20,Buzz Bluetooth Speaker,Electronics,Central,3,63.54,0.0,190.61,141.28,49.33
100870,2024-11-20,Sharp Whiteboard,Office Supplies,West,2,63.76,0.0,127.53,78.71,48.82
100888,2024-11-20,Comfy Bookshelf,Furniture,Central,1,142.05,0.0,142.05,95.0,47.05
101904,2024-11-20,Comfy Bookshelf,Furniture,Central,4,144.34,0.0,577.38,414.93,162.45
102153,2024-11-20,Sharp Whiteboard,Office Supplies,East,4,60.89,0.05,231.38,146.25,85.13
102494,2024-11-20,Sharp Notebook Set,Office Supplies,East,2,11.56,0.0,23.11,16.71,6.4
102153,2024-11-20,Sharp Whiteboard,Office Supplies,East,4,60.89,0.05,231.38,146.25,85.13
101914,2024-11-21,Aero Laptop 14,Electronics,West,2,889.22,0.0,1778.44,1072.54,705.9
102128,2024-11-21,Sharp Notebook Set,Office Supplies,East,2,11.46,0.05,21.77,14.91,6.86
102814,2024-11-21,Buzz Wireless Earbuds,Electronics,North,1,83.27,0.0,83.27,46.88,36.39
100800,2024-11-22,Sharp Notebook Set,Office Supplies,Central,1,12.6,0.0,12.6,8.11,4.49
100913,2024-11-22,Buzz Bluetooth Speaker,Electronics,Central,1,60.18,0.05,57.17,36.24,20.93
102594,2024-11-22,Vivid Webcam HD,Electronics,Central,3,43.77,0.0,131.31,88.55,42.76
103169,2024-11-22,Sharp Whiteboard,Office Supplies,North,5,70.05,0.0,350.25,217.76,132.49
103206,2024-11-22,Aero Laptop 16,Electronics,South,1,1296.45,0.0,1296.45,861.62,434.83
103276,2024-11-22,Comfy Bookshelf,Furniture,South,1,155.96,0.0,155.96,108.27,47.69
103401,2024-11-22,Buzz Wireless Earbuds,Electronics,Central,2,79.5,0.0,158.99,93.26,65.73
100948,2024-11-23,Comfy Bookshelf,Furniture,North,2,150.29,0.0,300.57,175.39,125.18
101637,2024-11-23,Aero Laptop 14,Electronics,South,1,981.49,0.0,981.49,688.42,293.07
101704,2024-11-23,Comfy Bookshelf,Furniture,West,1,160.62,0.15,136.53,91.39,45.14
102633,2024-11-23,Sharp Whiteboard,Office Supplies,East,1,63.67,0.0,63.67,41.83,21.84
102894,2024-11-23,Buzz Bluetooth Speaker,Electronics,South,1,56.19,0.0,56.19,32.26,23.93
103519,2024-11-23,Comfy Standing Desk,Furniture,Central,5,438.28,0.0,2191.4,1213.55,977.85
100504,2024-11-24,Aero Laptop 14,Electronics,West,3,1005.81,0.15,2564.82,1802.44,762.38
100915,2024-11-24,Buzz Wireless Earbuds,Electronics,South,1,74.02,0.1,66.62,50.84,15.78
100985,2024-11-24,Sharp Notebook Set,Office Supplies,Central,2,11.53,0.05,21.9,13.45,8.45
101013,2024-11-24,Comfy Office Chair,Furniture,Central,1,226.04,0.0,226.04,125.16,100.88
101073,2024-11-24,Vivid Monitor 27in,Electronics,South,1,291.76,0.0,291.76,186.51,105.25
101341,2024-11-24,Buzz Wireless Earbuds,Electronics,South,2,80.17,0.0,160.34,116.74,43.6
102979,2024-11-24,Sharp Pen Pack,Office Supplies,Central,2,8.21,0.1,14.77,12.21,2.56
100830,2024-11-25,Vivid Monitor 27in,Electronics,Central,3,286.96,0.0,860.89,607.78,253.11
101031,2024-11-25,Comfy Standing Desk,Furniture,West,3,406.6,0.1,1097.81,850.6,247.21
101256,2024-11-25,Comfy Standing Desk,Furniture,North,4,425.33,0.0,1701.32,1073.37,627.95
101546,2024-11-25,Buzz Bluetooth Speaker,Electronics,East,1,60.85,0.0,60.85,37.52,23.33
102468,2024-11-25,Aero Laptop 14,Electronics,Central,1,1014.58,0.0,1014.58,639.62,374.96
102508,2024-11-25,Comfy Standing Desk,Furniture,South,1,408.04,0.0,408.04,270.57,137.47
102644,2024-11-25,Comfy Standing Desk,Furniture,West,7,380.98,0.0,2666.86,1796.13,870.73
102820,2024-11-25,Sharp Whiteboard,Office Supplies,North,1,67.56,0.0,67.56,42.02,25.54
102910,2024-11-25,Vivid Monitor 27in,Electronics,North,3,276.48,0.0,829.45,587.94,241.51
101256,2024-11-25,Comfy Standing Desk,Furniture,North,4,425.33,0.0,1701.32,1073.37,627.95
100012,2024-11-26,Sharp Whiteboard,Office Supplies,East,2,66.54,0.0,133.07,82.57,50.5
101159,2024-11-26,Sharp Pen Pack,Office Supplies,North,1,8.0,0.0,8.0,5.7,2.3
101301,2024-11-26,Sharp Whiteboard,Office Supplies,West,1,61.99,0.0,61.99,40.41,21.58
102001,2024-11-26,Vivid Monitor 27in,Electronics,South,1,287.38,0.0,287.38,203.26,84.12
102534,2024-11-26,Comfy Office Chair,Furniture,Central,3,220.88,0.05,629.51,436.06,193.45
103426,2024-11-26,Comfy Standing Desk,Furniture,North,2,394.71,0.0,789.43,500.52,288.91
100761,2024-11-27,Sharp Pen Pack,Office Supplies,South,2,7.99,0.0,15.99,11.26,4.73
101535,2024-11-27,Sharp Notebook Set,Office Supplies,West,2,11.23,0.05,21.33,16.06,5.27
101627,2024-11-27,Comfy Bookshelf,Furniture,East,3,154.76,0.0,464.29,256.72,207.57
101769,2024-11-27,Sharp Whiteboard,Office Supplies,East,3,68.31,0.15,174.19,123.22,50.97
102433,2024-11-27,Aero Laptop 14,Electronics,Central,3,1000.96,0.1,2702.59,1901.51,801.08
100966,2024-11-28,Vivid Webcam HD,Electronics,East,3,43.21,0.0,129.62,92.19,37.43
101078,2024-11-28,Comfy Bookshelf,Furniture,Central,3,157.75,0.0,473.24,281.39,191.85
101424,2024-11-28,Sharp Whiteboard,Office Supplies,North,2,62.64,0.0,125.29,80.64,44.65
102196,2024-11-28,Sharp Notebook Set,Office Supplies,North,1,12.29,0.15,10.45,8.79,1.66
102279,2024-11-28,Sharp Whiteboard,Office Supplies,West,1,65.33,0.0,65.33,41.32,24.01
102421,2024-11-28,Buzz Wireless Earbuds,Electronics,South,3,80.38,0.0,241.14,170.7,70.44
102788,2024-11-28,Sharp Notebook Set,Office Supplies,East,4,12.32,0.0,49.29,34.43,14.86
103387,2024-11-28,Sharp Notebook Set,Office Supplies,North,2,11.44,0.1,20.59,16.8,3.79
101032,2024-11-29,Sharp Whiteboard,Office Supplies,East,2,63.96,0.0,127.92,93.54,34.38
101402,2024-11-29,Sharp Notebook Set,Office Supplies,Central,1,11.17,0.0,11.17,6.5,4.67
100300,2024-11-30,Vivid Webcam HD,Electronics,West,3,45.65,0.0,136.95,88.18,48.77
101287,2024-11-30,Buzz Bluetooth Speaker,Electronics,East,4,63.75,0.15,216.74,165.45,51.29
102157,2024-11-30,Comfy Standing Desk,Furniture,West,1,395.37,0.0,395.37,247.49,147.88
100285,2024-12-01,Comfy Standing Desk,Furniture,South,4,430.26,0.0,1721.03,1161.7,559.33
100317,2024-12-01,Aero Laptop 14,Electronics,North,1,941.47,0.0,941.47,698.29,243.18
100727,2024-12-01,Comfy Standing Desk,Furniture,East,3,421.43,0.0,1264.28,899.12,365.16
100946,2024-12-01,Sharp Pen Pack,Office Supplies,West,3,8.15,0.0,24.45,13.98,10.47
101466,2024-12-01,Vivid Monitor 27in,Electronics,Central,2,272.89,0.15,463.91,365.04,98.87
103024,2024-12-01,Comfy Bookshelf,Furniture,North,1,158.31,0.0,158.31,114.61,43.7
103325,2024-12-01,Comfy Standing Desk,Furniture,East,1,391.56,0.1,352.4,216.69,135.71
103463,2024-12-01,Sharp Notebook Set,Office Supplies,North,1,11.78,0.0,11.78,8.75,3.03
100463,2024-12-02,Aero Laptop 14,Electronics,South,3,1008.44,0.0,3025.32,1987.37,1037.95
101505,2024-12-02,Comfy Standing Desk,Furniture,East,1,406.14,0.05,385.83,264.42,121.41
102329,2024-12-02,Aero Laptop 16,Electronics,East,1,1288.58,0.0,1288.58,888.15,400.43
103192,2024-12-02,Sharp Whiteboard,Office Supplies,North,2,60.59,0.0,121.18,67.96,53.22
100020,2024-12-03,Aero Laptop 16,Electronics,East,2,1245.35,0.0,2490.7,1741.74,748.96
100937,2024-12-03,Aero Laptop 14,Electronics,South,1,929.09,0.0,929.09,622.44,306.65
101922,2024-12-03,Comfy Office Chair,Furniture,North,1,211.5,0.1,190.35,136.74,53.61
102252,2024-12-03,Aero Laptop 16,Electronics,Central,2,1384.63,0.1,2492.34,1707.6,784.74
100484,2024-12-04,Buzz Wireless Earbuds,Electronics,West,2,73.81,0.15,125.47,92.32,33.15
100982,2024-12-04,Buzz Wireless Earbuds,Electronics,Central,4,83.17,0.0,332.68,210.57,122.11
101085,2024-12-04,Buzz Bluetooth Speaker,Electronics,Central,2,63.0,0.0,125.99,84.59,41.4
101352,2024-12-04,Sharp Notebook Set,Office Supplies,North,2,11.08,0.0,22.16,15.86,6.3
101737,2024-12-04,Comfy Office Chair,Furniture,North,3,229.12,0.1,618.62,460.63,157.99
101976,2024-12-04,Vivid Webcam HD,Electronics,North,1,47.67,0.0,47.67,26.75,20.92
102091,2024-12-04,Vivid Webcam HD,Electronics,West,1,48.37,0.0,48.37,29.79,18.58
102520,2024-12-04,Comfy Standing Desk,Furniture,North,3,377.22,0.05,1075.07,808.59,266.48
102590,2024-12-04,Aero Laptop 16,Electronics,Central,3,1345.36,0.0,4036.07,2976.87,1059.2
102603,2024-12-04,Comfy Bookshelf,Furniture,Central,1,138.1,0.05,131.2,78.08,53.12
102904,2024-12-04,Sharp Pen Pack,Office Supplies,North,1,7.45,0.0,7.45,4.95,2.5
103288,2024-12-04,Comfy Office Chair,Furniture,Central,2,230.78,0.0,461.56,284.7,176.86
101172,2024-12-05,Sharp Pen Pack,Office Supplies,East,3,7.6,0.0,22.8,14.25,8.55
101240,2024-12-05,Sharp Whiteboard,Office Supplies,South,2,64.86,0.0,129.72,76.51,53.21
101490,2024-12-05,Buzz Bluetooth Speaker,Electronics,South,4,55.54,0.0,222.15,145.95,76.2
101607,2024-12-05,Sharp Whiteboard,Office Supplies,West,1,61.05,0.05,58.0,36.3,21.7
101664,2024-12-05,Buzz Bluetooth Speaker,Electronics,West,3,57.96,0.1,156.5,108.15,48.35
102200,2024-12-05,Comfy Bookshelf,Furniture,East,3,150.82,0.1,407.23,276.36,130.87
103240,2024-12-05,Comfy Standing Desk,Furniture,West,4,394.24,0.0,1576.95,1086.21,490.74
103456,2024-12-05,Sharp Whiteboard,Office Supplies,West,2,66.58,0.0,133.16,87.02,46.14
103544,2024-12-05,Sharp Notebook Set,Office Supplies,West,3,12.48,0.0,37.45,26.06,11.39
100301,2024-12-06,Comfy Office Chair,Furniture,North,6,234.94,0.0,1409.67,931.33,478.34
100381,2024-12-06,Buzz Bluetooth Speaker,Electronics,West,1,59.72,0.0,59.72,35.18,24.54
101160,2024-12-06,Buzz Bluetooth Speaker,Electronics,South,2,62.06,0.0,124.12,90.63,33.49
102245,2024-12-06,Vivid Monitor 27in,Electronics,South,1,274.64,0.1,247.17,155.34,91.83
102283,2024-12-06,Sharp Notebook Set,Office Supplies,East,1,12.57,0.0,12.57,8.42,4.15
102784,2024-12-06,Comfy Standing Desk,Furniture,Central,1,404.4,0.0,404.4,289.47,114.93
103493,2024-12-06,Sharp Whiteboard,Office Supplies,East,1,68.03,0.0,68.03,46.85,21.18
100345,2024-12-07,Aero Laptop 16,Electronics,Central,2,1254.82,0.0,2509.65,1527.13,982.52
100764,2024-12-07,Comfy Office Chair,Furniture,Central,4,216.58,0.0,866.31,571.96,294.35
100825,2024-12-07,Vivid Webcam HD,Electronics,West,2,43.41,0.05,82.47,53.84,28.63
101214,2024-12-07,Sharp Notebook Set,Office Supplies,West,1,11.37,0.0,11.37,6.89,4.48
101479,2024-12-07,Aero Laptop 16,Electronics,Central,2,1308.32,0.0,2616.64,1794.44,822.2
102072,2024-12-07,Sharp Pen Pack,Office Supplies,East,5,8.08,0.0,40.38,25.92,14.46
102097,2024-12-07,Aero Laptop 14,Electronics,West,5,911.55,0.1,4101.99,3326.25,775.74
102622,2024-12-07,Comfy Bookshelf,Furniture,South,4,147.7,0.0,590.81,352.61,238.2
102649,2024-12-07,Sharp Whiteboard,Office Supplies,West,1,60.53,0.1,54.48,35.7,18.78
102758,2024-12-07,Buzz Bluetooth Speaker,Electronics,South,3,63.11,0.0,189.34,114.14,75.2
100216,2024-12-08,Sharp Notebook Set,Office Supplies,Central,4,12.21,0.0,48.82,32.63,16.19
100659,2024-12-08,Comfy Office Chair,Furniture,East,1,203.49,0.1,183.14,121.72,61.42
101524,2024-12-08,Buzz Bluetooth Speaker,Electronics,South,4,56.92,0.0,227.69,140.83,86.86
101953,2024-12-08,Comfy Standing Desk,Furniture,East,2,436.76,0.0,873.51,563.92,309.59
102242,2024-12-08,Buzz Wireless Earbuds,Electronics,East,1,77.58,0.0,77.58,50.83,26.75
103099,2024-12-08,Vivid Monitor 27in,Electronics,Central,1,263.15,0.1,236.84,186.92,49.92
103497,2024-12-08,Sharp Pen Pack,Office Supplies,Central,5,7.51,0.0,37.56,25.03,12.53
100462,2024-12-09,Sharp Notebook Set,Office Supplies,North,1,12.67,0.0,12.67,7.59,5.08
101609,2024-12-09,Comfy Bookshelf,Furniture,Central,8,153.27,0.05,1164.86,838.67,326.19
101672,2024-12-09,Comfy Standing Desk,Furniture,Central,2,414.42,0.0,828.83,458.78,370.05
102119,2024-12-09,Sharp Pen Pack,Office Supplies,Central,1,7.45,0.0,7.45,5.05,2.4
102211,2024-12-09,Comfy Standing Desk,Furniture,Central,3,427.38,0.0,1282.13,804.91,477.22
102941,2024-12-09,Buzz Wireless Earbuds,Electronics,South,3,74.53,0.05,212.4,147.79,64.61
103221,2024-12-09,Aero Laptop 14,Electronics,South,1,920.16,0.0,920.16,533.57,386.59
100883,2024-12-10,Comfy Standing Desk,Furniture,Central,1,407.89,0.0,407.89,273.14,134.75
102620,2024-12-10,Vivid Monitor 27in,Electronics,East,1,276.67,0.0,276.67,153.72,122.95
103393,2024-12-10,Comfy Office Chair,Furniture,West,1,206.24,0.0,206.24,143.93,62.31
100004,2024-12-11,Comfy Office Chair,Furniture,South,2,231.73,0.0,463.46,291.15,172.31
101248,2024-12-11,Buzz Bluetooth Speaker,Electronics,South,4,57.45,0.0,229.8,131.64,98.16
101427,2024-12-11,Buzz Wireless Earbuds,Electronics,Central,2,76.9,0.0,153.79,98.17,55.62
101811,2024-12-11,Buzz Wireless Earbuds,Electronics,Central,3,76.6,0.0,229.8,147.06,82.74
101887,2024-12-11,Comfy Bookshelf,Furniture,South,2,152.39,0.15,259.06,215.98,43.08
101994,2024-12-11,Buzz Wireless Earbuds,Electronics,North,5,75.81,0.05,360.11,269.01,91.1
102990,2024-12-11,Vivid Monitor 27in,Electronics,West,1,296.36,0.05,281.54,207.67,73.87
101815,2024-12-12,Sharp Notebook Set,Office Supplies,East,2,12.67,0.0,25.35,14.59,10.76
102126,2024-12-12,Aero Laptop 14,Electronics,East,2,912.73,0.0,1825.46,1333.11,492.35
103018,2024-12-12,Comfy Office Chair,Furniture,Central,2,223.75,0.05,425.13,335.41,89.72
103268,2024-12-12,Sharp Pen Pack,Office Supplies,East,4,7.84,0.0,31.37,17.52,13.85
103466,2024-12-12,Vivid Monitor 27in,Electronics,East,3,273.68,0.05,779.98,570.42,209.56
100217,2024-12-13,Vivid Webcam HD,Electronics,North,3,44.8,0.15,114.25,81.16,33.09
101299,2024-12-13,Comfy Office Chair,Furniture,North,1,205.01,0.0,205.01,131.97,73.04
101560,2024-12-13,Vivid Monitor 27in,Electronics,West,3,269.12,0.0,807.37,478.58,328.79
103132,2024-12-13,Vivid Monitor 27in,Electronics,South,3,293.04,0.0,879.12,533.08,346.04
103264,2024-12-13,Vivid Webcam HD,Electronics,South,9,44.4,0.0,399.59,272.51,127.08
100339,2024-12-14,Comfy Office Chair,Furniture,Central,2,233.17,0.0,466.33,281.04,185.29
101716,2024-12-14,Sharp Pen Pack,Office Supplies,North,5,7.62,0.0,38.09,28.23,9.86
101930,2024-12-14,Comfy Office Chair,Furniture,West,2,207.08,0.0,414.16,231.56,182.6
102650,2024-12-14,Vivid Webcam HD,Electronics,South,2,46.31,0.0,92.61,62.79,29.82
100939,2024-12-15,Aero Laptop 14,Electronics,Central,1,1004.36,0.1,903.93,742.57,161.36
101097,2024-12-15,Buzz Bluetooth Speaker,Electronics,South,1,62.46,0.0,62.46,39.93,22.53
101176,2024-12-15,Sharp Whiteboard,Office Supplies,South,4,61.2,0.0,244.79,167.07,77.72
101196,2024-12-15,Sharp Notebook Set,Office Supplies,East,1,11.25,0.05,10.69,8.06,2.63
101620,2024-12-15,Sharp Pen Pack,Office Supplies,South,2,8.25,0.0,16.51,12.0,4.51
102478,2024-12-15,Aero Laptop 16,Electronics,Central,5,1201.59,0.15,5106.75,3344.75,1762.0
102485,2024-12-15,Vivid Webcam HD,Electronics,South,3,48.04,0.0,144.12,100.41,43.71
102537,2024-12-15,Aero Laptop 14,Electronics,Central,1,1025.93,0.0,1025.93,739.43,286.5
102700,2024-12-15,Comfy Office Chair,Furniture,South,1,221.68,0.05,210.59,139.47,71.12
103146,2024-12-15,Buzz Wireless Earbuds,Electronics,Central,1,74.95,0.0,74.95,43.08,31.87
100669,2024-12-16,Vivid Webcam HD,Electronics,South,3,48.37,0.0,145.1,108.78,36.32
100976,2024-12-16,Aero Laptop 16,Electronics,West,2,1361.09,0.05,2586.08,1626.41,959.67
102062,2024-12-16,Comfy Bookshelf,Furniture,East,1,154.47,0.0,154.47,109.02,45.45
102405,2024-12-16,Buzz Bluetooth Speaker,Electronics,West,2,62.4,0.0,124.8,92.88,31.92
102452,2024-12-16,Aero Laptop 14,Electronics,West,1,989.86,0.0,989.86,741.88,247.98
103516,2024-12-16,Buzz Wireless Earbuds,Electronics,North,1,83.49,0.05,79.32,54.16,25.16
100292,2024-12-17,Comfy Standing Desk,Furniture,East,3,384.15,0.0,1152.44,851.59,300.85
100548,2024-12-17,Aero Laptop 16,Electronics,South,1,1323.12,0.15,1124.65,823.19,301.46
101036,2024-12-17,Sharp Whiteboard,Office Supplies,Central,1,66.72,0.0,66.72,46.12,20.6
101289,2024-12-17,Sharp Whiteboard,Office Supplies,North,2,65.11,0.0,130.22,77.33,52.89
100674,2024-12-18,Buzz Bluetooth Speaker,Electronics,West,1,63.08,0.0,63.08,41.11,21.97
101613,2024-12-18,Vivid Monitor 27in,Electronics,South,1,289.85,0.0,289.85,177.54,112.31
102086,2024-12-18,Aero Laptop 14,Electronics,Central,2,990.61,0.0,1981.22,1222.72,758.5
102111,2024-12-18,Comfy Office Chair,Furniture,West,3,237.29,0.0,711.88,473.2,238.68
102891,2024-12-18,Buzz Wireless Earbuds,Electronics,Central,1,76.08,0.0,76.08,45.16,30.92
103501,2024-12-18,Sharp Whiteboard,Office Supplies,East,3,67.97,0.0,203.91,152.62,51.29
100250,2024-12-19,Vivid Monitor 27in,Electronics,North,1,266.07,0.05,252.77,184.39,68.38
100934,2024-12-19,Aero Laptop 14,Electronics,South,2,908.57,0.0,1817.14,1109.73,707.41
101332,2024-12-19,Sharp Whiteboard,Office Supplies,North,3,69.13,0.0,207.4,153.26,54.14
101635,2024-12-19,Buzz Wireless Earbuds,Electronics,Central,2,75.01,0.0,150.03,89.83,60.2
101740,2024-12-19,Vivid Webcam HD,Electronics,Central,3,45.92,0.05,130.87,90.87,40.0
100315,2024-12-20,Comfy Office Chair,Furniture,East,3,216.15,0.0,648.46,390.15,258.31
100426,2024-12-20,Aero Laptop 14,Electronics,West,3,1010.28,0.0,3030.84,1680.64,1350.2
100865,2024-12-20,Buzz Wireless Earbuds,Electronics,West,4,74.79,0.0,299.16,196.38,102.78
101336,2024-12-20,Vivid Webcam HD,Electronics,West,4,46.92,0.05,178.3,133.75,44.55
101684,2024-12-20,Buzz Wireless Earbuds,Electronics,Central,2,79.86,0.0,159.73,114.04,45.69
102239,2024-12-20,Comfy Office Chair,Furniture,West,3,226.46,0.0,679.38,457.62,221.76
102729,2024-12-20,Vivid Webcam HD,Electronics,Central,1,44.58,0.0,44.58,29.13,15.45
100112,2024-12-21,Vivid Monitor 27in,Electronics,East,2,258.91,0.05,491.93,298.15,193.78
100540,2024-12-21,Buzz Bluetooth Speaker,Electronics,West,1,56.4,0.0,56.4,33.61,22.79
101496,2024-12-21,Aero Laptop 14,Electronics,Central,1,918.18,0.0,918.18,606.05,312.13
101832,2024-12-21,Vivid Monitor 27in,Electronics,South,2,257.64,0.05,489.53,375.06,114.47
102963,2024-12-21,Comfy Standing Desk,Furniture,West,2,440.86,0.05,837.63,649.11,188.52
103011,2024-12-21,Buzz Bluetooth Speaker,Electronics,East,3,56.11,0.0,168.33,112.68,55.65
103270,2024-12-21,Sharp Pen Pack,Office Supplies,Central,1,7.74,0.1,6.97,5.78,1.19
103358,2024-12-21,Sharp Notebook Set,Office Supplies,West,3,12.78,0.1,34.5,28.69,5.81
100610,2024-12-22,Aero Laptop 14,Electronics,East,1,964.06,0.0,964.06,650.27,313.79
100685,2024-12-22,Sharp Pen Pack,Office Supplies,North,3,8.28,0.0,24.85,14.2,10.65
100904,2024-12-22,Comfy Standing Desk,Furniture,East,2,408.09,0.1,734.57,512.09,222.48
101701,2024-12-22,Sharp Notebook Set,Office Supplies,Central,1,11.19,0.0,11.19,6.46,4.73
102210,2024-12-22,Vivid Webcam HD,Electronics,Central,1,45.04,0.0,45.04,24.82,20.22
102312,2024-12-22,Vivid Monitor 27in,Electronics,Central,1,260.0,0.0,260.0,185.15,74.85
102342,2024-12-22,Sharp Whiteboard,Office Supplies,North,1,63.71,0.0,63.71,38.28,25.43
102516,2024-12-22,Buzz Wireless Earbuds,Electronics,South,1,82.01,0.0,82.01,49.22,32.79
102613,2024-12-22,Aero Laptop 16,Electronics,Central,5,1236.76,0.0,6183.82,3610.38,2573.44
102982,2024-12-22,Aero Laptop 14,Electronics,South,1,990.99,0.0,990.99,639.83,351.16
100047,2024-12-23,Vivid Webcam HD,Electronics,West,1,46.06,0.0,46.06,27.44,18.62
100400,2024-12-23,Sharp Whiteboard,Office Supplies,North,2,64.54,0.0,129.07,89.85,39.22
101403,2024-12-23,Vivid Webcam HD,Electronics,North,1,42.88,0.0,42.88,30.52,12.36
101437,2024-12-23,Sharp Whiteboard,Office Supplies,Central,4,61.4,0.0,245.62,143.81,101.81
102085,2024-12-23,Buzz Bluetooth Speaker,Electronics,Central,1,59.2,0.0,59.2,34.73,24.47
102840,2024-12-23,Comfy Bookshelf,Furniture,North,6,160.76,0.15,819.89,610.59,209.3
100013,2024-12-24,Comfy Standing Desk,Furniture,North,1,385.06,0.0,385.06,284.4,100.66
100615,2024-12-24,Sharp Pen Pack,Office Supplies,North,1,8.37,0.0,8.37,4.72,3.65
100673,2024-12-24,Comfy Bookshelf,Furniture,West,4,160.7,0.0,642.79,453.13,189.66
101946,2024-12-24,Comfy Bookshelf,Furniture,South,3,138.11,0.0,414.33,264.93,149.4
102138,2024-12-24,Vivid Monitor 27in,Electronics,Central,3,280.35,0.1,756.94,489.4,267.54
102664,2024-12-24,Sharp Whiteboard,Office Supplies,West,2,65.98,0.0,131.95,87.86,44.09
102755,2024-12-24,Sharp Notebook Set,Office Supplies,South,4,11.07,0.0,44.27,29.58,14.69
103033,2024-12-24,Aero Laptop 16,Electronics,South,3,1253.67,0.0,3761.0,2521.33,1239.67
100114,2024-12-25,Aero Laptop 16,Electronics,West,2,1354.29,0.0,2708.59,2011.39,697.2
100767,2024-12-25,Buzz Wireless Earbuds,Electronics,North,2,82.95,0.0,165.9,94.39,71.51
100869,2024-12-25,Comfy Standing Desk,Furniture,Central,2,388.92,0.05,738.95,550.14,188.81
101125,2024-12-25,Comfy Standing Desk,Furniture,South,2,420.12,0.0,840.24,502.86,337.38
103129,2024-12-25,Buzz Bluetooth Speaker,Electronics,West,1,59.43,0.0,59.43,41.85,17.58
103590,2024-12-25,Vivid Webcam HD,Electronics,Central,5,48.19,0.0,240.96,147.94,93.02
100078,2024-12-26,Aero Laptop 14,Electronics,East,2,919.54,0.0,1839.08,1157.63,681.45
100141,2024-12-26,Sharp Whiteboard,Office Supplies,Central,1,63.11,0.1,56.8,47.25,9.55
101371,2024-12-26,Sharp Notebook Set,Office Supplies,West,4,12.85,0.0,51.39,37.03,14.36
101600,2024-12-26,Sharp Whiteboard,Office Supplies,North,2,67.03,0.0,134.06,76.18,57.88
101624,2024-12-26,Comfy Standing Desk,Furniture,South,2,410.12,0.0,820.25,489.23,331.02
101884,2024-12-26,Comfy Standing Desk,Furniture,Central,3,428.93,0.15,1093.78,914.45,179.33
103015,2024-12-26,Sharp Whiteboard,Office Supplies,North,1,66.33,0.0,66.33,49.3,17.03
103317,2024-12-26,Vivid Monitor 27in,Electronics,East,2,292.65,0.1,526.76,388.79,137.97
103575,2024-12-26,Sharp Notebook Set,Office Supplies,West,1,11.27,0.0,11.27,7.15,4.12
100835,2024-12-27,Sharp Pen Pack,Office Supplies,West,3,8.25,0.0,24.76,14.11,10.65
101126,2024-12-27,Aero Laptop 16,Electronics,North,1,1388.95,0.05,1319.5,826.36,493.14
102042,2024-12-27,Comfy Standing Desk,Furniture,West,1,427.5,0.0,427.5,275.31,152.19
102053,2024-12-27,Vivid Monitor 27in,Electronics,Central,1,272.94,0.05,259.29,182.12,77.17
102930,2024-12-27,Comfy Office Chair,Furniture,South,2,217.83,0.0,435.67,282.57,153.1
103239,2024-12-27,Sharp Whiteboard,Office Supplies,Central,5,69.47,0.0,347.36,248.6,98.76
100601,2024-12-28,Comfy Standing Desk,Furniture,East,1,393.38,0.0,393.38,265.81,127.57
101619,2024-12-28,Sharp Notebook Set,Office Supplies,North,4,11.82,0.05,44.9,35.01,9.89
100146,2024-12-29,Vivid Monitor 27in,Electronics,West,3,300.37,0.0,901.11,564.11,337.0
100206,2024-12-29,Vivid Webcam HD,Electronics,North,3,43.16,0.0,129.48,73.47,56.01
100474,2024-12-29,Comfy Bookshelf,Furniture,East,1,155.43,0.0,155.43,94.9,60.53
100587,2024-12-29,Sharp Pen Pack,Office Supplies,East,2,7.84,0.05,14.91,10.65,4.26
100693,2024-12-29,Sharp Notebook Set,Office Supplies,East,1,11.19,0.0,11.19,7.06,4.13
101225,2024-12-29,Vivid Webcam HD,Electronics,South,3,42.8,0.15,109.14,79.91,29.23
101618,2024-12-29,Comfy Bookshelf,Furniture,Central,4,151.64,0.05,576.23,397.36,178.87
101714,2024-12-29,Comfy Office Chair,Furniture,West,2,207.58,0.0,415.15,246.96,168.19
102177,2024-12-29,Sharp Pen Pack,Office Supplies,Central,1,8.0,0.0,8.0,5.68,2.32
102186,2024-12-29,Comfy Office Chair,Furniture,Central,3,222.03,0.05,632.79,383.44,249.35
103009,2024-12-29,Sharp Pen Pack,Office Supplies,East,1,7.79,0.0,7.79,4.41,3.38
102152,2024-12-30,Comfy Office Chair,Furniture,Central,3,223.4,0.0,670.21,499.7,170.51
102785,2024-12-30,Sharp Notebook Set,Office Supplies,East,2,11.1,0.05,21.09,14.76,6.33
103141,2024-12-30,Comfy Standing Desk,Furniture,Central,1,435.31,0.0,435.31,239.61,195.7
103425,2024-12-30,Aero Laptop 14,Electronics,South,2,917.17,0.0,1834.35,1263.81,570.54
103141,2024-12-30,Comfy Standing Desk,Furniture,Central,1,435.31,0.0,435.31,239.61,195.7
100174,2024-12-31,Buzz Bluetooth Speaker,Electronics,South,2,56.87,0.0,113.74,77.58,36.16
100204,2024-12-31,Comfy Standing Desk,Furniture,Central,1,425.73,0.0,425.73,318.31,107.42
101879,2024-12-31,Vivid Webcam HD,Electronics,East,3,42.16,0.0,126.48,89.1,37.38
102057,2024-12-31,Buzz Bluetooth Speaker,Electronics,East,1,64.08,0.0,64.08,36.02,28.06
102140,2024-12-31,Comfy Standing Desk,Furniture,North,1,407.83,0.0,407.83,237.55,170.28
102487,2024-12-31,Aero Laptop 14,Electronics,West,4,998.08,0.1,3593.1,2505.81,1087.29
103417,2024-12-31,Vivid Monitor 27in,Electronics,East,1,272.5,0.0,272.5,192.49,80.01
100136,2025-01-01,Comfy Standing Desk,Furniture,West,1,394.9,0.0,394.9,259.14,135.76
100291,2025-01-01,Aero Laptop 16,Electronics,North,1,1396.72,0.0,1396.72,957.04,439.68
101051,2025-01-01,Sharp Whiteboard,Office Supplies,West,2,61.95,0.0,123.9,71.32,52.58
101245,2025-01-01,Aero Laptop 16,Electronics,East,1,1268.15,0.0,1268.15,744.76,523.39
101342,2025-01-01,Sharp Notebook Set,Office Supplies,North,3,11.25,0.1,30.38,22.22,8.16
102320,2025-01-01,Comfy Office Chair,Furniture,North,2,226.46,0.1,407.63,336.0,71.63
102437,2025-01-01,Sharp Notebook Set,Office Supplies,East,1,11.75,0.0,11.75,8.3,3.45
102846,2025-01-01,Aero Laptop 16,Electronics,North,1,1266.47,0.0,1266.47,713.39,553.08
100490,2025-01-02,Sharp Whiteboard,Office Supplies,South,2,67.09,0.05,127.47,98.74,28.73
100493,2025-01-02,Vivid Monitor 27in,Electronics,North,2,284.38,0.0,568.76,360.52,208.24
101925,2025-01-02,Comfy Standing Desk,Furniture,Central,1,416.27,0.0,416.27,308.94,107.33
102141,2025-01-02,Sharp Whiteboard,Office Supplies,East,2,62.82,0.0,125.64,78.08,47.56
102676,2025-01-02,Vivid Monitor 27in,Electronics,South,4,262.85,0.0,1051.42,732.6,318.82
103126,2025-01-02,Sharp Whiteboard,Office Supplies,West,4,59.99,0.05,227.95,141.12,86.83
103366,2025-01-02,Buzz Bluetooth Speaker,Electronics,South,3,58.1,0.0,174.3,96.39,77.91
101534,2025-01-04,Buzz Bluetooth Speaker,Electronics,East,1,59.21,0.0,59.21,38.56,20.65
102145,2025-01-04,Aero Laptop 14,Electronics,West,1,963.97,0.0,963.97,619.98,343.99
102693,2025-01-04,Vivid Monitor 27in,Electronics,East,1,297.28,0.0,297.28,197.1,100.18
103205,2025-01-04,Sharp Whiteboard,Office Supplies,South,1,67.2,0.0,67.2,42.93,24.27
103607,2025-01-04,Comfy Office Chair,Furniture,East,3,219.58,0.0,658.75,366.31,292.44
101476,2025-01-05,Vivid Monitor 27in,Electronics,West,1,299.85,0.0,299.85,216.18,83.67
102851,2025-01-05,Comfy Standing Desk,Furniture,South,5,380.94,0.05,1809.48,1316.33,493.15
102896,2025-01-05,Comfy Standing Desk,Furniture,East,4,417.62,0.0,1670.48,1084.67,585.81
100525,2025-01-06,Vivid Monitor 27in,Electronics,East,5,294.42,0.0,1472.09,1000.24,471.85
100990,2025-01-06,Buzz Wireless Earbuds,Electronics,West,3,84.59,0.0,253.76,188.86,64.9
101863,2025-01-06,Vivid Monitor 27in,Electronics,East,1,274.97,0.0,274.97,200.1,74.87
101961,2025-01-06,Comfy Bookshelf,Furniture,West,3,157.99,0.0,473.96,277.35,196.61
102438,2025-01-06,Aero Laptop 16,Electronics,South,2,1286.15,0.15,2186.45,1525.31,661.14
100926,2025-01-07,Aero Laptop 14,Electronics,West,1,880.61,0.1,792.54,577.25,215.29
101743,2025-01-07,Buzz Bluetooth Speaker,Electronics,North,4,63.87,0.0,255.47,168.5,86.97
101979,2025-01-07,Sharp Notebook Set,Office Supplies,East,3,12.84,0.0,38.53,23.19,15.34
102258,2025-01-07,Comfy Bookshelf,Furniture,South,1,146.15,0.1,131.53,95.08,36.45
100056,2025-01-08,Sharp Notebook Set,Office Supplies,Central,3,12.91,0.0,38.73,23.03,15.7
100384,2025-01-08,Sharp Whiteboard,Office Supplies,South,2,67.09,0.0,134.19,100.56,33.63
100419,2025-01-08,Vivid Webcam HD,Electronics,West,3,42.8,0.05,121.99,77.63,44.36
101088,2025-01-08,Buzz Wireless Earbuds,Electronics,West,3,82.1,0.0,246.29,137.65,108.64
101453,2025-01-08,Vivid Monitor 27in,Electronics,South,2,268.26,0.15,456.04,348.83,107.21
102497,2025-01-08,Comfy Office Chair,Furniture,East,2,203.78,0.0,407.56,270.24,137.32
103433,2025-01-08,Comfy Standing Desk,Furniture,East,3,434.17,0.0,1302.51,787.88,514.63
101296,2025-01-09,Vivid Webcam HD,Electronics,West,3,47.52,0.0,142.57,79.46,63.11
101434,2025-01-09,Buzz Wireless Earbuds,Electronics,Central,9,83.65,0.1,677.53,521.33,156.2
101745,2025-01-09,Buzz Bluetooth Speaker,Electronics,East,1,62.4,0.05,59.28,42.46,16.82
103136,2025-01-09,Sharp Pen Pack,Office Supplies,East,1,7.52,0.0,7.52,5.12,2.4
103436,2025-01-09,Sharp Whiteboard,Office Supplies,West,1,66.03,0.0,66.03,38.22,27.81
103561,2025-01-09,Comfy Standing Desk,Furniture,West,1,423.34,0.0,423.34,301.37,121.97
100514,2025-01-10,Aero Laptop 16,Electronics,East,1,1240.42,0.0,1240.42,856.89,383.53
100593,2025-01-10,Comfy Bookshelf,Furniture,East,4,140.0,0.0,559.99,342.88,217.11
101221,2025-01-10,Sharp Whiteboard,Office Supplies,North,5,68.61,0.0,343.03,191.14,151.89
102854,2025-01-10,Sharp Notebook Set,Office Supplies,East,1,11.35,0.05,10.78,7.24,3.54
103373,2025-01-10,Aero Laptop 16,Electronics,South,2,1298.01,0.0,2596.02,1695.96,900.06
100734,2025-01-11,Comfy Bookshelf,Furniture,West,1,148.36,0.0,148.36,96.9,51.46
101390,2025-01-11,Comfy Office Chair,Furniture,Central,2,216.66,0.1,389.99,268.93,121.06
101996,2025-01-11,Sharp Notebook Set,Office Supplies,West,2,12.48,0.05,23.72,14.46,9.26
103495,2025-01-11,Buzz Bluetooth Speaker,Electronics,West,1,55.97,0.0,55.97,39.13,16.84
100075,2025-01-12,Sharp Pen Pack,Office Supplies,North,4,8.62,0.05,32.76,19.83,12.93
100089,2025-01-12,Vivid Webcam HD,Electronics,South,1,42.39,0.1,38.15,30.72,7.43
100765,2025-01-12,Comfy Standing Desk,Furniture,East,2,412.24,0.05,783.27,470.48,312.79
101455,2025-01-12,Comfy Standing Desk,Furniture,Central,1,435.08,0.0,435.08,273.01,162.07
101529,2025-01-12,Sharp Notebook Set,Office Supplies,East,6,12.26,0.05,69.86,54.84,15.02
101837,2025-01-12,Comfy Bookshelf,Furniture,West,1,155.16,0.0,155.16,108.24,46.92
102155,2025-01-12,Aero Laptop 14,Electronics,West,1,937.75,0.0,937.75,694.23,243.52
102586,2025-01-12,Aero Laptop 14,Electronics,West,2,907.9,0.0,1815.81,1252.08,563.73
102668,2025-01-12,Buzz Bluetooth Speaker,Electronics,West,2,61.07,0.0,122.14,80.65,41.49
102612,2025-01-13,Aero Laptop 14,Electronics,Central,1,890.29,0.05,845.78,500.03,345.75
102806,2025-01-13,Comfy Bookshelf,Furniture,North,2,152.58,0.0,305.17,173.37,131.8
103133,2025-01-13,Vivid Monitor 27in,Electronics,South,2,266.23,0.0,532.47,332.19,200.28
103139,2025-01-13,Vivid Webcam HD,Electronics,East,3,44.85,0.0,134.56,86.0,48.56
103185,2025-01-13,Buzz Bluetooth Speaker,Electronics,East,4,60.9,0.05,231.41,175.34,56.07
100495,2025-01-14,Sharp Whiteboard,Office Supplies,North,4,69.85,0.0,279.41,158.33,121.08
100641,2025-01-14,Aero Laptop 14,Electronics,Central,2,922.17,0.0,1844.34,1119.73,724.61
101741,2025-01-14,Buzz Bluetooth Speaker,Electronics,West,2,58.49,0.0,116.98,72.1,44.88
102338,2025-01-14,Sharp Whiteboard,Office Supplies,Central,2,62.98,0.0,125.95,91.28,34.67
102777,2025-01-14,Sharp Notebook Set,Office Supplies,East,1,11.82,0.0,11.82,7.41,4.41
102865,2025-01-14,Aero Laptop 16,Electronics,North,2,1365.72,0.15,2321.73,1862.93,458.8
100156,2025-01-15,Sharp Whiteboard,Office Supplies,Central,5,60.43,0.0,302.13,224.04,78.09
100743,2025-01-15,Comfy Standing Desk,Furniture,West,2,391.71,0.0,783.41,556.72,226.69
101177,2025-01-15,Vivid Monitor 27in,Electronics,South,2,287.74,0.05,546.7,393.26,153.44
101344,2025-01-15,Vivid Webcam HD,Electronics,North,1,42.75,0.0,42.75,30.33,12.42
101554,2025-01-15,Sharp Whiteboard,Office Supplies,Central,1,61.46,0.0,61.46,35.72,25.74
101883,2025-01-15,Sharp Pen Pack,Office Supplies,North,2,8.14,0.0,16.27,9.15,7.12
102304,2025-01-15,Comfy Standing Desk,Furniture,Central,4,423.17,0.1,1523.4,999.56,523.84
100782,2025-01-16,Sharp Notebook Set,Office Supplies,West,1,12.62,0.0,12.62,9.22,3.4
100801,2025-01-16,Vivid Monitor 27in,Electronics,South,2,258.6,0.1,465.48,341.78,123.7
100928,2025-01-16,Comfy Bookshelf,Furniture,South,1,159.86,0.0,159.86,97.07,62.79
102734,2025-01-16,Sharp Whiteboard,Office Supplies,North,1,63.92,0.0,63.92,37.67,26.25
103627,2025-01-16,Sharp Notebook Set,Office Supplies,North,2,12.38,0.0,24.76,18.35,6.41
100440,2025-01-17,Aero Laptop 14,Electronics,North,3,1001.51,0.0,3004.52,2071.33,933.19
100690,2025-01-17,Aero Laptop 14,Electronics,Central,1,945.56,0.0,945.56,697.94,247.62
101902,2025-01-17,Comfy Standing Desk,Furniture,Central,2,423.02,0.1,761.44,572.31,189.13
102331,2025-01-17,Aero Laptop 14,Electronics,West,2,927.68,0.1,1669.82,1030.58,639.24
102808,2025-01-17,Buzz Wireless Earbuds,Electronics,East,2,81.12,0.0,162.25,116.03,46.22
103458,2025-01-17,Buzz Wireless Earbuds,Electronics,South,2,74.95,0.15,127.42,85.02,42.4
100318,2025-01-18,Comfy Standing Desk,Furniture,Central,2,411.88,0.05,782.58,529.37,253.21
101233,2025-01-18,Vivid Monitor 27in,Electronics,South,2,261.71,0.0,523.41,363.95,159.46
101927,2025-01-18,Sharp Pen Pack,Office Supplies,East,3,8.35,0.0,25.04,17.6,7.44
103213,2025-01-18,Vivid Webcam HD,Electronics,South,1,41.97,0.0,41.97,25.64,16.33
101382,2025-01-19,Comfy Bookshelf,Furniture,East,1,154.39,0.0,154.39,102.18,52.21
101771,2025-01-19,Sharp Notebook Set,Office Supplies,North,1,12.31,0.0,12.31,7.68,4.63
102033,2025-01-19,Comfy Standing Desk,Furniture,North,6,407.74,0.1,2201.79,1726.48,475.31
102849,2025-01-19,Comfy Office Chair,Furniture,South,2,234.46,0.1,422.03,278.39,143.64
102889,2025-01-19,Comfy Bookshelf,Furniture,South,2,159.33,0.0,318.66,224.57,94.09
103197,2025-01-19,Aero Laptop 14,Electronics,South,5,877.2,0.0,4385.98,2975.9,1410.08
103480,2025-01-19,Comfy Standing Desk,Furniture,West,4,405.92,0.0,1623.69,1207.14,416.55
100123,2025-01-20,Sharp Notebook Set,Office Supplies,East,2,12.35,0.0,24.69,18.39,6.3
100547,2025-01-20,Buzz Wireless Earbuds,Electronics,Central,1,86.22,0.05,81.91,52.28,29.63
102069,2025-01-20,Aero Laptop 16,Electronics,North,3,1259.22,0.1,3399.88,2227.71,1172.17
100795,2025-01-21,Buzz Bluetooth Speaker,Electronics,Central,2,57.19,0.0,114.37,72.42,41.95
101610,2025-01-21,Aero Laptop 14,Electronics,East,1,1018.82,0.0,1018.82,622.84,395.98
100005,2025-01-22,Aero Laptop 16,Electronics,South,1,1202.51,0.05,1142.39,769.55,372.84
101103,2025-01-22,Comfy Office Chair,Furniture,Central,4,220.33,0.0,881.3,504.42,376.88
102819,2025-01-22,Sharp Notebook Set,Office Supplies,North,5,11.28,0.0,56.39,41.61,14.78
103098,2025-01-22,Aero Laptop 16,Electronics,South,3,1377.96,0.0,4133.87,2733.71,1400.16
103238,2025-01-22,Buzz Wireless Earbuds,Electronics,Central,2,74.67,0.0,149.34,86.62,62.72
100533,2025-01-23,Sharp Whiteboard,Office Supplies,North,1,61.15,0.0,61.15,44.13,17.02
100854,2025-01-23,Sharp Pen Pack,Office Supplies,Central,3,7.45,0.0,22.35,15.43,6.92
100478,2025-01-24,Aero Laptop 14,Electronics,Central,1,923.34,0.0,923.34,570.12,353.22
101548,2025-01-24,Sharp Whiteboard,Office Supplies,East,2,63.75,0.0,127.5,73.95,53.55
102009,2025-01-24,Aero Laptop 14,Electronics,Central,1,1025.56,0.0,1025.56,675.39,350.17
102316,2025-01-24,Sharp Whiteboard,Office Supplies,South,1,64.37,0.0,64.37,43.22,21.15
103150,2025-01-24,Vivid Monitor 27in,Electronics,East,1,272.18,0.0,272.18,152.16,120.02
100542,2025-01-25,Comfy Bookshelf,Furniture,South,1,148.78,0.1,133.9,110.18,23.72
101157,2025-01-25,Buzz Wireless Earbuds,Electronics,Central,1,83.75,0.0,83.75,57.12,26.63
102101,2025-01-25,Aero Laptop 14,Electronics,Central,3,1025.02,0.0,3075.07,2040.3,1034.77
102873,2025-01-25,Comfy Office Chair,Furniture,East,4,228.75,0.0,914.99,574.3,340.69
103183,2025-01-25,Aero Laptop 14,Electronics,West,2,935.36,0.0,1870.72,1214.72,656.0
103400,2025-01-25,Sharp Notebook Set,Office Supplies,North,1,12.65,0.0,12.65,9.45,3.2
101315,2025-01-26,Aero Laptop 14,Electronics,East,1,964.18,0.0,964.18,599.96,364.22
101494,2025-01-26,Aero Laptop 16,Electronics,South,1,1326.16,0.0,1326.16,794.01,532.15
101514,2025-01-26,Buzz Wireless Earbuds,Electronics,West,1,86.38,0.05,82.06,62.78,19.28
101692,2025-01-26,Sharp Whiteboard,Office Supplies,Central,2,66.7,0.15,113.39,95.34,18.05
101977,2025-01-26,Vivid Webcam HD,Electronics,South,2,42.01,0.15,71.42,58.08,13.34
100010,2025-01-27,Sharp Whiteboard,Office Supplies,West,1,60.13,0.0,60.13,36.85,23.28
100662,2025-01-27,Sharp Notebook Set,Office Supplies,East,1,12.45,0.0,12.45,6.85,5.6
101652,2025-01-27,Aero Laptop 14,Electronics,South,1,885.93,0.0,885.93,504.55,381.38
101810,2025-01-27,Buzz Wireless Earbuds,Electronics,West,2,75.46,0.1,135.83,109.63,26.2
103021,2025-01-27,Aero Laptop 14,Electronics,East,2,907.95,0.0,1815.9,1002.47,813.43
103193,2025-01-27,Buzz Wireless Earbuds,Electronics,North,3,82.67,0.0,248.02,179.68,68.34
103345,2025-01-27,Comfy Bookshelf,Furniture,West,7,160.76,0.05,1069.05,656.84,412.21
100813,2025-01-28,Vivid Monitor 27in,Electronics,Central,3,269.47,0.0,808.42,517.25,291.17
101509,2025-01-28,Aero Laptop 16,Electronics,North,1,1221.26,0.0,1221.26,684.73,536.53
101565,2025-01-28,Comfy Bookshelf,Furniture,South,4,157.51,0.0,630.05,467.08,162.97
101625,2025-01-28,Aero Laptop 16,Electronics,South,5,1352.66,0.0,6763.32,4460.24,2303.08
102231,2025-01-28,Buzz Wireless Earbuds,Electronics,East,3,80.43,0.0,241.28,153.43,87.85
103305,2025-01-28,Sharp Pen Pack,Office Supplies,South,1,8.08,0.0,8.08,4.78,3.3
100134,2025-01-29,Sharp Whiteboard,Office Supplies,West,1,63.3,0.05,60.14,40.27,19.87
100628,2025-01-29,Aero Laptop 14,Electronics,West,2,1009.81,0.05,1918.65,1244.9,673.75
100682,2025-01-29,Sharp Whiteboard,Office Supplies,Central,5,68.3,0.0,341.48,210.13,131.35
101310,2025-01-29,Aero Laptop 14,Electronics,East,2,938.97,0.0,1877.93,1370.4,507.53
102614,2025-01-29,Vivid Webcam HD,Electronics,East,1,44.01,0.0,44.01,29.79,14.22
102811,2025-01-29,Aero Laptop 16,Electronics,Central,2,1202.86,0.0,2405.72,1363.08,1042.64
101242,2025-01-30,Aero Laptop 16,Electronics,South,1,1285.93,0.05,1221.63,713.6,508.03
101499,2025-01-30,Comfy Office Chair,Furniture,North,2,209.85,0.0,419.7,313.13,106.57
102863,2025-01-30,Aero Laptop 14,Electronics,Central,4,957.09,0.15,3254.1,2485.54,768.56
103595,2025-01-30,Aero Laptop 14,Electronics,Central,4,884.36,0.0,3537.44,2462.25,1075.19
100118,2025-01-31,Sharp Pen Pack,Office Supplies,East,2,7.47,0.0,14.93,10.17,4.76
101654,2025-01-31,Sharp Whiteboard,Office Supplies,East,2,61.01,0.05,115.92,86.06,29.86
101733,2025-01-31,Vivid Monitor 27in,Electronics,North,7,294.83,0.0,2063.8,1532.49,531.31
102380,2025-01-31,Comfy Office Chair,Furniture,West,2,216.66,0.0,433.33,287.07,146.26
100257,2025-02-01,Sharp Whiteboard,Office Supplies,South,3,67.34,0.1,181.81,112.79,69.02
100787,2025-02-01,Comfy Bookshelf,Furniture,South,1,147.53,0.0,147.53,98.27,49.26
101845,2025-02-01,Sharp Notebook Set,Office Supplies,East,3,12.64,0.0,37.92,21.97,15.95
102099,2025-02-01,Buzz Wireless Earbuds,Electronics,North,1,86.1,0.0,86.1,49.97,36.13
102909,2025-02-01,Buzz Bluetooth Speaker,Electronics,West,3,59.05,0.0,177.15,117.73,59.42
103383,2025-02-01,Aero Laptop 14,Electronics,West,4,959.16,0.0,3836.65,2478.22,1358.43
100104,2025-02-02,Aero Laptop 14,Electronics,West,1,1019.38,0.05,968.41,613.46,354.95
100491,2025-02-02,Comfy Office Chair,Furniture,West,1,236.0,0.1,212.4,132.02,80.38
101709,2025-02-02,Vivid Monitor 27in,Electronics,West,1,291.45,0.0,291.45,213.57,77.88
102012,2025-02-02,Buzz Bluetooth Speaker,Electronics,Central,1,61.3,0.0,61.3,42.87,18.43
102052,2025-02-02,Comfy Office Chair,Furniture,East,2,232.06,0.0,464.13,298.1,166.03
102735,2025-02-02,Buzz Bluetooth Speaker,Electronics,South,3,61.27,0.0,183.81,134.46,49.35
100193,2025-02-03,Comfy Standing Desk,Furniture,East,2,433.16,0.0,866.33,583.85,282.48
101155,2025-02-03,Comfy Office Chair,Furniture,South,1,236.55,0.0,236.55,175.96,60.59
101439,2025-02-03,Buzz Bluetooth Speaker,Electronics,South,2,60.99,0.1,109.79,87.84,21.95
101586,2025-02-03,Aero Laptop 14,Electronics,South,4,938.95,0.15,3192.43,2486.49,705.94
100021,2025-02-04,Aero Laptop 14,Electronics,East,2,963.66,0.15,1638.22,1247.65,390.57
100618,2025-02-04,Comfy Bookshelf,Furniture,West,3,147.68,0.0,443.04,260.5,182.54
101241,2025-02-04,Vivid Webcam HD,Electronics,North,1,47.67,0.0,47.67,29.92,17.75
101670,2025-02-04,Sharp Notebook Set,Office Supplies,Central,4,11.97,0.0,47.87,29.88,17.99
102525,2025-02-04,Vivid Monitor 27in,Electronics,East,2,282.43,0.0,564.86,398.66,166.2
100017,2025-02-06,Sharp Whiteboard,Office Supplies,North,2,66.99,0.0,133.97,98.78,35.19
100558,2025-02-06,Buzz Wireless Earbuds,Electronics,Central,3,79.74,0.15,203.33,131.8,71.53
101270,2025-02-06,Vivid Webcam HD,Electronics,North,2,48.38,0.15,82.24,56.84,25.4
101365,2025-02-06,Buzz Bluetooth Speaker,Electronics,East,3,60.23,0.0,180.69,116.31,64.38
101791,2025-02-06,Buzz Wireless Earbuds,Electronics,South,6,83.09,0.0,498.52,344.48,154.04
102507,2025-02-06,Buzz Wireless Earbuds,Electronics,Central,3,76.46,0.0,229.38,165.69,63.69
102600,2025-02-06,Sharp Notebook Set,Office Supplies,Central,2,11.59,0.05,22.03,13.07,8.96
103049,2025-02-06,Sharp Whiteboard,Office Supplies,Central,3,64.85,0.05,184.83,129.28,55.55
103194,2025-02-06,Sharp Whiteboard,Office Supplies,East,1,69.77,0.0,69.77,50.79,18.98
100131,2025-02-07,Comfy Office Chair,Furniture,Central,2,232.92,0.0,465.84,297.08,168.76
100272,2025-02-07,Buzz Bluetooth Speaker,Electronics,East,4,61.72,0.0,246.89,157.09,89.8
100288,2025-02-07,Sharp Notebook Set,Office Supplies,Central,2,12.04,0.0,24.07,17.91,6.16
101707,2025-02-07,Buzz Bluetooth Speaker,Electronics,West,1,55.84,0.0,55.84,38.42,17.42
102434,2025-02-07,Aero Laptop 16,Electronics,East,1,1313.17,0.1,1181.85,962.29,219.56
101329,2025-02-09,Aero Laptop 14,Electronics,West,1,989.36,0.0,989.36,617.35,372.01
101849,2025-02-09,Comfy Standing Desk,Furniture,North,4,440.96,0.1,1587.46,1101.92,485.54
102575,2025-02-09,Comfy Office Chair,Furniture,Central,2,205.71,0.0,411.43,285.15,126.28
103598,2025-02-09,Vivid Webcam HD,Electronics,West,3,41.77,0.1,112.77,77.4,35.37
101228,2025-02-10,Vivid Webcam HD,Electronics,Central,3,46.84,0.0,140.51,104.75,35.76
101819,2025-02-10,Aero Laptop 16,Electronics,Central,4,1395.29,0.0,5581.15,3933.3,1647.85
102410,2025-02-10,Comfy Standing Desk,Furniture,East,4,424.5,0.0,1697.98,1166.62,531.36
102662,2025-02-10,Comfy Office Chair,Furniture,Central,2,204.92,0.0,409.83,228.58,181.25
100467,2025-02-11,Comfy Standing Desk,Furniture,Central,1,403.56,0.0,403.56,258.31,145.25
100969,2025-02-11,Aero Laptop 16,Electronics,South,1,1403.64,0.05,1333.46,852.52,480.94
102656,2025-02-11,Comfy Bookshelf,Furniture,North,3,147.84,0.0,443.51,312.49,131.02
100866,2025-02-12,Sharp Whiteboard,Office Supplies,West,2,68.09,0.0,136.19,91.93,44.26
100965,2025-02-12,Aero Laptop 14,Electronics,East,1,968.1,0.0,968.1,633.6,334.5
102094,2025-02-12,Comfy Office Chair,Furniture,Central,4,234.59,0.1,844.52,586.84,257.68
103277,2025-02-12,Sharp Whiteboard,Office Supplies,North,2,63.8,0.0,127.6,92.27,35.33
103357,2025-02-12,Sharp Whiteboard,Office Supplies,North,1,68.49,0.1,61.64,40.61,21.03
103447,2025-02-12,Sharp Pen Pack,Office Supplies,East,1,7.59,0.0,7.59,4.35,3.24
100936,2025-02-13,Buzz Wireless Earbuds,Electronics,Central,1,78.07,0.0,78.07,54.76,23.31
101385,2025-02-13,Vivid Webcam HD,Electronics,Central,1,45.36,0.0,45.36,29.79,15.57
101885,2025-02-13,Buzz Wireless Earbuds,Electronics,Central,4,83.49,0.1,300.58,212.2,88.38
101376,2025-02-14,Sharp Whiteboard,Office Supplies,North,3,63.64,0.1,171.83,122.74,49.09
101761,2025-02-14,Aero Laptop 16,Electronics,West,3,1329.32,0.05,3788.55,2567.54,1221.01
103123,2025-02-14,Sharp Pen Pack,Office Supplies,North,3,8.23,0.0,24.69,16.12,8.57
100249,2025-02-15,Buzz Bluetooth Speaker,Electronics,South,2,64.0,0.0,128.0,80.68,47.32
102107,2025-02-15,Comfy Standing Desk,Furniture,North,3,423.03,0.1,1142.17,756.57,385.6
102167,2025-02-15,Sharp Whiteboard,Office Supplies,West,1,63.92,0.0,63.92,44.66,19.26
102195,2025-02-15,Vivid Monitor 27in,Electronics,South,2,268.19,0.0,536.38,370.37,166.01
100451,2025-02-16,Buzz Wireless Earbuds,Electronics,North,1,85.8,0.0,85.8,52.3,33.5
100458,2025-02-16,Aero Laptop 16,Electronics,South,6,1335.65,0.1,7212.52,5400.05,1812.47
100853,2025-02-16,Comfy Office Chair,Furniture,Central,4,235.26,0.0,941.03,657.94,283.09
101959,2025-02-16,Aero Laptop 14,Electronics,East,2,916.98,0.0,1833.97,1054.58,779.39
103045,2025-02-16,Sharp Whiteboard,Office Supplies,East,5,63.11,0.0,315.57,230.46,85.11
100245,2025-02-17,Comfy Standing Desk,Furniture,North,4,383.82,0.1,1381.76,1053.74,328.02
100305,2025-02-17,Aero Laptop 14,Electronics,South,2,970.47,0.0,1940.93,1113.48,827.45
101612,2025-02-17,Sharp Pen Pack,Office Supplies,South,1,7.82,0.05,7.43,5.15,2.28
100360,2025-02-18,Comfy Office Chair,Furniture,South,1,226.31,0.0,226.31,143.51,82.8
100566,2025-02-18,Comfy Office Chair,Furniture,West,1,221.65,0.0,221.65,125.87,95.78
102773,2025-02-18,Comfy Office Chair,Furniture,South,1,224.03,0.0,224.03,163.94,60.09
103457,2025-02-18,Comfy Office Chair,Furniture,East,1,217.88,0.0,217.88,146.31,71.57
100235,2025-02-19,Buzz Wireless Earbuds,Electronics,Central,2,84.23,0.0,168.47,98.22,70.25
103077,2025-02-19,Comfy Bookshelf,Furniture,Central,4,142.2,0.0,568.79,352.43,216.36
101559,2025-02-20,Comfy Bookshelf,Furniture,Central,1,147.96,0.0,147.96,100.05,47.91
101862,2025-02-20,Comfy Office Chair,Furniture,North,2,235.21,0.0,470.42,336.5,133.92
102562,2025-02-20,Comfy Standing Desk,Furniture,North,4,423.09,0.0,1692.37,1167.72,524.65
103451,2025-02-20,Sharp Notebook Set,Office Supplies,East,3,11.44,0.0,34.31,22.41,11.9
101405,2025-02-21,Buzz Bluetooth Speaker,Electronics,West,3,62.29,0.1,168.19,137.2,30.99
101475,2025-02-21,Sharp Notebook Set,Office Supplies,,1,11.45,0.0,11.45,7.25,4.2
101722,2025-02-21,Comfy Standing Desk,Furniture,Central,1,382.79,0.0,382.79,278.54,104.25
102156,2025-02-21,Buzz Wireless Earbuds,Electronics,East,1,76.83,0.05,72.98,48.92,24.06
103048,2025-02-21,Vivid Monitor 27in,Electronics,Central,1,279.08,0.0,279.08,163.73,115.35
100226,2025-02-22,Vivid Monitor 27in,Electronics,North,1,263.11,0.0,263.11,162.77,100.34
100648,2025-02-22,Sharp Pen Pack,Office Supplies,West,3,7.61,0.0,22.82,16.06,6.76
100997,2025-02-22,Buzz Bluetooth Speaker,Electronics,North,1,60.7,0.0,60.7,38.2,22.5
102017,2025-02-22,Vivid Monitor 27in,Electronics,North,1,294.79,0.0,294.79,184.08,110.71
103625,2025-02-22,Comfy Office Chair,Furniture,West,1,218.26,0.0,218.26,161.39,56.87
100331,2025-02-23,Buzz Bluetooth Speaker,Electronics,South,1,58.49,0.1,52.64,33.98,18.66
100415,2025-02-23,Sharp Pen Pack,Office Supplies,East,2,8.55,0.0,17.1,10.38,6.72
100516,2025-02-23,Sharp Notebook Set,Office Supplies,East,3,11.38,0.1,30.72,21.81,8.91
100920,2025-02-23,Comfy Office Chair,Furniture,Central,1,211.3,0.0,211.3,116.85,94.45
101867,2025-02-23,Buzz Wireless Earbuds,Electronics,East,2,75.67,0.0,151.34,111.23,40.11
101975,2025-02-23,Sharp Pen Pack,Office Supplies,North,1,8.63,0.0,8.63,5.85,2.78
102802,2025-02-23,Comfy Standing Desk,Furniture,East,1,438.55,0.0,438.55,246.85,191.7
100181,2025-02-24,Aero Laptop 14,Electronics,South,2,1006.75,0.0,2013.49,1413.92,599.57
100259,2025-02-24,Comfy Standing Desk,Furniture,West,1,425.68,0.0,425.68,288.77,136.91
100649,2025-02-24,Sharp Pen Pack,Office Supplies,West,1,8.05,0.1,7.24,4.43,2.81
100709,2025-02-24,Sharp Pen Pack,Office Supplies,West,4,7.51,0.0,30.02,19.52,10.5
101785,2025-02-24,Vivid Webcam HD,Electronics,Central,3,44.86,0.0,134.57,74.62,59.95
101937,2025-02-24,Comfy Office Chair,Furniture,West,2,211.7,0.0,423.4,279.93,143.47
103328,2025-02-24,Sharp Whiteboard,Office Supplies,North,3,63.03,0.1,170.18,116.61,53.57
102046,2025-02-25,Buzz Wireless Earbuds,Electronics,East,2,74.5,0.0,148.99,97.68,51.31
103275,2025-02-25,Vivid Webcam HD,Electronics,South,1,48.44,0.0,48.44,30.06,18.38
101268,2025-02-26,Vivid Webcam HD,Electronics,East,2,42.89,0.0,85.78,49.31,36.47
103261,2025-02-26,Vivid Monitor 27in,Electronics,South,1,293.9,0.15,249.82,212.63,37.19
103391,2025-02-26,Aero Laptop 14,Electronics,,4,993.72,0.0,3974.89,2307.19,1667.7
100219,2025-02-27,Buzz Wireless Earbuds,Electronics,North,3,74.23,0.05,211.57,160.07,51.5
100991,2025-02-27,Buzz Wireless Earbuds,Electronics,East,5,77.57,0.0,387.84,239.95,147.89
102067,2025-02-27,Vivid Webcam HD,Electronics,East,1,47.17,0.0,47.17,30.36,16.81
102277,2025-02-27,Buzz Bluetooth Speaker,Electronics,South,2,60.55,0.0,121.11,76.7,44.41
102464,2025-02-27,Buzz Bluetooth Speaker,Electronics,South,4,64.33,0.1,231.6,166.59,65.01
100414,2025-02-28,Comfy Standing Desk,Furniture,North,1,439.26,0.05,417.29,267.65,149.64
101533,2025-02-28,Comfy Standing Desk,Furniture,South,3,377.95,0.0,1133.86,715.72,418.14
101897,2025-02-28,Sharp Whiteboard,Office Supplies,Central,1,60.33,0.0,60.33,40.93,19.4
102034,2025-02-28,Comfy Office Chair,Furniture,Central,3,235.38,0.0,706.13,490.19,215.94
102765,2025-02-28,Comfy Bookshelf,Furniture,East,1,157.62,0.0,157.62,105.54,52.08
100195,2025-03-01,Sharp Whiteboard,Office Supplies,East,3,66.6,0.0,199.81,132.49,67.32
101550,2025-03-01,Vivid Webcam HD,Electronics,East,1,43.53,0.1,39.18,26.57,12.61
101866,2025-03-01,Sharp Notebook Set,Office Supplies,South,4,11.72,0.0,46.89,28.23,18.66
102227,2025-03-01,Vivid Monitor 27in,Electronics,South,1,289.35,0.0,289.35,192.26,97.09
100140,2025-03-02,Sharp Whiteboard,Office Supplies,North,3,60.98,0.05,173.78,134.22,39.56
101302,2025-03-02,Comfy Office Chair,Furniture,East,3,230.52,0.0,691.55,465.83,225.72
102824,2025-03-02,Comfy Office Chair,Furniture,East,2,224.04,0.0,448.08,277.48,170.6
101306,2025-03-03,Vivid Monitor 27in,Electronics,North,3,280.73,0.0,842.19,471.28,370.91
102766,2025-03-03,Comfy Office Chair,Furniture,Central,1,207.08,0.0,207.08,123.84,83.24
100326,2025-03-05,Aero Laptop 16,Electronics,Central,6,1297.61,0.0,7785.64,4521.42,3264.22
101295,2025-03-05,Comfy Bookshelf,Furniture,West,1,155.8,0.0,155.8,93.5,62.3
101720,2025-03-05,Vivid Monitor 27in,Electronics,East,1,275.7,0.05,261.91,183.46,78.45
102610,2025-03-05,Sharp Whiteboard,Office Supplies,South,1,60.71,0.15,51.61,36.61,15.0
103419,2025-03-05,Sharp Whiteboard,Office Supplies,Central,4,63.11,0.0,252.45,166.98,85.47
100731,2025-03-06,Sharp Notebook Set,Office Supplies,South,3,11.79,0.0,35.38,26.21,9.17
102780,2025-03-06,Sharp Pen Pack,Office Supplies,Central,1,8.43,0.0,8.43,6.22,2.21
103356,2025-03-06,Sharp Pen Pack,Office Supplies,North,1,8.12,0.0,8.12,4.79,3.33
100532,2025-03-07,Comfy Standing Desk,Furniture,Central,5,394.28,0.05,1872.84,1366.43,506.41
100736,2025-03-07,Buzz Bluetooth Speaker,Electronics,North,2,59.57,0.0,119.15,82.02,37.13
101831,2025-03-07,Aero Laptop 14,Electronics,East,1,1009.4,0.1,908.46,639.73,268.73
102201,2025-03-07,Aero Laptop 14,Electronics,Central,1,928.25,0.0,928.25,629.68,298.57
102392,2025-03-07,Comfy Bookshelf,Furniture,South,3,142.45,0.15,363.25,285.44,77.81
103109,2025-03-07,Buzz Wireless Earbuds,Electronics,Central,2,82.78,0.0,165.56,94.74,70.82
103312,2025-03-07,Aero Laptop 16,Electronics,West,1,1212.13,0.15,1030.31,732.03,298.28
103380,2025-03-07,Sharp Notebook Set,Office Supplies,Central,1,12.34,0.0,12.34,9.06,3.28
100352,2025-03-08,Buzz Bluetooth Speaker,Electronics,North,2,59.93,0.0,119.86,80.21,39.65
100703,2025-03-08,Vivid Webcam HD,Electronics,Central,3,48.3,0.1,130.4,106.73,23.67
101414,2025-03-08,Aero Laptop 14,Electronics,North,2,878.88,0.0,1757.77,1258.64,499.13
102059,2025-03-08,Sharp Pen Pack,Office Supplies,South,1,8.26,0.0,8.26,4.75,3.51
102476,2025-03-08,Vivid Webcam HD,Electronics,West,2,41.95,0.0,83.9,46.57,37.33
102692,2025-03-08,Vivid Monitor 27in,Electronics,Central,1,279.22,0.0,279.22,198.03,81.19
102939,2025-03-08,Buzz Bluetooth Speaker,Electronics,South,1,64.42,0.0,64.42,45.78,18.64
103122,2025-03-08,Comfy Standing Desk,Furniture,East,3,394.9,0.0,1184.7,861.5,323.2
103485,2025-03-08,Buzz Wireless Earbuds,Electronics,North,1,82.7,0.0,82.7,50.65,32.05
100231,2025-03-09,Comfy Office Chair,Furniture,East,2,205.9,0.0,411.79,302.72,109.07
100728,2025-03-09,Sharp Pen Pack,Office Supplies,West,1,7.38,0.1,6.64,4.25,2.39
101983,2025-03-09,Comfy Bookshelf,Furniture,East,1,147.55,0.0,147.55,86.32,61.23
102489,2025-03-09,Aero Laptop 14,Electronics,North,2,963.99,0.0,1927.99,1155.34,772.65
102597,2025-03-09,Comfy Office Chair,Furniture,East,1,227.26,0.0,227.26,136.13,91.13
103062,2025-03-09,Comfy Standing Desk,Furniture,South,1,398.9,0.0,398.9,236.22,162.68
100065,2025-03-10,Vivid Webcam HD,Electronics,Central,3,45.21,0.0,135.64,95.43,40.21
100311,2025-03-10,Aero Laptop 16,Electronics,Central,4,1330.85,0.0,5323.4,3327.62,1995.78
100672,2025-03-10,Sharp Whiteboard,Office Supplies,South,1,64.78,0.0,64.78,45.38,19.4
101840,2025-03-10,Comfy Standing Desk,Furniture,Central,2,424.14,0.0,848.28,523.11,325.17
102639,2025-03-10,Comfy Bookshelf,Furniture,South,2,149.99,0.05,284.97,181.71,103.26
102815,2025-03-11,Aero Laptop 16,Electronics,North,2,1259.23,0.0,2518.45,1544.04,974.41
100113,2025-03-12,Comfy Bookshelf,Furniture,North,3,144.89,0.0,434.67,324.36,110.31
101010,2025-03-12,Buzz Wireless Earbuds,Electronics,East,1,78.82,0.0,78.82,46.93,31.89
101528,2025-03-12,Buzz Wireless Earbuds,Electronics,South,1,83.0,0.1,74.7,56.09,18.61
102180,2025-03-12,Vivid Monitor 27in,Electronics,East,1,278.3,0.0,278.3,194.53,83.77
102658,2025-03-12,Comfy Standing Desk,Furniture,South,1,391.79,0.0,391.79,243.15,148.64
100456,2025-03-13,Comfy Office Chair,Furniture,East,2,235.87,0.0,471.74,284.07,187.67
100890,2025-03-13,Comfy Bookshelf,Furniture,West,1,148.38,0.0,148.38,100.53,47.85
101987,2025-03-13,Aero Laptop 14,Electronics,Central,1,986.93,0.0,986.93,665.68,321.25
102261,2025-03-13,Buzz Wireless Earbuds,Electronics,West,2,85.96,0.0,171.92,102.23,69.69
103540,2025-03-13,Comfy Office Chair,Furniture,South,5,218.29,0.05,1036.88,721.3,315.58
100290,2025-03-14,Comfy Bookshelf,Furniture,East,1,148.33,0.0,148.33,95.17,53.16
100437,2025-03-14,Aero Laptop 14,Electronics,Central,1,920.52,0.0,920.52,538.9,381.62
100517,2025-03-14,Buzz Wireless Earbuds,Electronics,North,4,82.08,0.0,328.31,240.66,87.65
100747,2025-03-14,Buzz Wireless Earbuds,Electronics,North,2,78.25,0.0,156.51,114.29,42.22
102970,2025-03-14,Buzz Wireless Earbuds,Electronics,East,2,78.95,0.0,157.91,113.64,44.27
103051,2025-03-14,Buzz Bluetooth Speaker,Electronics,West,2,63.06,0.0,126.12,93.06,33.06
100388,2025-03-15,Sharp Pen Pack,Office Supplies,Central,3,8.33,0.0,24.98,18.36,6.62
100715,2025-03-15,Vivid Webcam HD,Electronics,East,1,45.55,0.0,45.55,29.86,15.69
101053,2025-03-15,Sharp Pen Pack,Office Supplies,North,3,7.71,0.05,21.98,14.08,7.9
102549,2025-03-15,Buzz Bluetooth Speaker,Electronics,Central,3,63.67,0.15,162.36,110.7,51.66
102714,2025-03-15,Sharp Whiteboard,Office Supplies,Central,2,64.68,0.0,129.35,85.1,44.25
100194,2025-03-16,Comfy Office Chair,Furniture,Central,2,203.17,0.0,406.34,301.78,104.56
100637,2025-03-16,Comfy Office Chair,Furniture,South,2,202.45,0.0,404.9,290.46,114.44
101375,2025-03-16,Sharp Pen Pack,Office Supplies,West,5,7.86,0.05,37.34,26.94,10.4
103054,2025-03-16,Aero Laptop 16,Electronics,Central,3,1401.85,0.0,4205.56,2670.86,1534.7
103364,2025-03-16,Comfy Standing Desk,Furniture,Central,4,401.08,0.0,1604.33,1116.5,487.83
100639,2025-03-17,Buzz Bluetooth Speaker,Electronics,East,2,63.55,0.0,127.1,74.1,53.0
100924,2025-03-17,Vivid Webcam HD,Electronics,Central,1,43.19,0.0,43.19,28.97,14.22
100964,2025-03-17,Comfy Office Chair,Furniture,,1,222.97,0.0,222.97,149.55,73.42
101508,2025-03-17,Comfy Standing Desk,Furniture,East,1,424.76,0.0,424.76,248.45,176.31
102280,2025-03-17,Vivid Monitor 27in,Electronics,Central,1,273.27,0.0,273.27,156.64,116.63
102557,2025-03-17,Sharp Notebook Set,Office Supplies,East,1,12.33,0.0,12.33,7.77,4.56
103013,2025-03-17,Comfy Office Chair,Furniture,East,5,217.37,0.0,1086.87,683.68,403.19
103241,2025-03-17,Aero Laptop 14,Electronics,West,1,924.51,0.15,785.83,609.16,176.67
102158,2025-03-18,Buzz Wireless Earbuds,Electronics,Central,1,83.2,0.05,79.04,55.32,23.72
100028,2025-03-19,Comfy Office Chair,Furniture,East,2,205.4,0.0,410.81,269.6,141.21
100416,2025-03-19,Sharp Pen Pack,Office Supplies,North,2,8.2,0.0,16.39,9.09,7.3
100499,2025-03-19,Buzz Wireless Earbuds,Electronics,North,1,85.91,0.0,85.91,60.41,25.5
100885,2025-03-19,Comfy Bookshelf,Furniture,South,3,154.71,0.0,464.14,269.08,195.06
101009,2025-03-19,Comfy Bookshelf,Furniture,North,1,155.34,0.0,155.34,107.95,47.39
101067,2025-03-19,Comfy Bookshelf,Furniture,North,4,156.2,0.0,624.81,374.15,250.66
101131,2025-03-19,Aero Laptop 14,Electronics,East,1,961.39,0.0,961.39,568.82,392.57
101320,2025-03-19,Comfy Office Chair,Furniture,East,1,203.31,0.0,203.31,137.31,66.0
101579,2025-03-19,Vivid Webcam HD,Electronics,Central,1,48.2,0.0,48.2,34.53,13.67
102578,2025-03-19,Comfy Standing Desk,Furniture,Central,1,387.4,0.0,387.4,253.81,133.59
102974,2025-03-19,Aero Laptop 14,Electronics,East,1,956.64,0.15,813.15,646.35,166.8
103422,2025-03-19,Aero Laptop 16,Electronics,North,1,1289.67,0.0,1289.67,744.82,544.85
100196,2025-03-20,Sharp Pen Pack,Office Supplies,Central,2,8.24,0.0,16.47,12.29,4.18
101027,2025-03-20,Buzz Bluetooth Speaker,Electronics,South,2,57.04,0.1,102.68,67.27,35.41
102858,2025-03-20,Aero Laptop 16,Electronics,South,3,1385.27,0.0,4155.8,2326.42,1829.38
103414,2025-03-20,Sharp Pen Pack,Office Supplies,North,2,7.68,0.15,13.06,9.39,3.67
100265,2025-03-21,Aero Laptop 16,Electronics,Central,1,1312.66,0.1,1181.4,848.33,333.07
100164,2025-03-22,Comfy Standing Desk,Furniture,Central,1,416.73,0.0,416.73,261.41,155.32
101638,2025-03-22,Sharp Whiteboard,Office Supplies,East,1,64.81,0.0,64.81,43.5,21.31
101909,2025-03-22,Aero Laptop 16,Electronics,South,3,1310.64,0.15,3342.14,2934.2,407.94
102779,2025-03-22,Aero Laptop 14,Electronics,North,3,968.3,0.0,2904.89,1959.75,945.14
103256,2025-03-22,Comfy Standing Desk,Furniture,West,1,401.95,0.0,401.95,231.04,170.91
103556,2025-03-22,Vivid Monitor 27in,Electronics,West,1,271.65,0.05,258.06,172.2,85.86
101638,2025-03-22,Sharp Whiteboard,Office Supplies,East,1,64.81,0.0,64.81,43.5,21.31
100530,2025-03-23,Sharp Notebook Set,Office Supplies,Central,2,12.09,0.0,24.18,16.96,7.22
100622,2025-03-23,Vivid Monitor 27in,Electronics,East,1,294.27,0.1,264.85,207.87,56.98
101075,2025-03-23,Aero Laptop 16,Electronics,North,1,1220.36,0.0,1220.36,905.45,314.91
100536,2025-03-24,Sharp Notebook Set,Office Supplies,North,3,12.28,0.0,36.84,21.42,15.42
101139,2025-03-24,Buzz Wireless Earbuds,Electronics,North,1,73.79,0.0,73.79,44.3,29.49
102194,2025-03-24,Aero Laptop 16,Electronics,South,3,1226.56,0.0,3679.69,2692.96,986.73
103379,2025-03-24,Aero Laptop 14,Electronics,Central,2,1023.25,0.1,1841.85,1205.31,636.54
100536,2025-03-24,Sharp Notebook Set,Office Supplies,North,3,12.28,0.0,36.84,21.42,15.42
100726,2025-03-25,Sharp Notebook Set,Office Supplies,South,3,11.38,0.15,29.03,21.42,7.61
100955,2025-03-25,Buzz Wireless Earbuds,Electronics,South,3,82.43,0.0,247.28,157.75,89.53
101833,2025-03-25,Sharp Notebook Set,Office Supplies,Central,1,11.46,0.0,11.46,7.75,3.71
102745,2025-03-25,Vivid Webcam HD,Electronics,East,1,42.32,0.0,42.32,24.02,18.3
102496,2025-03-26,Vivid Webcam HD,Electronics,South,1,47.0,0.0,47.0,31.87,15.13
102870,2025-03-26,Sharp Whiteboard,Office Supplies,East,1,61.91,0.0,61.91,35.59,26.32
100253,2025-03-27,Sharp Pen Pack,Office Supplies,Central,1,8.36,0.0,8.36,4.68,3.68
101566,2025-03-27,Aero Laptop 14,Electronics,West,3,973.32,0.0,2919.97,1679.59,1240.38
101941,2025-03-27,Sharp Whiteboard,Office Supplies,North,2,68.62,0.0,137.24,85.56,51.68
101947,2025-03-27,Vivid Monitor 27in,Electronics,Central,2,259.25,0.0,518.49,307.27,211.22
102147,2025-03-27,Comfy Standing Desk,Furniture,Central,2,384.77,0.0,769.55,501.98,267.57
103584,2025-03-27,Buzz Wireless Earbuds,Electronics,Central,2,80.01,0.0,160.01,119.04,40.97
103601,2025-03-27,Sharp Whiteboard,Office Supplies,South,2,60.63,0.0,121.27,75.54,45.73
102147,2025-03-27,Comfy Standing Desk,Furniture,Central,2,384.77,0.0,769.55,501.98,267.57
102543,2025-03-28,Comfy Standing Desk,Furniture,North,5,411.09,0.0,2055.43,1258.4,797.03
102669,2025-03-28,Comfy Standing Desk,Furniture,West,1,411.52,0.0,411.52,235.67,175.85
100110,2025-03-29,Comfy Office Chair,Furniture,Central,1,232.36,0.0,232.36,150.13,82.23
100786,2025-03-29,Vivid Monitor 27in,Electronics,South,1,268.06,0.0,268.06,175.15,92.91
101464,2025-03-29,Aero Laptop 14,Electronics,North,1,917.91,0.0,917.91,577.65,340.26
100588,2025-03-30,Aero Laptop 16,Electronics,East,3,1361.86,0.0,4085.59,2317.46,1768.13
101963,2025-03-30,Vivid Webcam HD,Electronics,Central,3,44.97,0.0,134.92,92.82,42.1
103449,2025-03-30,Comfy Office Chair,Furniture,West,1,205.73,0.0,205.73,137.15,68.58
101919,2025-03-31,Comfy Standing Desk,Furniture,East,2,397.43,0.0,794.85,517.54,277.31
102324,2025-03-31,Aero Laptop 16,Electronics,South,1,1341.24,0.0,1341.24,861.26,479.98
101454,2025-04-01,Sharp Notebook Set,Office Supplies,Central,2,12.61,0.0,25.22,15.35,9.87
102133,2025-04-01,Comfy Bookshelf,Furniture,West,4,150.17,0.0,600.67,405.46,195.21
103153,2025-04-01,Sharp Notebook Set,Office Supplies,Central,2,12.63,0.0,25.26,15.07,10.19
100081,2025-04-02,Buzz Wireless Earbuds,Electronics,North,1,75.6,0.0,75.6,51.54,24.06
100325,2025-04-02,Comfy Standing Desk,Furniture,Central,2,423.46,0.0,846.91,578.91,268.0
101210,2025-04-02,Aero Laptop 16,Electronics,South,2,1298.71,0.1,2337.68,1889.51,448.17
101283,2025-04-02,Aero Laptop 14,Electronics,North,3,904.67,0.0,2714.02,1912.19,801.83
101284,2025-04-02,Vivid Monitor 27in,Electronics,North,1,290.96,0.05,276.41,218.09,58.32
100469,2025-04-03,Aero Laptop 16,Electronics,West,4,1288.92,0.0,5155.68,3048.02,2107.66
101019,2025-04-03,Sharp Notebook Set,Office Supplies,South,1,12.51,0.0,12.51,8.27,4.24
101760,2025-04-03,Aero Laptop 16,Electronics,West,1,1215.57,0.0,1215.57,790.99,424.58
101842,2025-04-03,Comfy Bookshelf,Furniture,East,4,147.17,0.0,588.67,394.2,194.47
101964,2025-04-03,Buzz Bluetooth Speaker,Electronics,West,3,64.05,0.1,172.94,121.25,51.69
101990,2025-04-03,Comfy Standing Desk,Furniture,Central,2,414.18,0.0,828.36,565.6,262.76
102070,2025-04-03,Aero Laptop 16,Electronics,West,1,1375.15,0.0,1375.15,1019.37,355.78
100159,2025-04-04,Comfy Standing Desk,Furniture,North,1,384.92,0.0,384.92,238.01,146.91
101568,2025-04-04,Sharp Whiteboard,Office Supplies,South,2,64.93,0.1,116.87,96.24,20.63
102120,2025-04-04,Sharp Pen Pack,Office Supplies,West,1,7.59,0.0,7.59,4.93,2.66
102343,2025-04-04,Vivid Monitor 27in,Electronics,West,2,260.91,0.0,521.82,375.88,145.94
102570,2025-04-04,Vivid Monitor 27in,Electronics,Central,3,265.5,0.0,796.49,584.34,212.15
102950,2025-04-04,Sharp Whiteboard,Office Supplies,Central,2,60.02,0.05,114.04,68.74,45.3
103000,2025-04-04,Buzz Bluetooth Speaker,Electronics,North,4,59.15,0.0,236.61,158.7,77.91
101828,2025-04-05,Buzz Wireless Earbuds,Electronics,North,1,86.09,0.0,86.09,53.22,32.87
101945,2025-04-05,Comfy Bookshelf,Furniture,East,3,148.45,0.0,445.36,253.57,191.79
102387,2025-04-05,Comfy Standing Desk,Furniture,North,2,417.06,0.0,834.13,566.0,268.13
103252,2025-04-05,Comfy Office Chair,Furniture,North,3,225.03,0.1,607.59,475.41,132.18
100832,2025-04-06,Sharp Notebook Set,Office Supplies,South,1,12.14,0.0,12.14,7.91,4.23
101068,2025-04-06,Aero Laptop 14,Electronics,Central,4,1013.46,0.0,4053.86,2833.08,1220.78
102529,2025-04-06,Vivid Webcam HD,Electronics,West,1,41.4,0.0,41.4,27.43,13.97
103032,2025-04-06,Buzz Bluetooth Speaker,Electronics,Central,1,62.36,0.0,62.36,35.92,26.44
100751,2025-04-07,Comfy Standing Desk,Furniture,East,2,405.98,0.05,771.36,573.88,197.48
101150,2025-04-07,Sharp Whiteboard,Office Supplies,South,2,61.55,0.05,116.95,83.67,33.28
101286,2025-04-07,Sharp Pen Pack,Office Supplies,Central,3,7.99,0.05,22.79,14.83,7.96
101648,2025-04-07,Aero Laptop 14,Electronics,North,4,970.35,0.0,3881.41,2450.59,1430.82
101868,2025-04-07,Aero Laptop 14,Electronics,North,2,974.43,0.0,1948.87,1383.99,564.88
100439,2025-04-08,Comfy Standing Desk,Furniture,East,2,418.92,0.0,837.85,557.64,280.21
100695,2025-04-08,Buzz Wireless Earbuds,Electronics,West,1,82.43,0.0,82.43,55.65,26.78
102417,2025-04-08,Aero Laptop 16,Electronics,East,1,1382.66,0.0,1382.66,936.53,446.13
102681,2025-04-08,Sharp Notebook Set,Office Supplies,East,1,12.44,0.0,12.44,7.68,4.76
100213,2025-04-09,Sharp Pen Pack,Office Supplies,West,2,7.74,0.0,15.48,10.82,4.66
100762,2025-04-09,Comfy Standing Desk,Furniture,North,3,429.28,0.15,1094.66,883.24,211.42
101515,2025-04-09,Comfy Bookshelf,Furniture,West,2,159.75,0.0,319.49,220.83,98.66
103307,2025-04-09,Sharp Whiteboard,Office Supplies,South,6,67.4,0.15,343.74,264.95,78.79
103446,2025-04-09,Buzz Wireless Earbuds,Electronics,West,1,86.01,0.0,86.01,60.61,25.4
103488,2025-04-09,Comfy Standing Desk,Furniture,East,2,432.53,0.0,865.06,636.28,228.78
103562,2025-04-09,Buzz Wireless Earbuds,Electronics,East,2,84.99,0.0,169.98,113.89,56.09
100160,2025-04-10,Comfy Bookshelf,Furniture,Central,3,150.03,0.0,450.08,296.13,153.95
100180,2025-04-10,Aero Laptop 16,Electronics,,2,1301.22,0.05,2472.31,1812.75,659.56
100570,2025-04-10,Comfy Bookshelf,Furniture,,1,151.3,0.0,151.3,111.49,39.81
100954,2025-04-10,Vivid Webcam HD,Electronics,North,1,46.26,0.0,46.26,29.56,16.7
102412,2025-04-10,Vivid Monitor 27in,Electronics,East,1,292.87,0.0,292.87,172.59,120.28
103188,2025-04-10,Vivid Monitor 27in,Electronics,South,2,262.63,0.0,525.27,325.66,199.61
100165,2025-04-11,Aero Laptop 16,Electronics,North,1,1402.93,0.0,1402.93,966.63,436.3
100878,2025-04-11,Aero Laptop 16,Electronics,South,4,1206.41,0.1,4343.09,2727.03,1616.06
100909,2025-04-11,Buzz Wireless Earbuds,Electronics,West,3,75.4,0.0,226.21,150.98,75.23
102401,2025-04-11,Aero Laptop 16,Electronics,Central,3,1295.52,0.0,3886.57,2368.79,1517.78
103510,2025-04-11,Sharp Notebook Set,Office Supplies,East,2,12.63,0.0,25.26,15.23,10.03
101762,2025-04-12,Vivid Webcam HD,Electronics,West,1,44.02,0.0,44.02,30.88,13.14
101910,2025-04-12,Comfy Standing Desk,Furniture,East,1,416.46,0.0,416.46,241.19,175.27
102730,2025-04-12,Vivid Webcam HD,Electronics,West,1,42.13,0.1,37.92,24.77,13.15
101688,2025-04-13,Sharp Whiteboard,Office Supplies,North,1,67.43,0.0,67.43,39.77,27.66
103608,2025-04-13,Comfy Office Chair,Furniture,East,3,220.48,0.0,661.44,490.21,171.23
100584,2025-04-14,Sharp Whiteboard,Office Supplies,Central,2,63.98,0.0,127.97,83.09,44.88
101598,2025-04-14,Comfy Standing Desk,Furniture,West,1,428.98,0.0,428.98,309.19,119.79
101640,2025-04-14,Comfy Bookshelf,Furniture,Central,2,140.37,0.0,280.75,184.03,96.72
101949,2025-04-14,Sharp Notebook Set,Office Supplies,East,2,11.49,0.1,20.69,16.42,4.27
103108,2025-04-14,Sharp Whiteboard,Office Supplies,West,3,67.13,0.0,201.4,118.6,82.8
103412,2025-04-14,Buzz Wireless Earbuds,Electronics,North,2,77.64,0.0,155.27,98.0,57.27
103623,2025-04-14,Buzz Wireless Earbuds,Electronics,West,3,84.9,0.0,254.7,164.21,90.49
103629,2025-04-14,Aero Laptop 14,Electronics,East,4,951.55,0.0,3806.2,2726.45,1079.75
101124,2025-04-15,Comfy Standing Desk,Furniture,South,1,379.44,0.0,379.44,272.26,107.18
103229,2025-04-15,Buzz Wireless Earbuds,Electronics,East,3,78.29,0.0,234.86,136.11,98.75
103416,2025-04-15,Vivid Webcam HD,Electronics,East,3,48.5,0.1,130.95,99.76,31.19
101022,2025-04-16,Buzz Wireless Earbuds,Electronics,Central,1,77.24,0.05,73.38,43.72,29.66
101695,2025-04-16,Sharp Whiteboard,Office Supplies,Central,3,63.27,0.1,170.82,134.93,35.89
101985,2025-04-16,Vivid Monitor 27in,Electronics,East,1,263.92,0.0,263.92,177.01,86.91
102228,2025-04-16,Buzz Wireless Earbuds,Electronics,South,1,86.33,0.0,86.33,51.61,34.72
102509,2025-04-16,Vivid Monitor 27in,Electronics,North,4,258.22,0.0,1032.88,721.55,311.33
102628,2025-04-16,Comfy Office Chair,Furniture,South,2,211.09,0.0,422.19,293.05,129.14
102701,2025-04-16,Sharp Whiteboard,Office Supplies,Central,3,63.94,0.0,191.83,139.14,52.69
100144,2025-04-17,Aero Laptop 14,Electronics,South,1,885.13,0.0,885.13,605.11,280.02
100756,2025-04-17,Comfy Office Chair,Furniture,South,2,236.65,0.15,402.31,285.71,116.6
101412,2025-04-17,Aero Laptop 14,Electronics,South,1,957.12,0.15,813.56,634.77,178.79
101680,2025-04-17,Sharp Whiteboard,Office Supplies,North,2,62.53,0.0,125.05,79.26,45.79
103067,2025-04-17,Vivid Webcam HD,Electronics,West,1,44.28,0.0,44.28,28.6,15.68
100059,2025-04-18,Vivid Webcam HD,Electronics,East,2,43.22,0.0,86.44,63.01,23.43
100289,2025-04-18,Buzz Bluetooth Speaker,Electronics,West,2,57.17,0.0,114.34,69.03,45.31
100341,2025-04-18,Vivid Monitor 27in,Electronics,South,1,292.21,0.0,292.21,196.67,95.54
100898,2025-04-18,Aero Laptop 14,Electronics,West,2,1006.51,0.0,2013.03,1190.28,822.75
101142,2025-04-18,Vivid Monitor 27in,Electronics,West,1,284.73,0.0,284.73,162.62,122.11
101422,2025-04-18,Buzz Wireless Earbuds,Electronics,South,1,79.68,0.0,79.68,50.93,28.75
102555,2025-04-18,Sharp Whiteboard,Office Supplies,Central,4,68.72,0.1,247.39,152.59,94.8
100275,2025-04-19,Buzz Bluetooth Speaker,Electronics,Central,2,63.14,0.0,126.27,87.8,38.47
101080,2025-04-19,Sharp Whiteboard,Office Supplies,South,5,63.42,0.15,269.52,205.45,64.07
101101,2025-04-19,Sharp Whiteboard,Office Supplies,South,1,64.97,0.0,64.97,44.81,20.16
102341,2025-04-19,Sharp Whiteboard,Office Supplies,Central,3,69.66,0.0,208.98,127.59,81.39
102627,2025-04-19,Sharp Whiteboard,Office Supplies,East,2,69.86,0.0,139.71,104.61,35.1
102632,2025-04-19,Comfy Standing Desk,Furniture,South,1,384.64,0.1,346.18,245.88,100.3
103542,2025-04-19,Vivid Webcam HD,Electronics,North,2,44.59,0.0,89.19,59.68,29.51
100688,2025-04-20,Buzz Wireless Earbuds,Electronics,Central,2,80.94,0.0,161.88,116.93,44.95
101093,2025-04-20,Sharp Whiteboard,Office Supplies,West,4,60.84,0.0,243.37,153.47,89.9
102248,2025-04-20,Sharp Whiteboard,Office Supplies,Central,2,62.14,0.0,124.28,85.15,39.13
102828,2025-04-20,Buzz Bluetooth Speaker,Electronics,North,2,59.15,0.0,118.31,80.52,37.79
102973,2025-04-20,Vivid Monitor 27in,Electronics,West,2,296.81,0.0,593.62,391.47,202.15
103247,2025-04-20,Buzz Wireless Earbuds,Electronics,West,1,81.14,0.0,81.14,56.81,24.33
100157,2025-04-21,Sharp Pen Pack,Office Supplies,Central,3,7.75,0.15,19.75,14.99,4.76
100453,2025-04-21,Comfy Standing Desk,Furniture,North,3,433.22,0.0,1299.66,847.84,451.82
101678,2025-04-21,Buzz Bluetooth Speaker,Electronics,South,1,59.97,0.0,59.97,44.28,15.69
103291,2025-04-21,Aero Laptop 14,Electronics,North,1,908.41,0.0,908.41,512.38,396.03
100522,2025-04-22,Buzz Wireless Earbuds,Electronics,East,1,82.45,0.05,78.33,48.04,30.29
100749,2025-04-22,Vivid Monitor 27in,Electronics,Central,2,278.59,0.0,557.17,309.9,247.27
100836,2025-04-22,Aero Laptop 16,Electronics,West,3,1206.79,0.1,3258.34,2372.96,885.38
100972,2025-04-22,Sharp Notebook Set,Office Supplies,West,2,11.9,0.0,23.8,14.7,9.1
101334,2025-04-22,Comfy Office Chair,Furniture,West,1,213.49,0.1,192.15,132.25,59.9
102408,2025-04-22,Sharp Notebook Set,Office Supplies,South,2,12.94,0.0,25.88,16.63,9.25
102724,2025-04-22,Sharp Notebook Set,Office Supplies,North,3,12.13,0.0,36.39,20.52,15.87
102943,2025-04-22,Buzz Wireless Earbuds,Electronics,Central,2,84.82,0.0,169.63,115.51,54.12
103222,2025-04-22,Sharp Notebook Set,Office Supplies,Central,5,12.73,0.15,54.11,46.89,7.22
100242,2025-04-24,Comfy Standing Desk,Furniture,East,2,396.84,0.0,793.68,564.22,229.46
100411,2025-04-24,Vivid Monitor 27in,Electronics,West,1,277.39,0.0,277.39,162.8,114.59
100582,2025-04-24,Comfy Bookshelf,Furniture,East,1,138.38,0.0,138.38,78.59,59.79
100592,2025-04-24,Vivid Monitor 27in,Electronics,North,2,262.19,0.0,524.38,297.34,227.04
100770,2025-04-24,Comfy Standing Desk,Furniture,North,1,403.85,0.05,383.66,257.27,126.39
101589,2025-04-24,Vivid Monitor 27in,Electronics,East,1,260.79,0.1,234.71,183.38,51.33
102014,2025-04-24,Aero Laptop 16,Electronics,West,2,1315.28,0.0,2630.56,1969.77,660.79
102445,2025-04-24,Comfy Office Chair,Furniture,East,2,236.08,0.0,472.15,272.13,200.02
102532,2025-04-24,Comfy Office Chair,Furniture,West,4,236.54,0.0,946.16,670.52,275.64
103520,2025-04-24,Buzz Wireless Earbuds,Electronics,South,2,86.13,0.0,172.25,112.73,59.52
100340,2025-04-25,Aero Laptop 14,Electronics,East,1,947.89,0.1,853.1,528.93,324.17
101447,2025-04-25,Sharp Whiteboard,Office Supplies,East,3,69.39,0.0,208.18,138.83,69.35
101758,2025-04-25,Sharp Whiteboard,Office Supplies,Central,3,68.49,0.0,205.47,115.31,90.16
101926,2025-04-25,Aero Laptop 16,Electronics,Central,3,1238.88,0.0,3716.63,2177.17,1539.46
100314,2025-04-26,Sharp Notebook Set,Office Supplies,Central,1,12.51,0.0,12.51,8.84,3.67
101114,2025-04-26,Aero Laptop 14,Electronics,North,1,945.64,0.0,945.64,680.8,264.84
101489,2025-04-26,Buzz Wireless Earbuds,Electronics,North,2,85.59,0.0,171.17,109.17,62.0
100236,2025-04-27,Aero Laptop 16,Electronics,West,4,1325.1,0.0,5300.39,3334.09,1966.3
100579,2025-04-27,Vivid Monitor 27in,Electronics,Central,1,260.42,0.0,260.42,144.92,115.5
100742,2025-04-27,Comfy Standing Desk,Furniture,Central,3,431.35,0.0,1294.06,731.2,562.86
101234,2025-04-27,Buzz Bluetooth Speaker,Electronics,West,1,56.18,0.0,56.18,36.86,19.32
101277,2025-04-27,Buzz Bluetooth Speaker,Electronics,North,1,61.34,0.0,61.34,35.12,26.22
101330,2025-04-27,Comfy Standing Desk,Furniture,East,1,410.67,0.0,410.67,274.36,136.31
102240,2025-04-27,Vivid Webcam HD,Electronics,South,2,46.62,0.0,93.24,61.66,31.58
102241,2025-04-27,Sharp Pen Pack,Office Supplies,Central,1,8.14,0.0,8.14,5.42,2.72
100550,2025-04-28,Aero Laptop 16,Electronics,South,2,1201.99,0.0,2403.98,1455.44,948.54
101108,2025-04-28,Buzz Wireless Earbuds,Electronics,Central,3,76.68,0.0,230.04,152.73,77.31
101373,2025-04-28,Aero Laptop 14,Electronics,West,2,1002.84,0.0,2005.68,1476.7,528.98
103165,2025-04-28,Sharp Notebook Set,Office Supplies,West,1,12.13,0.0,12.13,7.06,5.07
103299,2025-04-28,Buzz Wireless Earbuds,Electronics,West,2,74.91,0.0,149.81,91.2,58.61
101798,2025-04-29,Buzz Bluetooth Speaker,Electronics,West,2,63.96,0.1,115.12,95.19,19.93
102224,2025-04-29,Sharp Pen Pack,Office Supplies,East,1,7.91,0.0,7.91,5.65,2.26
102347,2025-04-29,Vivid Monitor 27in,Electronics,South,1,277.54,0.1,249.79,158.39,91.4
102541,2025-04-29,Vivid Monitor 27in,Electronics,Central,3,299.03,0.05,852.22,542.66,309.56
103313,2025-04-29,Vivid Monitor 27in,Electronics,Central,1,259.7,0.0,259.7,173.39,86.31
103030,2025-04-30,Comfy Standing Desk,Furniture,North,1,425.88,0.0,425.88,243.86,182.02
103159,2025-04-30,Buzz Bluetooth Speaker,Electronics,North,1,61.42,0.0,61.42,34.66,26.76
103529,2025-04-30,Buzz Wireless Earbuds,Electronics,East,2,76.99,0.0,153.98,95.78,58.2
100238,2025-05-01,Vivid Webcam HD,Electronics,West,2,48.38,0.1,87.09,63.15,23.94
100488,2025-05-01,Sharp Notebook Set,Office Supplies,North,5,11.06,0.0,55.28,33.74,21.54
100834,2025-05-01,Vivid Monitor 27in,Electronics,Central,1,298.59,0.0,298.59,213.04,85.55
101218,2025-05-01,Aero Laptop 14,Electronics,South,5,879.34,0.0,4396.72,3058.23,1338.49
101578,2025-05-01,Sharp Whiteboard,Office Supplies,North,1,63.03,0.0,63.03,42.03,21.0
102454,2025-05-01,Comfy Office Chair,Furniture,East,1,208.94,0.0,208.94,143.91,65.03
102654,2025-05-01,Vivid Webcam HD,Electronics,Central,3,43.86,0.0,131.59,94.36,37.23
103278,2025-05-01,Buzz Bluetooth Speaker,Electronics,North,2,56.45,0.0,112.9,67.3,45.6
100052,2025-05-02,Aero Laptop 16,Electronics,East,1,1335.69,0.0,1335.69,940.94,394.75
101005,2025-05-02,Aero Laptop 16,Electronics,South,4,1255.31,0.0,5021.23,2772.88,2248.35
101907,2025-05-02,Sharp Whiteboard,Office Supplies,North,3,63.8,0.0,191.39,118.92,72.47
101995,2025-05-02,Sharp Pen Pack,Office Supplies,East,3,7.6,0.0,22.79,16.13,6.66
100261,2025-05-03,Aero Laptop 16,Electronics,Central,1,1335.7,0.0,1335.7,999.16,336.54
102511,2025-05-03,Sharp Pen Pack,Office Supplies,West,4,7.94,0.1,28.57,23.04,5.53
102538,2025-05-03,Buzz Wireless Earbuds,Electronics,East,2,80.73,0.0,161.46,93.81,67.65
100708,2025-05-04,Comfy Standing Desk,Furniture,North,3,414.77,0.0,1244.3,897.29,347.01
102259,2025-05-04,Comfy Bookshelf,Furniture,North,1,139.58,0.0,139.58,104.24,35.34
102560,2025-05-04,Sharp Pen Pack,Office Supplies,East,6,8.04,0.0,48.22,32.87,15.35
103578,2025-05-04,Comfy Office Chair,Furniture,West,3,219.99,0.0,659.98,372.89,287.09
100263,2025-05-05,Aero Laptop 14,Electronics,North,2,1009.3,0.0,2018.6,1135.34,883.26
100422,2025-05-05,Aero Laptop 16,Electronics,East,1,1311.12,0.0,1311.12,776.21,534.91
101742,2025-05-05,Buzz Wireless Earbuds,Electronics,East,1,82.21,0.0,82.21,48.85,33.36
102187,2025-05-05,Buzz Wireless Earbuds,Electronics,East,3,80.95,0.1,218.56,171.45,47.11
103017,2025-05-05,Buzz Bluetooth Speaker,Electronics,South,1,61.08,0.0,61.08,42.46,18.62
100002,2025-05-06,Comfy Standing Desk,Furniture,West,3,378.71,0.0,1136.14,715.74,420.4
100041,2025-05-06,Aero Laptop 14,Electronics,South,1,980.55,0.0,980.55,700.48,280.07
101326,2025-05-06,Buzz Wireless Earbuds,Electronics,South,3,78.34,0.05,223.26,136.6,86.66
101408,2025-05-06,Buzz Bluetooth Speaker,Electronics,West,2,63.58,0.0,127.15,73.31,53.84
103053,2025-05-06,Comfy Office Chair,Furniture,West,4,230.58,0.0,922.31,614.83,307.48
103201,2025-05-06,Comfy Bookshelf,Furniture,West,4,140.05,0.0,560.18,375.53,184.65
103294,2025-05-06,Aero Laptop 14,Electronics,West,4,885.51,0.0,3542.04,2286.44,1255.6
103558,2025-05-06,Comfy Office Chair,Furniture,North,1,211.7,0.0,211.7,154.86,56.84
100880,2025-05-07,Sharp Whiteboard,Office Supplies,North,1,65.83,0.0,65.83,37.45,28.38
100895,2025-05-07,Buzz Wireless Earbuds,Electronics,East,1,81.33,0.0,81.33,54.53,26.8
102272,2025-05-07,Comfy Standing Desk,Furniture,West,1,413.11,0.0,413.11,287.17,125.94
101105,2025-05-08,Aero Laptop 16,Electronics,Central,2,1309.48,0.1,2357.06,1795.59,561.47
101358,2025-05-08,Sharp Whiteboard,Office Supplies,West,3,65.48,0.0,196.45,147.18,49.27
102684,2025-05-08,Comfy Standing Desk,Furniture,North,1,418.02,0.1,376.21,238.36,137.85
103171,2025-05-08,Buzz Wireless Earbuds,Electronics,South,2,75.07,0.0,150.14,94.81,55.33
103589,2025-05-08,Buzz Bluetooth Speaker,Electronics,East,1,58.56,0.0,58.56,37.15,21.41
102458,2025-05-09,Sharp Whiteboard,Office Supplies,South,1,60.58,0.0,60.58,35.46,25.12
102576,2025-05-09,Buzz Wireless Earbuds,Electronics,North,2,78.9,0.1,142.03,117.47,24.56
103338,2025-05-09,Vivid Monitor 27in,Electronics,East,3,261.31,0.1,705.53,471.71,233.82
103406,2025-05-09,Aero Laptop 16,Electronics,East,1,1342.12,0.0,1342.12,838.82,503.3
100431,2025-05-10,Sharp Pen Pack,Office Supplies,Central,1,8.52,0.0,8.52,5.04,3.48
100843,2025-05-10,Comfy Standing Desk,Furniture,West,3,394.6,0.0,1183.81,815.37,368.44
100989,2025-05-10,Buzz Bluetooth Speaker,Electronics,East,1,61.52,0.0,61.52,39.92,21.6
101040,2025-05-10,Sharp Whiteboard,Office Supplies,Central,2,67.26,0.05,127.8,76.38,51.42
101394,2025-05-10,Vivid Webcam HD,Electronics,East,2,46.24,0.15,78.61,55.57,23.04
101693,2025-05-10,Buzz Bluetooth Speaker,Electronics,East,2,63.81,0.0,127.61,72.64,54.97
102166,2025-05-10,Sharp Pen Pack,Office Supplies,East,3,8.05,0.0,24.14,16.71,7.43
102273,2025-05-10,Comfy Bookshelf,Furniture,South,3,155.2,0.0,465.61,345.65,119.96
102528,2025-05-10,Comfy Standing Desk,Furniture,,2,406.56,0.0,813.12,554.91,258.21
102746,2025-05-10,Vivid Monitor 27in,Electronics,East,2,260.27,0.15,442.45,297.74,144.71
102860,2025-05-10,Comfy Standing Desk,Furniture,South,1,407.79,0.0,407.79,278.96,128.83
100748,2025-05-11,Sharp Notebook Set,Office Supplies,East,3,12.86,0.0,38.59,25.88,12.71
101081,2025-05-11,Vivid Monitor 27in,Electronics,East,3,300.11,0.0,900.34,585.72,314.62
102291,2025-05-11,Buzz Bluetooth Speaker,Electronics,North,1,59.56,0.0,59.56,35.05,24.51
100684,2025-05-12,Aero Laptop 14,Electronics,South,1,989.27,0.0,989.27,656.94,332.33
100962,2025-05-12,Comfy Office Chair,Furniture,East,1,216.58,0.1,194.92,119.63,75.29
101041,2025-05-12,Sharp Pen Pack,Office Supplies,South,1,8.07,0.0,8.07,6.0,2.07
101795,2025-05-12,Sharp Pen Pack,Office Supplies,West,2,8.14,0.0,16.28,11.09,5.19
102441,2025-05-12,Aero Laptop 14,Electronics,West,2,957.46,0.0,1914.91,1252.94,661.97
102523,2025-05-12,Aero Laptop 16,Electronics,South,4,1403.35,0.0,5613.4,4155.95,1457.45
102830,2025-05-12,Comfy Office Chair,Furniture,Central,2,206.9,0.0,413.8,247.88,165.92
102869,2025-05-12,Sharp Notebook Set,Office Supplies,South,1,11.18,0.0,11.18,7.43,3.75
100310,2025-05-13,Vivid Webcam HD,Electronics,Central,2,47.56,0.1,85.6,61.18,24.42
100779,2025-05-13,Vivid Monitor 27in,Electronics,West,4,292.75,0.0,1170.99,766.03,404.96
101679,2025-05-13,Vivid Monitor 27in,Electronics,Central,1,261.26,0.0,261.26,170.56,90.7
101784,2025-05-13,Buzz Bluetooth Speaker,Electronics,East,1,63.51,0.05,60.33,36.49,23.84
102204,2025-05-13,Comfy Office Chair,Furniture,Central,3,225.0,0.0,674.99,442.06,232.93
102872,2025-05-13,Aero Laptop 16,Electronics,East,3,1284.54,0.0,3853.63,2724.48,1129.15
103134,2025-05-13,Aero Laptop 14,Electronics,North,1,903.68,0.0,903.68,550.14,353.54
103320,2025-05-13,Comfy Bookshelf,Furniture,East,1,156.08,0.0,156.08,105.78,50.3
100791,2025-05-14,Comfy Standing Desk,Furniture,East,1,402.13,0.0,402.13,300.04,102.09
101345,2025-05-14,Buzz Wireless Earbuds,Electronics,Central,1,83.04,0.0,83.04,51.57,31.47
101435,2025-05-14,Sharp Pen Pack,Office Supplies,Central,2,8.02,0.0,16.04,11.26,4.78
101757,2025-05-14,Comfy Standing Desk,Furniture,West,2,394.21,0.0,788.43,490.37,298.06
102322,2025-05-15,Sharp Whiteboard,Office Supplies,Central,4,62.92,0.0,251.69,184.86,66.83
102492,2025-05-15,Comfy Standing Desk,Furniture,East,6,405.45,0.05,2311.04,1496.37,814.67
100048,2025-05-16,Aero Laptop 14,Electronics,East,2,894.24,0.0,1788.49,1320.09,468.4
100531,2025-05-16,Buzz Bluetooth Speaker,Electronics,West,1,60.84,0.05,57.8,33.68,24.12
100575,2025-05-16,Vivid Monitor 27in,Electronics,South,3,287.12,0.15,732.15,519.41,212.74
100757,2025-05-16,Sharp Pen Pack,Office Supplies,West,4,7.59,0.0,30.38,18.7,11.68
102284,2025-05-16,Sharp Notebook Set,Office Supplies,East,1,11.4,0.15,9.69,7.9,1.79
102546,2025-05-16,Buzz Wireless Earbuds,Electronics,South,2,85.21,0.0,170.41,103.4,67.01
102569,2025-05-16,Sharp Notebook Set,Office Supplies,West,2,12.36,0.0,24.73,15.78,8.95
103303,2025-05-16,Aero Laptop 16,Electronics,South,4,1344.05,0.0,5376.2,3158.57,2217.63
100496,2025-05-17,Vivid Webcam HD,Electronics,West,3,47.35,0.0,142.05,79.68,62.37
102020,2025-05-17,Buzz Wireless Earbuds,Electronics,South,4,85.25,0.05,323.94,235.85,88.09
103235,2025-05-17,Vivid Monitor 27in,Electronics,North,6,293.14,0.0,1758.83,1275.84,482.99
103576,2025-05-18,Sharp Notebook Set,Office Supplies,South,1,11.17,0.15,9.49,6.89,2.6
101738,2025-05-19,Comfy Standing Desk,Furniture,South,3,442.45,0.0,1327.35,940.84,386.51
102025,2025-05-19,Comfy Office Chair,Furniture,South,3,216.4,0.0,649.19,475.9,173.29
102315,2025-05-19,Sharp Pen Pack,Office Supplies,West,5,8.34,0.0,41.72,28.8,12.92
102580,2025-05-19,Comfy Office Chair,Furniture,East,1,218.13,0.0,218.13,151.56,66.57
103337,2025-05-19,Buzz Bluetooth Speaker,Electronics,North,2,61.91,0.0,123.82,92.06,31.76
100574,2025-05-20,Comfy Standing Desk,Furniture,West,2,395.69,0.0,791.37,517.43,273.94
100984,2025-05-20,Aero Laptop 16,Electronics,West,1,1203.75,0.0,1203.75,840.01,363.74
101770,2025-05-20,Aero Laptop 16,Electronics,West,4,1229.51,0.0,4918.05,3615.42,1302.63
102807,2025-05-20,Aero Laptop 14,Electronics,West,3,931.11,0.0,2793.32,1929.2,864.12
100093,2025-05-21,Vivid Monitor 27in,Electronics,East,1,260.97,0.0,260.97,169.39,91.58
100120,2025-05-21,Aero Laptop 14,Electronics,West,2,1005.95,0.0,2011.91,1332.99,678.92
101906,2025-05-21,Sharp Notebook Set,Office Supplies,West,1,12.04,0.15,10.23,8.58,1.65
102954,2025-05-21,Comfy Standing Desk,Furniture,East,3,441.37,0.0,1324.1,779.2,544.9
103148,2025-05-21,Sharp Whiteboard,Office Supplies,South,2,69.51,0.1,125.12,96.94,28.18
103160,2025-05-21,Aero Laptop 14,Electronics,North,1,879.32,0.0,879.32,500.32,379.0
103535,2025-05-21,Vivid Monitor 27in,Electronics,East,1,301.72,0.05,286.64,204.23,82.41
100060,2025-05-22,Aero Laptop 16,Electronics,North,1,1252.0,0.0,1252.0,693.63,558.37
100321,2025-05-22,Comfy Office Chair,Furniture,East,1,229.31,0.0,229.31,161.08,68.23
100919,2025-05-22,Vivid Monitor 27in,Electronics,North,1,276.94,0.0,276.94,157.61,119.33
101928,2025-05-22,Aero Laptop 16,Electronics,East,2,1343.17,0.1,2417.7,1632.73,784.97
101951,2025-05-22,Sharp Pen Pack,Office Supplies,East,2,8.06,0.05,15.31,8.93,6.38
103114,2025-05-22,Aero Laptop 14,Electronics,South,4,1017.44,0.0,4069.76,2625.94,1443.82
101308,2025-05-23,Sharp Whiteboard,Office Supplies,North,2,67.54,0.0,135.09,91.87,43.22
101526,2025-05-23,Aero Laptop 14,Electronics,West,2,976.23,0.0,1952.46,1091.78,860.68
101588,2025-05-23,Sharp Notebook Set,Office Supplies,Central,2,11.94,0.1,21.5,13.52,7.98
101668,2025-05-23,Vivid Monitor 27in,Electronics,West,2,279.09,0.0,558.17,355.3,202.87
101950,2025-05-23,Sharp Whiteboard,Office Supplies,,1,68.56,0.15,58.28,42.73,15.55
102296,2025-05-23,Sharp Whiteboard,Office Supplies,South,1,66.53,0.0,66.53,43.81,22.72
102544,2025-05-23,Aero Laptop 16,Electronics,East,2,1312.56,0.0,2625.12,1785.14,839.98
101645,2025-05-24,Buzz Bluetooth Speaker,Electronics,South,3,64.17,0.0,192.51,116.43,76.08
102115,2025-05-24,Vivid Webcam HD,Electronics,Central,3,44.5,0.0,133.5,98.74,34.76
103031,2025-05-24,Buzz Wireless Earbuds,Electronics,West,5,84.61,0.15,359.6,243.61,115.99
100342,2025-05-25,Aero Laptop 14,Electronics,North,3,976.51,0.05,2783.05,1637.87,1145.18
101582,2025-05-25,Comfy Standing Desk,Furniture,South,1,416.07,0.0,416.07,231.93,184.14
102382,2025-05-25,Comfy Standing Desk,Furniture,South,3,437.23,0.0,1311.69,892.92,418.77
102996,2025-05-25,Buzz Wireless Earbuds,Electronics,East,1,79.01,0.15,67.16,48.37,18.79
100461,2025-05-26,Sharp Whiteboard,Office Supplies,Central,1,66.14,0.0,66.14,41.49,24.65
100471,2025-05-26,Buzz Bluetooth Speaker,Electronics,Central,3,56.91,0.0,170.74,122.66,48.08
100998,2025-05-26,Comfy Standing Desk,Furniture,Central,1,413.61,0.0,413.61,245.68,167.93
101340,2025-05-26,Buzz Bluetooth Speaker,Electronics,West,1,62.94,0.1,56.65,45.33,11.32
101643,2025-05-26,Vivid Monitor 27in,Electronics,Central,1,273.73,0.1,246.36,188.35,58.01
102048,2025-05-26,Vivid Webcam HD,Electronics,Central,2,46.09,0.0,92.18,60.21,31.97
102837,2025-05-26,Buzz Bluetooth Speaker,Electronics,East,2,60.3,0.1,108.55,79.69,28.86
101666,2025-05-27,Comfy Standing Desk,Furniture,East,3,405.74,0.0,1217.21,857.84,359.37
102371,2025-05-27,Comfy Standing Desk,Furniture,West,2,395.58,0.0,791.16,441.05,350.11
103490,2025-05-27,Comfy Office Chair,Furniture,North,3,231.92,0.0,695.75,438.26,257.49
101276,2025-05-28,Aero Laptop 14,Electronics,North,2,1012.15,0.05,1923.09,1507.13,415.96
101484,2025-05-28,Buzz Wireless Earbuds,Electronics,West,3,82.56,0.0,247.67,170.7,76.97
101966,2025-05-28,Aero Laptop 16,Electronics,South,4,1214.1,0.0,4856.39,2922.68,1933.71
101989,2025-05-28,Sharp Notebook Set,Office Supplies,Central,5,12.78,0.0,63.91,40.76,23.15
102506,2025-05-28,Aero Laptop 16,Electronics,West,1,1288.62,0.0,1288.62,867.62,421.0
100513,2025-05-29,Comfy Standing Desk,Furniture,Central,1,381.72,0.0,381.72,226.75,154.97
100732,2025-05-29,Vivid Monitor 27in,Electronics,North,1,299.57,0.0,299.57,178.76,120.81
101503,2025-05-29,Aero Laptop 14,Electronics,Central,2,874.05,0.0,1748.1,971.7,776.4
101594,2025-05-29,Comfy Standing Desk,Furniture,South,2,393.22,0.1,707.8,448.19,259.61
101752,2025-05-29,Aero Laptop 14,Electronics,Central,4,986.76,0.0,3947.06,2403.51,1543.55
100209,2025-05-30,Sharp Whiteboard,Office Supplies,West,1,60.15,0.0,60.15,40.94,19.21
100402,2025-05-30,Aero Laptop 14,Electronics,East,2,929.27,0.0,1858.55,1065.5,793.05
100475,2025-05-30,Sharp Whiteboard,Office Supplies,North,5,65.95,0.0,329.77,225.34,104.43
101148,2025-05-30,Sharp Notebook Set,Office Supplies,North,1,11.44,0.15,9.73,7.82,1.91
101249,2025-05-30,Aero Laptop 16,Electronics,Central,1,1225.32,0.0,1225.32,857.1,368.22
101250,2025-05-30,Aero Laptop 14,Electronics,North,1,904.04,0.0,904.04,657.71,246.33
103076,2025-05-30,Aero Laptop 16,Electronics,East,3,1269.24,0.0,3807.72,2459.26,1348.46
100237,2025-05-31,Aero Laptop 14,Electronics,West,1,964.14,0.0,964.14,598.43,365.71
100502,2025-05-31,Sharp Notebook Set,Office Supplies,North,4,12.62,0.0,50.46,32.27,18.19
102637,2025-05-31,Buzz Bluetooth Speaker,Electronics,South,2,55.68,0.0,111.36,70.85,40.51
103152,2025-05-31,Vivid Webcam HD,Electronics,West,5,41.69,0.1,187.59,126.72,60.87
103621,2025-05-31,Aero Laptop 14,Electronics,North,1,930.3,0.0,930.3,525.48,404.82
100908,2025-06-01,Comfy Office Chair,Furniture,Central,3,204.38,0.0,613.14,408.22,204.92
102192,2025-06-01,Buzz Wireless Earbuds,Electronics,East,1,86.24,0.0,86.24,51.54,34.7
102698,2025-06-01,Sharp Whiteboard,Office Supplies,West,2,68.4,0.0,136.81,88.14,48.67
102793,2025-06-01,Comfy Bookshelf,Furniture,West,2,147.57,0.05,280.39,214.78,65.61
102762,2025-06-02,Aero Laptop 14,Electronics,Central,5,1003.54,0.0,5017.71,3341.17,1676.54
100267,2025-06-03,Sharp Whiteboard,Office Supplies,Central,2,66.73,0.0,133.47,88.49,44.98
100840,2025-06-03,Sharp Notebook Set,Office Supplies,East,2,11.64,0.05,22.12,14.05,8.07
101063,2025-06-03,Comfy Office Chair,Furniture,Central,5,235.74,0.0,1178.69,784.79,393.9
101178,2025-06-03,Sharp Notebook Set,Office Supplies,Central,2,12.08,0.0,24.16,13.78,10.38
100107,2025-06-04,Buzz Wireless Earbuds,Electronics,East,2,79.89,0.15,135.81,116.55,19.26
100489,2025-06-04,Vivid Webcam HD,Electronics,Central,2,48.43,0.0,96.87,61.9,34.97
100557,2025-06-04,Buzz Bluetooth Speaker,Electronics,North,4,64.65,0.0,258.61,157.0,101.61
100652,2025-06-04,Comfy Office Chair,Furniture,West,1,235.03,0.0,235.03,147.11,87.92
101285,2025-06-04,Buzz Wireless Earbuds,Electronics,South,5,80.94,0.15,343.98,246.13,97.85
103609,2025-06-04,Aero Laptop 14,Electronics,West,5,977.15,0.0,4885.73,3084.94,1800.79
101141,2025-06-05,Comfy Standing Desk,Furniture,South,3,401.92,0.0,1205.77,770.87,434.9
102499,2025-06-05,Comfy Standing Desk,Furniture,South,2,377.82,0.0,755.65,437.26,318.39
103532,2025-06-05,Sharp Notebook Set,Office Supplies,East,1,12.9,0.05,12.25,8.97,3.28
102563,2025-06-06,Sharp Whiteboard,Office Supplies,North,9,60.05,0.0,540.48,311.78,228.7
100095,2025-06-07,Buzz Wireless Earbuds,Electronics,North,5,85.86,0.05,407.86,290.99,116.87
100553,2025-06-07,Sharp Notebook Set,Office Supplies,East,3,12.7,0.0,38.11,24.38,13.73
101491,2025-06-07,Sharp Notebook Set,Office Supplies,West,3,12.57,0.0,37.71,22.91,14.8
101549,2025-06-07,Buzz Bluetooth Speaker,Electronics,North,1,56.79,0.0,56.79,34.83,21.96
101850,2025-06-07,Vivid Monitor 27in,Electronics,Central,2,278.5,0.0,557.01,375.33,181.68
102235,2025-06-07,Sharp Whiteboard,Office Supplies,East,2,62.14,0.0,124.29,77.03,47.26
102535,2025-06-07,Buzz Wireless Earbuds,Electronics,Central,4,77.55,0.0,310.18,208.27,101.91
102767,2025-06-07,Comfy Bookshelf,Furniture,Central,3,146.87,0.0,440.61,253.11,187.5
103310,2025-06-07,Comfy Bookshelf,Furniture,Central,2,141.45,0.0,282.89,189.2,93.69
103349,2025-06-07,Comfy Standing Desk,Furniture,East,1,383.4,0.0,383.4,262.03,121.37
101025,2025-06-08,Vivid Webcam HD,Electronics,South,2,42.17,0.0,84.33,56.66,27.67
101379,2025-06-08,Comfy Office Chair,Furniture,West,3,231.83,0.0,695.49,477.74,217.75
102424,2025-06-08,Sharp Pen Pack,Office Supplies,West,2,7.88,0.05,14.98,11.24,3.74
102671,2025-06-08,Sharp Whiteboard,Office Supplies,East,1,64.99,0.0,64.99,42.45,22.54
103496,2025-06-08,Vivid Webcam HD,Electronics,South,1,45.04,0.0,45.04,28.85,16.19
103586,2025-06-08,Comfy Bookshelf,Furniture,Central,1,161.46,0.0,161.46,105.65,55.81
100833,2025-06-09,Comfy Office Chair,Furniture,Central,2,234.68,0.0,469.36,321.19,148.17
101517,2025-06-09,Buzz Wireless Earbuds,Electronics,East,3,74.93,0.05,213.55,154.98,58.57
101888,2025-06-09,Comfy Bookshelf,Furniture,South,3,152.75,0.0,458.25,311.44,146.81
100568,2025-06-10,Buzz Bluetooth Speaker,Electronics,West,1,62.53,0.05,59.4,39.21,20.19
100645,2025-06-10,Comfy Office Chair,Furniture,West,2,206.13,0.0,412.27,250.56,161.71
100803,2025-06-10,Comfy Office Chair,Furniture,Central,3,219.56,0.0,658.69,432.09,226.6
100806,2025-06-10,Sharp Whiteboard,Office Supplies,East,2,69.13,0.0,138.27,100.43,37.84
101380,2025-06-10,Sharp Notebook Set,Office Supplies,North,2,11.98,0.0,23.96,13.99,9.97
101818,2025-06-10,Sharp Notebook Set,Office Supplies,North,3,11.22,0.0,33.65,21.19,12.46
102081,2025-06-10,Comfy Standing Desk,Furniture,West,3,405.62,0.1,1095.16,837.81,257.35
102928,2025-06-10,Vivid Webcam HD,Electronics,South,3,47.51,0.0,142.53,84.56,57.97
103403,2025-06-10,Vivid Monitor 27in,Electronics,West,1,298.04,0.0,298.04,212.74,85.3
103411,2025-06-10,Aero Laptop 14,Electronics,South,1,954.54,0.0,954.54,634.15,320.39
100260,2025-06-11,Vivid Monitor 27in,Electronics,East,5,270.64,0.0,1353.22,785.5,567.72
100445,2025-06-11,Buzz Wireless Earbuds,Electronics,South,1,76.41,0.0,76.41,56.01,20.4
100497,2025-06-11,Comfy Office Chair,Furniture,West,4,220.46,0.0,881.86,656.68,225.18
101191,2025-06-11,Vivid Monitor 27in,Electronics,East,1,266.65,0.05,253.32,186.27,67.05
102136,2025-06-11,Comfy Standing Desk,Furniture,West,4,432.72,0.1,1557.78,1108.4,449.38
102336,2025-06-11,Sharp Notebook Set,Office Supplies,South,2,12.21,0.0,24.41,14.39,10.02
100197,2025-06-12,Aero Laptop 16,Electronics,South,2,1392.71,0.05,2646.14,1904.68,741.46
100262,2025-06-12,Vivid Monitor 27in,Electronics,West,4,301.58,0.0,1206.31,882.16,324.15
101008,2025-06-12,Comfy Office Chair,Furniture,West,1,228.87,0.0,228.87,155.93,72.94
102763,2025-06-12,Buzz Wireless Earbuds,Electronics,North,3,81.91,0.0,245.74,142.74,103.0
100369,2025-06-13,Aero Laptop 14,Electronics,North,1,1008.84,0.0,1008.84,655.12,353.72
100405,2025-06-13,Sharp Whiteboard,Office Supplies,West,1,68.9,0.15,58.57,40.34,18.23
102130,2025-06-13,Comfy Standing Desk,Furniture,West,1,424.13,0.0,424.13,294.77,129.36
103207,2025-06-13,Buzz Wireless Earbuds,Electronics,South,1,79.48,0.0,79.48,43.76,35.72
103402,2025-06-13,Vivid Monitor 27in,Electronics,Central,1,264.48,0.1,238.03,176.62,61.41
101569,2025-06-14,Comfy Bookshelf,Furniture,Central,3,143.58,0.0,430.75,316.27,114.48
101659,2025-06-14,Comfy Standing Desk,Furniture,West,1,400.9,0.0,400.9,224.18,176.72
102395,2025-06-14,Aero Laptop 16,Electronics,West,1,1197.25,0.0,1197.25,772.04,425.21
103210,2025-06-14,Sharp Pen Pack,Office Supplies,North,2,7.43,0.0,14.86,8.29,6.57
101098,2025-06-15,Sharp Pen Pack,Office Supplies,East,1,7.59,0.15,6.45,5.01,1.44
102825,2025-06-15,Comfy Standing Desk,Furniture,North,2,389.14,0.0,778.28,456.02,322.26
103448,2025-06-15,Comfy Office Chair,Furniture,North,2,234.07,0.15,397.91,323.83,74.08
100205,2025-06-16,Aero Laptop 16,Electronics,North,2,1198.62,0.0,2397.24,1571.35,825.89
100424,2025-06-16,Sharp Whiteboard,Office Supplies,West,1,64.38,0.0,64.38,47.15,17.23
101140,2025-06-16,Comfy Bookshelf,Furniture,South,2,138.33,0.0,276.66,173.83,102.83
101267,2025-06-16,Buzz Wireless Earbuds,Electronics,South,1,74.32,0.0,74.32,54.7,19.62
101511,2025-06-16,Sharp Whiteboard,Office Supplies,Central,1,61.3,0.1,55.17,45.83,9.34
102106,2025-06-16,Sharp Whiteboard,Office Supplies,Central,2,64.28,0.0,128.56,75.52,53.04
102435,2025-06-16,Aero Laptop 14,Electronics,East,5,932.75,0.0,4663.77,3464.2,1199.57
102595,2025-06-16,Sharp Whiteboard,Office Supplies,North,1,61.89,0.0,61.89,44.26,17.63
102640,2025-06-16,Vivid Webcam HD,Electronics,North,3,43.7,0.0,131.11,97.0,34.11
102792,2025-06-16,Aero Laptop 14,Electronics,East,3,1018.91,0.1,2751.06,1753.18,997.88
102068,2025-06-17,Sharp Whiteboard,Office Supplies,West,2,69.14,0.0,138.28,86.19,52.09
103279,2025-06-17,Vivid Webcam HD,Electronics,North,3,44.04,0.0,132.13,74.66,57.47
103539,2025-06-17,Vivid Monitor 27in,Electronics,West,3,270.2,0.0,810.59,484.41,326.18
101415,2025-06-18,Aero Laptop 14,Electronics,South,2,991.52,0.0,1983.03,1440.15,542.88
101899,2025-06-18,Vivid Monitor 27in,Electronics,East,1,268.38,0.0,268.38,192.33,76.05
102751,2025-06-18,Sharp Whiteboard,Office Supplies,Central,4,62.78,0.0,251.11,166.84,84.27
102908,2025-06-18,Comfy Office Chair,Furniture,West,1,223.87,0.0,223.87,129.72,94.15
101917,2025-06-19,Buzz Wireless Earbuds,Electronics,East,4,83.95,0.0,335.79,221.48,114.31
102073,2025-06-19,Aero Laptop 14,Electronics,South,3,942.25,0.1,2544.09,2071.87,472.22
103093,2025-06-19,Aero Laptop 14,Electronics,West,1,945.45,0.0,945.45,704.33,241.12
100349,2025-06-20,Aero Laptop 16,Electronics,South,1,1208.5,0.1,1087.65,821.18,266.47
100425,2025-06-20,Sharp Whiteboard,Office Supplies,Central,2,60.05,0.0,120.1,88.67,31.43
101017,2025-06-20,Buzz Bluetooth Speaker,Electronics,Central,1,64.5,0.0,64.5,36.25,28.25
101442,2025-06-20,Aero Laptop 14,Electronics,South,3,876.48,0.0,2629.45,1633.05,996.4
102006,2025-06-20,Sharp Pen Pack,Office Supplies,West,2,8.53,0.0,17.06,11.59,5.47
102217,2025-06-20,Comfy Office Chair,Furniture,West,1,233.76,0.0,233.76,171.57,62.19
102391,2025-06-20,Aero Laptop 14,Electronics,East,5,961.81,0.0,4809.06,3361.34,1447.72
100399,2025-06-21,Sharp Pen Pack,Office Supplies,West,2,8.2,0.15,13.94,10.5,3.44
100914,2025-06-21,Comfy Standing Desk,Furniture,East,1,432.44,0.0,432.44,310.38,122.06
101269,2025-06-21,Vivid Webcam HD,Electronics,West,1,42.33,0.1,38.1,28.01,10.09
101537,2025-06-21,Aero Laptop 14,Electronics,Central,1,904.7,0.0,904.7,584.74,319.96
102229,2025-06-21,Aero Laptop 16,Electronics,Central,1,1350.3,0.0,1350.3,756.42,593.88
102432,2025-06-21,Buzz Bluetooth Speaker,Electronics,West,1,61.03,0.0,61.03,39.45,21.58
102670,2025-06-22,Comfy Office Chair,Furniture,Central,1,205.59,0.05,195.31,133.45,61.86
100306,2025-06-23,Vivid Monitor 27in,Electronics,West,1,275.12,0.0,275.12,163.4,111.72
100841,2025-06-23,Sharp Whiteboard,Office Supplies,South,2,65.67,0.0,131.35,80.72,50.63
100977,2025-06-23,Sharp Whiteboard,Office Supplies,Central,2,64.79,0.0,129.58,76.59,52.99
102247,2025-06-23,Aero Laptop 14,Electronics,North,3,939.02,0.0,2817.07,1963.01,854.06
102298,2025-06-23,Comfy Standing Desk,Furniture,West,3,435.76,0.0,1307.28,945.01,362.27
100640,2025-06-24,Aero Laptop 16,Electronics,West,1,1310.88,0.0,1310.88,792.93,517.95
101724,2025-06-24,Comfy Standing Desk,Furniture,West,1,390.31,0.0,390.31,283.95,106.36
101824,2025-06-24,Vivid Monitor 27in,Electronics,Central,1,297.78,0.1,268.0,219.6,48.4
103359,2025-06-24,Vivid Monitor 27in,Electronics,South,3,279.96,0.0,839.89,515.17,324.72
103536,2025-06-24,Comfy Bookshelf,Furniture,South,4,157.2,0.0,628.82,406.85,221.97
103596,2025-06-24,Comfy Standing Desk,Furniture,Central,1,413.68,0.0,413.68,298.44,115.24
100482,2025-06-25,Vivid Webcam HD,Electronics,South,4,43.45,0.0,173.8,125.07,48.73
100721,2025-06-25,Comfy Bookshelf,Furniture,East,1,155.26,0.0,155.26,108.32,46.94
101110,2025-06-25,Aero Laptop 16,Electronics,North,6,1216.32,0.0,7297.93,4648.33,2649.6
101319,2025-06-25,Buzz Wireless Earbuds,Electronics,North,2,76.04,0.0,152.08,96.4,55.68
103605,2025-06-25,Buzz Wireless Earbuds,Electronics,North,2,78.68,0.0,157.36,116.31,41.05
101703,2025-06-26,Sharp Pen Pack,Office Supplies,South,2,8.61,0.0,17.23,11.26,5.97
102054,2025-06-26,Buzz Wireless Earbuds,Electronics,North,5,75.53,0.05,358.78,242.51,116.27
102063,2025-06-26,Sharp Whiteboard,Office Supplies,Central,5,68.12,0.15,289.5,235.39,54.11
102660,2025-06-26,Comfy Standing Desk,Furniture,West,4,383.65,0.0,1534.61,844.62,689.99
102883,2025-06-26,Vivid Webcam HD,Electronics,North,1,41.89,0.05,39.8,31.01,8.79
100480,2025-06-27,Sharp Whiteboard,Office Supplies,Central,1,60.18,0.0,60.18,43.14,17.04
101355,2025-06-27,Comfy Bookshelf,Furniture,West,1,140.8,0.0,140.8,105.14,35.66
102425,2025-06-27,Buzz Wireless Earbuds,Electronics,Central,1,78.65,0.05,74.72,49.9,24.82
103041,2025-06-27,Buzz Bluetooth Speaker,Electronics,North,1,56.44,0.1,50.79,36.23,14.56
101860,2025-06-28,Aero Laptop 14,Electronics,Central,2,876.75,0.0,1753.51,1136.79,616.72
100055,2025-06-29,Comfy Standing Desk,Furniture,East,2,382.18,0.0,764.35,439.97,324.38
100270,2025-06-29,Buzz Wireless Earbuds,Electronics,South,3,74.02,0.0,222.05,141.86,80.19
102189,2025-06-29,Sharp Pen Pack,Office Supplies,West,1,7.8,0.0,7.8,4.52,3.28
102294,2025-06-29,Comfy Standing Desk,Furniture,North,1,406.71,0.05,386.38,283.7,102.68
100509,2025-06-30,Aero Laptop 16,Electronics,West,3,1262.77,0.0,3788.3,2604.66,1183.64
100773,2025-06-30,Aero Laptop 14,Electronics,Central,4,921.62,0.0,3686.47,2266.63,1419.84
101768,2025-06-30,Aero Laptop 16,Electronics,South,4,1316.79,0.0,5267.16,3834.6,1432.56
102256,2025-06-30,Aero Laptop 16,Electronics,West,1,1302.54,0.0,1302.54,786.94,515.6
102447,2025-06-30,Comfy Standing Desk,Furniture,North,2,414.49,0.0,828.99,570.43,258.56
100940,2025-07-01,Aero Laptop 16,Electronics,East,3,1329.92,0.05,3790.28,2800.41,989.87
101028,2025-07-01,Sharp Whiteboard,Office Supplies,West,5,69.22,0.15,294.19,214.59,79.6
101164,2025-07-01,Vivid Webcam HD,Electronics,Central,1,42.21,0.0,42.21,29.81,12.4
101183,2025-07-01,Comfy Standing Desk,Furniture,West,2,396.02,0.0,792.04,524.77,267.27
101255,2025-07-01,Aero Laptop 16,Electronics,South,5,1354.92,0.0,6774.62,3943.8,2830.82
102015,2025-07-01,Sharp Whiteboard,Office Supplies,West,1,66.77,0.05,63.43,46.41,17.02
102992,2025-07-01,Sharp Pen Pack,Office Supplies,West,6,7.81,0.0,46.87,33.0,13.87
101354,2025-07-02,Sharp Pen Pack,Office Supplies,North,2,7.8,0.0,15.59,11.46,4.13
101960,2025-07-02,Sharp Whiteboard,Office Supplies,North,2,62.19,0.0,124.37,90.08,34.29
102026,2025-07-02,Sharp Pen Pack,Office Supplies,East,1,8.51,0.1,7.66,4.78,2.88
102246,2025-07-02,Sharp Notebook Set,Office Supplies,West,1,11.18,0.0,11.18,6.25,4.93
103219,2025-07-02,Vivid Monitor 27in,Electronics,Central,1,262.32,0.1,236.08,170.68,65.4
100072,2025-07-03,Sharp Pen Pack,Office Supplies,North,2,8.09,0.05,15.37,11.74,3.63
102027,2025-07-03,Comfy Office Chair,Furniture,South,1,202.71,0.0,202.71,147.18,55.53
102209,2025-07-03,Sharp Notebook Set,Office Supplies,South,2,12.95,0.05,24.6,16.51,8.09
103553,2025-07-03,Buzz Bluetooth Speaker,Electronics,East,2,55.4,0.1,99.72,66.52,33.2
100221,2025-07-04,Vivid Monitor 27in,Electronics,Central,2,275.07,0.0,550.13,399.64,150.49
100395,2025-07-04,Buzz Wireless Earbuds,Electronics,East,1,81.76,0.05,77.68,45.65,32.03
100520,2025-07-04,Aero Laptop 14,Electronics,West,1,968.41,0.0,968.41,706.89,261.52
101972,2025-07-04,Sharp Whiteboard,Office Supplies,Central,1,61.79,0.0,61.79,45.69,16.1
102035,2025-07-04,Comfy Office Chair,Furniture,North,3,231.92,0.15,591.39,448.41,142.98
103502,2025-07-04,Aero Laptop 16,Electronics,North,3,1255.78,0.0,3767.34,2193.29,1574.05
100167,2025-07-05,Aero Laptop 14,Electronics,Central,1,973.67,0.05,924.99,676.57,248.42
100354,2025-07-05,Aero Laptop 16,Electronics,Central,1,1248.82,0.05,1186.38,711.51,474.87
101561,2025-07-05,Comfy Standing Desk,Furniture,Central,3,392.18,0.0,1176.53,652.26,524.27
101611,2025-07-05,Comfy Bookshelf,Furniture,Central,1,155.49,0.0,155.49,87.69,67.8
101727,2025-07-05,Sharp Whiteboard,Office Supplies,North,2,66.52,0.1,119.73,75.84,43.89
102561,2025-07-05,Comfy Bookshelf,Furniture,South,3,138.94,0.1,375.15,236.15,139.0
103342,2025-07-05,Vivid Monitor 27in,Electronics,North,3,300.42,0.0,901.26,608.82,292.44
103430,2025-07-05,Comfy Standing Desk,Furniture,West,1,424.13,0.0,424.13,233.72,190.41
100254,2025-07-06,Buzz Wireless Earbuds,Electronics,South,1,78.33,0.0,78.33,55.11,23.22
101366,2025-07-06,Aero Laptop 16,Electronics,Central,2,1385.24,0.1,2493.43,1530.72,962.71
102002,2025-07-06,Buzz Bluetooth Speaker,Electronics,West,5,55.52,0.0,277.58,205.75,71.83
102174,2025-07-06,Buzz Bluetooth Speaker,Electronics,South,3,62.17,0.0,186.51,110.85,75.66
102526,2025-07-06,Aero Laptop 14,Electronics,Central,3,915.29,0.0,2745.86,1789.24,956.62
102967,2025-07-06,Aero Laptop 16,Electronics,North,1,1357.18,0.0,1357.18,850.49,506.69
100788,2025-07-07,Vivid Monitor 27in,Electronics,West,2,265.25,0.0,530.49,382.22,148.27
100983,2025-07-07,Sharp Whiteboard,Office Supplies,East,1,68.09,0.0,68.09,47.13,20.96
101512,2025-07-07,Sharp Notebook Set,Office Supplies,West,2,11.59,0.0,23.18,15.2,7.98
101636,2025-07-07,Buzz Wireless Earbuds,Electronics,Central,1,85.37,0.0,85.37,53.73,31.64
101969,2025-07-07,Comfy Standing Desk,Furniture,Central,1,436.24,0.0,436.24,262.52,173.72
101522,2025-07-08,Sharp Pen Pack,Office Supplies,South,5,7.81,0.0,39.03,28.26,10.77
103344,2025-07-08,Vivid Webcam HD,Electronics,West,1,45.51,0.0,45.51,25.35,20.16
100035,2025-07-09,Vivid Webcam HD,Electronics,Central,1,42.08,0.0,42.08,23.74,18.34
101304,2025-07-09,Comfy Standing Desk,Furniture,North,1,393.83,0.1,354.45,269.38,85.07
102206,2025-07-09,Comfy Bookshelf,Furniture,South,4,159.44,0.0,637.78,423.91,213.87
102282,2025-07-09,Buzz Bluetooth Speaker,Electronics,Central,4,59.47,0.0,237.87,161.12,76.75
102556,2025-07-09,Vivid Webcam HD,Electronics,Central,1,43.73,0.0,43.73,32.27,11.46
100650,2025-07-10,Aero Laptop 14,Electronics,South,4,948.74,0.1,3415.48,2699.52,715.96
101428,2025-07-10,Aero Laptop 16,Electronics,South,3,1268.77,0.15,3235.35,2460.75,774.6
100658,2025-07-11,Comfy Standing Desk,Furniture,East,2,402.06,0.0,804.13,463.57,340.56
103082,2025-07-11,Vivid Monitor 27in,Electronics,North,1,297.13,0.0,297.13,201.6,95.53
100202,2025-07-12,Sharp Notebook Set,Office Supplies,East,2,12.22,0.0,24.44,17.82,6.62
100973,2025-07-12,Buzz Wireless Earbuds,Electronics,Central,5,84.63,0.1,380.86,249.18,131.68
101362,2025-07-12,Comfy Office Chair,Furniture,South,3,232.75,0.0,698.25,457.23,241.02
100293,2025-07-13,Comfy Office Chair,Furniture,West,3,202.94,0.0,608.83,365.67,243.16
100565,2025-07-13,Sharp Pen Pack,Office Supplies,West,3,7.4,0.0,22.2,14.97,7.23
100871,2025-07-13,Sharp Notebook Set,Office Supplies,Central,8,11.94,0.0,95.5,67.71,27.79
100968,2025-07-13,Aero Laptop 14,Electronics,North,3,994.11,0.0,2982.32,2117.75,864.57
101575,2025-07-13,Aero Laptop 16,Electronics,South,2,1374.04,0.1,2473.28,1868.0,605.28
102386,2025-07-13,Comfy Bookshelf,Furniture,East,4,144.08,0.0,576.31,413.33,162.98
102515,2025-07-13,Comfy Office Chair,Furniture,West,1,224.25,0.0,224.25,132.49,91.76
102914,2025-07-13,Vivid Monitor 27in,Electronics,North,4,295.49,0.0,1181.96,828.13,353.83
103203,2025-07-13,Comfy Standing Desk,Furniture,South,2,377.47,0.0,754.93,494.35,260.58
101835,2025-07-14,Comfy Office Chair,Furniture,East,2,233.19,0.0,466.37,304.29,162.08
102165,2025-07-14,Comfy Bookshelf,Furniture,West,1,158.85,0.0,158.85,87.78,71.07
102754,2025-07-14,Sharp Notebook Set,Office Supplies,South,1,12.06,0.0,12.06,8.14,3.92
102764,2025-07-14,Sharp Whiteboard,Office Supplies,North,3,64.94,0.0,194.83,123.25,71.58
103398,2025-07-14,Sharp Whiteboard,Office Supplies,Central,1,64.38,0.15,54.72,43.9,10.82
102249,2025-07-15,Sharp Whiteboard,Office Supplies,East,2,68.33,0.0,136.66,102.18,34.48
103374,2025-07-15,Buzz Wireless Earbuds,Electronics,South,4,75.65,0.0,302.59,216.13,86.46
103566,2025-07-15,Buzz Bluetooth Speaker,Electronics,North,3,63.38,0.0,190.15,129.79,60.36
100903,2025-07-16,Buzz Bluetooth Speaker,Electronics,North,2,63.87,0.0,127.75,95.37,32.38
101193,2025-07-16,Aero Laptop 14,Electronics,West,1,1001.27,0.0,1001.27,585.23,416.04
102374,2025-07-16,Sharp Pen Pack,Office Supplies,East,1,7.69,0.0,7.69,5.02,2.67
103250,2025-07-16,Sharp Whiteboard,Office Supplies,North,2,70.14,0.0,140.28,88.06,52.22
100524,2025-07-18,Sharp Whiteboard,Office Supplies,Central,3,64.34,0.0,193.03,136.63,56.4
101855,2025-07-18,Sharp Notebook Set,Office Supplies,Central,1,11.19,0.05,10.63,6.34,4.29
102399,2025-07-18,Aero Laptop 14,Electronics,East,1,935.92,0.1,842.33,661.05,181.28
102533,2025-07-18,Comfy Standing Desk,Furniture,East,1,415.35,0.1,373.81,278.38,95.43
103347,2025-07-18,Sharp Pen Pack,Office Supplies,North,2,8.34,0.0,16.68,11.49,5.19
100631,2025-07-19,Comfy Bookshelf,Furniture,South,2,157.27,0.0,314.55,190.84,123.71
100851,2025-07-19,Sharp Notebook Set,Office Supplies,West,3,11.43,0.1,30.85,24.7,6.15
100981,2025-07-19,Buzz Wireless Earbuds,Electronics,North,2,80.31,0.0,160.62,115.74,44.88
101062,2025-07-19,Aero Laptop 14,Electronics,West,1,879.91,0.0,879.91,597.48,282.43
102666,2025-07-19,Aero Laptop 16,Electronics,North,2,1398.16,0.05,2656.51,1598.34,1058.17
102682,2025-07-19,Comfy Standing Desk,Furniture,West,5,420.35,0.0,2101.73,1504.26,597.47
103057,2025-07-19,Comfy Bookshelf,Furniture,South,2,139.44,0.0,278.89,175.62,103.27
101540,2025-07-20,Sharp Whiteboard,Office Supplies,East,1,63.32,0.0,63.32,45.82,17.5
103101,2025-07-20,Buzz Wireless Earbuds,Electronics,West,1,79.76,0.0,79.76,59.71,20.05
100299,2025-07-21,Vivid Monitor 27in,Electronics,Central,2,276.76,0.0,553.51,376.31,177.2
103620,2025-07-21,Buzz Wireless Earbuds,Electronics,North,3,81.59,0.0,244.78,172.64,72.14
100710,2025-07-22,Comfy Standing Desk,Furniture,West,1,439.61,0.0,439.61,303.92,135.69
100847,2025-07-22,Buzz Wireless Earbuds,Electronics,South,1,74.93,0.05,71.18,41.79,29.39
100932,2025-07-22,Comfy Standing Desk,Furniture,South,2,385.57,0.05,732.59,496.85,235.74
103088,2025-07-22,Comfy Standing Desk,Furniture,North,1,402.08,0.0,402.08,232.74,169.34
100932,2025-07-22,Comfy Standing Desk,Furniture,South,2,385.57,0.05,732.59,496.85,235.74
100347,2025-07-23,Aero Laptop 14,Electronics,South,3,886.0,0.0,2658.0,1600.67,1057.33
101617,2025-07-23,Aero Laptop 14,Electronics,South,1,886.21,0.0,886.21,555.09,331.12
102262,2025-07-23,Vivid Monitor 27in,Electronics,South,1,276.87,0.0,276.87,182.17,94.7
102327,2025-07-23,Vivid Monitor 27in,Electronics,West,3,273.35,0.0,820.04,461.73,358.31
103046,2025-07-23,Aero Laptop 16,Electronics,East,1,1398.22,0.0,1398.22,1008.59,389.63
101192,2025-07-24,Vivid Webcam HD,Electronics,North,1,46.17,0.0,46.17,26.52,19.65
102098,2025-07-24,Comfy Office Chair,Furniture,West,3,202.6,0.0,607.81,393.62,214.19
102198,2025-07-24,Vivid Webcam HD,Electronics,West,3,46.38,0.0,139.15,91.58,47.57
102328,2025-07-24,Sharp Whiteboard,Office Supplies,West,3,60.63,0.0,181.88,119.86,62.02
103259,2025-07-24,Buzz Wireless Earbuds,Electronics,South,6,79.12,0.0,474.7,302.88,171.82
100115,2025-07-25,Comfy Office Chair,Furniture,South,2,212.99,0.0,425.99,240.03,185.96
100313,2025-07-25,Buzz Bluetooth Speaker,Electronics,West,2,63.18,0.05,120.04,78.93,41.11
102761,2025-07-25,Sharp Notebook Set,Office Supplies,West,1,11.26,0.0,11.26,6.83,4.43
102999,2025-07-25,Comfy Standing Desk,Furniture,East,1,439.73,0.0,439.73,284.73,155.0
103354,2025-07-25,Buzz Wireless Earbuds,Electronics,North,3,83.04,0.05,236.66,186.78,49.88
100616,2025-07-26,Sharp Whiteboard,Office Supplies,Central,3,66.11,0.0,198.34,141.02,57.32
100823,2025-07-26,Buzz Wireless Earbuds,Electronics,South,5,76.12,0.05,361.57,272.67,88.9
101145,2025-07-26,Aero Laptop 16,Electronics,East,2,1231.15,0.0,2462.29,1403.65,1058.64
101314,2025-07-26,Vivid Monitor 27in,Electronics,South,1,275.37,0.0,275.37,197.56,77.81
101477,2025-07-26,Aero Laptop 14,Electronics,East,2,884.78,0.05,1681.08,998.47,682.61
101778,2025-07-26,Aero Laptop 14,Electronics,Central,4,944.69,0.0,3778.77,2833.98,944.79
101970,2025-07-26,Comfy Bookshelf,Furniture,North,2,157.81,0.0,315.61,215.83,99.78
102005,2025-07-26,Sharp Whiteboard,Office Supplies,West,3,62.82,0.0,188.46,116.35,72.11
102056,2025-07-26,Vivid Monitor 27in,Electronics,Central,2,279.79,0.0,559.57,351.58,207.99
102400,2025-07-26,Comfy Bookshelf,Furniture,East,1,138.5,0.0,138.5,102.48,36.02
102403,2025-07-26,Buzz Bluetooth Speaker,Electronics,South,3,56.13,0.0,168.39,103.72,64.67
103326,2025-07-26,Sharp Notebook Set,Office Supplies,North,2,11.05,0.0,22.09,16.25,5.84
100599,2025-07-27,Sharp Whiteboard,Office Supplies,Central,3,64.64,0.0,193.93,124.88,69.05
102672,2025-07-27,Aero Laptop 14,Electronics,West,1,881.41,0.0,881.41,627.36,254.05
102803,2025-07-27,Vivid Monitor 27in,Electronics,Central,1,280.22,0.0,280.22,193.1,87.12
100241,2025-07-28,Comfy Standing Desk,Furniture,,1,440.93,0.0,440.93,307.24,133.69
100996,2025-07-28,Buzz Wireless Earbuds,Electronics,North,2,85.49,0.1,153.89,98.64,55.25
101957,2025-07-28,Vivid Webcam HD,Electronics,East,1,48.29,0.0,48.29,30.53,17.76
102598,2025-07-28,Vivid Webcam HD,Electronics,North,1,48.12,0.0,48.12,26.73,21.39
103060,2025-07-28,Comfy Bookshelf,Furniture,Central,3,161.65,0.0,484.96,299.03,185.93
100135,2025-07-29,Comfy Standing Desk,Furniture,North,1,425.51,0.0,425.51,274.42,151.09
101389,2025-07-29,Sharp Notebook Set,Office Supplies,South,3,11.35,0.0,34.04,24.35,9.69
101585,2025-07-29,Aero Laptop 16,Electronics,West,3,1311.92,0.0,3935.76,2376.11,1559.65
100856,2025-07-30,Comfy Standing Desk,Furniture,East,4,398.58,0.0,1594.31,1069.09,525.22
102567,2025-07-30,Comfy Standing Desk,Furniture,South,2,380.11,0.0,760.22,563.71,196.51
100162,2025-07-31,Vivid Monitor 27in,Electronics,Central,4,296.22,0.1,1066.39,767.1,299.29
100759,2025-07-31,Comfy Bookshelf,Furniture,West,5,156.66,0.0,783.32,570.72,212.6
101244,2025-07-31,Sharp Notebook Set,Office Supplies,East,2,11.56,0.0,23.13,14.18,8.95
102606,2025-07-31,Buzz Bluetooth Speaker,Electronics,East,5,56.47,0.0,282.37,156.78,125.59
102690,2025-07-31,Vivid Monitor 27in,Electronics,South,1,264.04,0.0,264.04,163.79,100.25
103552,2025-07-31,Aero Laptop 16,Electronics,Central,3,1316.66,0.0,3949.97,2637.99,1311.98
101487,2025-08-01,Vivid Monitor 27in,Electronics,Central,2,267.33,0.0,534.66,358.67,175.99
101820,2025-08-01,Vivid Webcam HD,Electronics,Central,1,45.08,0.0,45.08,26.7,18.38
102008,2025-08-01,Sharp Whiteboard,Office Supplies,East,4,65.3,0.0,261.19,194.46,66.73
102431,2025-08-01,Comfy Standing Desk,Furniture,South,1,381.97,0.0,381.97,219.62,162.35
102958,2025-08-01,Sharp Notebook Set,Office Supplies,West,2,11.46,0.0,22.92,14.15,8.77
103265,2025-08-01,Sharp Notebook Set,Office Supplies,South,2,12.41,0.0,24.83,15.64,9.19
100154,2025-08-02,Sharp Whiteboard,Office Supplies,North,3,66.0,0.0,197.99,123.42,74.57
101190,2025-08-02,Comfy Standing Desk,Furniture,West,1,405.22,0.0,405.22,282.37,122.85
101229,2025-08-02,Aero Laptop 16,Electronics,Central,2,1328.07,0.0,2656.14,1943.78,712.36
101721,2025-08-02,Aero Laptop 14,Electronics,South,1,926.1,0.0,926.1,676.74,249.36
101954,2025-08-02,Buzz Bluetooth Speaker,Electronics,West,2,62.31,0.0,124.63,75.57,49.06
102202,2025-08-02,Aero Laptop 14,Electronics,West,3,998.17,0.0,2994.51,2116.48,878.03
102623,2025-08-02,Buzz Bluetooth Speaker,Electronics,East,1,58.9,0.1,53.01,34.94,18.07
103274,2025-08-02,Vivid Monitor 27in,Electronics,Central,2,260.53,0.0,521.06,331.42,189.64
100031,2025-08-03,Comfy Standing Desk,Furniture,Central,1,414.33,0.0,414.33,237.84,176.49
101021,2025-08-03,Comfy Office Chair,Furniture,West,3,217.74,0.0,653.22,412.21,241.01
101984,2025-08-03,Comfy Standing Desk,Furniture,,1,408.71,0.05,388.27,257.66,130.61
100766,2025-08-04,Vivid Monitor 27in,Electronics,East,2,289.94,0.1,521.9,329.52,192.38
100846,2025-08-04,Aero Laptop 14,Electronics,North,1,891.99,0.05,847.39,656.06,191.33
100855,2025-08-04,Vivid Webcam HD,Electronics,Central,1,42.76,0.0,42.76,31.47,11.29
101507,2025-08-04,Aero Laptop 16,Electronics,North,1,1382.25,0.0,1382.25,998.87,383.38
101079,2025-08-05,Vivid Webcam HD,Electronics,West,3,45.55,0.0,136.66,86.17,50.49
101346,2025-08-05,Sharp Pen Pack,Office Supplies,East,1,7.64,0.0,7.64,5.39,2.25
103330,2025-08-05,Vivid Monitor 27in,Electronics,North,1,258.14,0.0,258.14,183.71,74.43
100784,2025-08-06,Sharp Notebook Set,Office Supplies,West,4,11.94,0.15,40.59,33.46,7.13
100785,2025-08-06,Comfy Bookshelf,Furniture,Central,4,158.0,0.0,632.0,460.37,171.63
101452,2025-08-06,Aero Laptop 14,Electronics,South,5,979.41,0.05,4652.18,2727.15,1925.03
102359,2025-08-06,Comfy Bookshelf,Furniture,East,1,160.97,0.1,144.87,118.36,26.51
102361,2025-08-06,Buzz Wireless Earbuds,Electronics,East,4,78.55,0.0,314.19,215.27,98.92
100142,2025-08-07,Comfy Office Chair,Furniture,North,3,225.9,0.05,643.81,476.05,167.76
101822,2025-08-07,Sharp Notebook Set,Office Supplies,Central,5,11.75,0.0,58.77,38.2,20.57
102090,2025-08-07,Buzz Wireless Earbuds,Electronics,West,3,79.84,0.05,227.55,173.31,54.24
102375,2025-08-07,Buzz Wireless Earbuds,Electronics,South,1,74.77,0.0,74.77,51.77,23.0
102810,2025-08-07,Aero Laptop 14,Electronics,East,2,991.54,0.0,1983.09,1160.15,822.94
102875,2025-08-07,Comfy Standing Desk,Furniture,South,3,381.11,0.0,1143.33,675.78,467.55
102975,2025-08-07,Comfy Office Chair,Furniture,East,2,218.77,0.0,437.55,318.02,119.53
103624,2025-08-07,Aero Laptop 14,Electronics,North,1,944.13,0.0,944.13,543.27,400.86
100644,2025-08-08,Comfy Standing Desk,Furniture,Central,2,421.55,0.0,843.1,620.78,222.32
100864,2025-08-08,Comfy Bookshelf,Furniture,Central,3,154.82,0.1,418.01,290.32,127.69
100975,2025-08-08,Buzz Wireless Earbuds,Electronics,South,3,77.17,0.0,231.5,136.39,95.11
102285,2025-08-08,Sharp Notebook Set,Office Supplies,East,3,12.27,0.0,36.81,20.75,16.06
102323,2025-08-08,Buzz Wireless Earbuds,Electronics,East,1,76.99,0.0,76.99,55.73,21.26
102335,2025-08-08,Sharp Pen Pack,Office Supplies,Central,3,8.17,0.0,24.51,16.34,8.17
103012,2025-08-08,Vivid Monitor 27in,Electronics,North,2,262.17,0.0,524.35,391.3,133.05
103130,2025-08-08,Sharp Pen Pack,Office Supplies,Central,1,7.91,0.0,7.91,4.54,3.37
101530,2025-08-09,Sharp Pen Pack,Office Supplies,East,3,8.52,0.0,25.55,15.35,10.2
102045,2025-08-09,Vivid Webcam HD,Electronics,East,3,47.13,0.0,141.38,79.56,61.82
101224,2025-08-10,Aero Laptop 14,Electronics,West,4,1025.82,0.0,4103.3,2291.5,1811.8
101384,2025-08-10,Sharp Whiteboard,Office Supplies,East,1,66.75,0.0,66.75,40.12,26.63
101841,2025-08-10,Aero Laptop 16,Electronics,Central,1,1262.54,0.0,1262.54,946.38,316.16
102665,2025-08-10,Sharp Whiteboard,Office Supplies,Central,2,60.12,0.0,120.23,74.09,46.14
100636,2025-08-11,Sharp Pen Pack,Office Supplies,Central,2,8.34,0.05,15.84,11.3,4.54
100794,2025-08-11,Aero Laptop 14,Electronics,Central,1,914.47,0.0,914.47,579.76,334.71
101261,2025-08-11,Sharp Notebook Set,Office Supplies,East,2,12.53,0.1,22.56,15.97,6.59
101776,2025-08-11,Sharp Pen Pack,Office Supplies,South,2,7.37,0.0,14.73,9.96,4.77
102309,2025-08-11,Vivid Monitor 27in,Electronics,North,2,264.65,0.0,529.3,336.76,192.54
102618,2025-08-11,Comfy Standing Desk,Furniture,South,1,416.63,0.0,416.63,262.04,154.59
101046,2025-08-12,Comfy Standing Desk,Furniture,South,5,393.99,0.0,1969.96,1227.11,742.85
100679,2025-08-13,Vivid Monitor 27in,Electronics,North,3,283.11,0.0,849.34,562.53,286.81
101135,2025-08-13,Vivid Webcam HD,Electronics,East,8,43.89,0.05,333.54,222.92,110.62
102907,2025-08-13,Comfy Office Chair,Furniture,East,2,214.66,0.1,386.39,260.6,125.79
103321,2025-08-13,Buzz Bluetooth Speaker,Electronics,West,6,56.17,0.0,337.0,196.04,140.96
100572,2025-08-14,Comfy Bookshelf,Furniture,North,2,148.74,0.15,252.85,186.06,66.79
100852,2025-08-14,Sharp Notebook Set,Office Supplies,,1,11.1,0.0,11.1,8.07,3.03
103089,2025-08-14,Vivid Monitor 27in,Electronics,Central,1,272.18,0.0,272.18,195.32,76.86
100887,2025-08-15,Aero Laptop 14,Electronics,North,1,985.82,0.0,985.82,702.53,283.29
100963,2025-08-15,Buzz Bluetooth Speaker,Electronics,West,3,64.36,0.1,173.78,108.28,65.5
102173,2025-08-15,Buzz Wireless Earbuds,Electronics,South,2,77.08,0.0,154.15,97.09,57.06
100892,2025-08-16,Comfy Standing Desk,Furniture,East,3,417.15,0.0,1251.45,728.42,523.03
102311,2025-08-16,Aero Laptop 14,Electronics,East,2,947.31,0.0,1894.62,1397.25,497.37
100943,2025-08-17,Vivid Monitor 27in,Electronics,Central,4,271.02,0.0,1084.09,698.0,386.09
101278,2025-08-17,Aero Laptop 14,Electronics,East,2,938.3,0.0,1876.6,1365.63,510.97
101407,2025-08-17,Vivid Webcam HD,Electronics,Central,4,48.02,0.0,192.07,129.8,62.27
101473,2025-08-17,Vivid Monitor 27in,Electronics,East,4,267.99,0.1,964.77,627.58,337.19
102384,2025-08-17,Vivid Monitor 27in,Electronics,Central,1,278.95,0.0,278.95,195.64,83.31
102936,2025-08-17,Comfy Bookshelf,Furniture,West,3,161.15,0.0,483.46,299.69,183.77
100067,2025-08-18,Aero Laptop 14,Electronics,East,1,891.74,0.0,891.74,598.55,293.19
101712,2025-08-18,Aero Laptop 14,Electronics,Central,1,882.2,0.0,882.2,606.7,275.5
101853,2025-08-18,Sharp Whiteboard,Office Supplies,North,1,67.78,0.0,67.78,44.04,23.74
100957,2025-08-19,Vivid Monitor 27in,Electronics,Central,1,265.31,0.0,265.31,162.98,102.33
101378,2025-08-19,Comfy Standing Desk,Furniture,South,2,393.28,0.05,747.24,435.38,311.86
101558,2025-08-19,Vivid Monitor 27in,Electronics,South,1,265.68,0.0,265.68,180.2,85.48
102947,2025-08-19,Comfy Standing Desk,Furniture,Central,4,411.29,0.0,1645.17,1233.44,411.73
103168,2025-08-19,Vivid Monitor 27in,Electronics,West,4,283.31,0.0,1133.24,752.36,380.88
103246,2025-08-19,Buzz Bluetooth Speaker,Electronics,East,1,58.01,0.0,58.01,36.54,21.47
100842,2025-08-20,Comfy Office Chair,Furniture,North,2,224.87,0.0,449.74,333.18,116.56
101091,2025-08-20,Buzz Wireless Earbuds,Electronics,North,5,85.49,0.0,427.44,269.15,158.29
101222,2025-08-20,Vivid Monitor 27in,Electronics,North,1,269.01,0.0,269.01,167.33,101.68
101633,2025-08-20,Sharp Notebook Set,Office Supplies,North,3,11.95,0.05,34.07,21.41,12.66
103428,2025-08-20,Aero Laptop 16,Electronics,West,3,1378.26,0.0,4134.79,2533.97,1600.82
100132,2025-08-21,Sharp Whiteboard,Office Supplies,North,3,62.37,0.1,168.4,119.58,48.82
100534,2025-08-21,Sharp Whiteboard,Office Supplies,South,1,66.06,0.0,66.06,46.6,19.46
100577,2025-08-21,Buzz Wireless Earbuds,Electronics,South,1,83.28,0.0,83.28,47.1,36.18
101687,2025-08-21,Sharp Whiteboard,Office Supplies,North,1,64.31,0.0,64.31,42.31,22.0
102702,2025-08-21,Comfy Bookshelf,Furniture,East,1,155.23,0.0,155.23,94.23,61.0
102921,2025-08-21,Aero Laptop 14,Electronics,North,1,878.4,0.0,878.4,610.51,267.89
102934,2025-08-21,Vivid Monitor 27in,Electronics,West,2,298.89,0.0,597.78,447.5,150.28
101132,2025-08-22,Aero Laptop 16,Electronics,South,1,1317.94,0.0,1317.94,816.24,501.7
101300,2025-08-22,Sharp Pen Pack,Office Supplies,East,3,8.29,0.05,23.63,14.3,9.33
101775,2025-08-22,Vivid Monitor 27in,Electronics,West,1,273.14,0.0,273.14,155.15,117.99
100385,2025-08-23,Aero Laptop 16,Electronics,West,1,1201.79,0.0,1201.79,854.9,346.89
100521,2025-08-23,Vivid Webcam HD,Electronics,Central,2,47.21,0.0,94.42,67.48,26.94
101076,2025-08-23,Sharp Notebook Set,Office Supplies,West,2,11.09,0.0,22.18,16.57,5.61
101934,2025-08-23,Comfy Office Chair,Furniture,East,2,224.63,0.1,404.33,307.69,96.64
102337,2025-08-23,Sharp Notebook Set,Office Supplies,Central,2,11.28,0.0,22.57,15.54,7.03
103092,2025-08-23,Comfy Office Chair,Furniture,Central,3,206.55,0.0,619.65,406.76,212.89
103226,2025-08-23,Aero Laptop 16,Electronics,South,1,1316.18,0.15,1118.75,905.78,212.97
100036,2025-08-24,Aero Laptop 16,Electronics,Central,2,1390.82,0.0,2781.65,1762.42,1019.23
100189,2025-08-24,Comfy Office Chair,Furniture,Central,1,203.32,0.0,203.32,145.65,57.67
102109,2025-08-24,Sharp Notebook Set,Office Supplies,South,1,12.23,0.0,12.23,7.45,4.78
103075,2025-08-24,Sharp Notebook Set,Office Supplies,North,1,12.81,0.05,12.17,8.76,3.41
103619,2025-08-24,Sharp Notebook Set,Office Supplies,South,2,12.58,0.05,23.91,17.32,6.59
101448,2025-08-25,Vivid Webcam HD,Electronics,West,2,43.7,0.0,87.4,57.74,29.66
101834,2025-08-25,Aero Laptop 14,Electronics,East,4,986.17,0.0,3944.67,2648.5,1296.17
102864,2025-08-25,Comfy Bookshelf,Furniture,East,3,139.55,0.0,418.66,300.14,118.52
100240,2025-08-26,Buzz Wireless Earbuds,Electronics,East,4,73.64,0.0,294.56,179.59,114.97
102254,2025-08-26,Sharp Pen Pack,Office Supplies,South,2,7.52,0.0,15.05,10.52,4.53
102550,2025-08-26,Sharp Pen Pack,Office Supplies,,5,7.95,0.0,39.76,23.49,16.27
100409,2025-08-27,Sharp Notebook Set,Office Supplies,West,4,12.88,0.0,51.52,34.57,16.95
100613,2025-08-27,Comfy Bookshelf,Furniture,North,1,140.03,0.05,133.03,98.63,34.4
101168,2025-08-27,Vivid Monitor 27in,Electronics,West,3,267.35,0.0,802.05,529.57,272.48
103432,2025-08-27,Buzz Bluetooth Speaker,Electronics,North,2,55.93,0.0,111.87,70.94,40.93
100970,2025-08-28,Sharp Pen Pack,Office Supplies,West,3,8.55,0.0,25.64,16.6,9.04
101800,2025-08-28,Sharp Whiteboard,Office Supplies,South,2,62.88,0.0,125.77,72.42,53.35
101391,2025-08-29,Aero Laptop 16,Electronics,West,5,1251.15,0.0,6255.75,4040.84,2214.91
102308,2025-08-29,Sharp Notebook Set,Office Supplies,North,3,11.27,0.0,33.8,19.03,14.77
102394,2025-08-29,Buzz Wireless Earbuds,Electronics,North,1,81.06,0.0,81.06,55.61,25.45
102798,2025-08-29,Vivid Monitor 27in,Electronics,North,1,277.49,0.0,277.49,201.45,76.04
102986,2025-08-29,Vivid Webcam HD,Electronics,East,3,45.75,0.0,137.24,87.22,50.02
103392,2025-08-29,Comfy Standing Desk,Furniture,West,1,436.02,0.0,436.02,291.35,144.67
100367,2025-08-30,Sharp Pen Pack,Office Supplies,West,2,7.71,0.0,15.42,11.5,3.92
101016,2025-08-30,Buzz Wireless Earbuds,Electronics,South,3,78.82,0.0,236.47,168.68,67.79
101185,2025-08-30,Aero Laptop 14,Electronics,West,1,911.19,0.1,820.08,607.39,212.69
101497,2025-08-30,Vivid Monitor 27in,Electronics,West,1,275.8,0.0,275.8,172.15,103.65
102292,2025-08-30,Aero Laptop 14,Electronics,East,1,954.84,0.0,954.84,543.54,411.3
102969,2025-08-30,Vivid Monitor 27in,Electronics,Central,1,279.28,0.0,279.28,181.54,97.74
103591,2025-08-30,Comfy Standing Desk,Furniture,Central,4,422.76,0.1,1521.93,1214.58,307.35
100083,2025-08-31,Vivid Webcam HD,Electronics,East,1,43.15,0.0,43.15,31.12,12.03
100348,2025-08-31,Vivid Webcam HD,Electronics,Central,2,42.06,0.0,84.13,56.29,27.84
101542,2025-08-31,Aero Laptop 16,Electronics,West,4,1249.62,0.0,4998.49,3463.67,1534.82
102988,2025-08-31,Buzz Bluetooth Speaker,Electronics,North,6,58.65,0.15,299.09,213.21,85.88
100390,2025-09-01,Comfy Office Chair,Furniture,East,3,202.4,0.0,607.2,377.27,229.93
101581,2025-09-01,Sharp Notebook Set,Office Supplies,South,1,11.27,0.05,10.71,6.35,4.36
101591,2025-09-01,Sharp Notebook Set,Office Supplies,West,1,12.72,0.0,12.72,8.85,3.87
102095,2025-09-01,Vivid Monitor 27in,Electronics,Central,1,298.72,0.0,298.72,173.77,124.95
102552,2025-09-01,Vivid Monitor 27in,Electronics,South,1,282.25,0.0,282.25,173.53,108.72
103472,2025-09-01,Sharp Pen Pack,Office Supplies,North,2,7.67,0.0,15.33,8.57,6.76
101374,2025-09-02,Sharp Notebook Set,Office Supplies,North,1,11.84,0.0,11.84,6.75,5.09
101830,2025-09-02,Aero Laptop 16,Electronics,South,1,1332.45,0.05,1265.83,848.18,417.65
102265,2025-09-02,Comfy Standing Desk,Furniture,North,1,392.31,0.0,392.31,278.61,113.7
103225,2025-09-02,Aero Laptop 14,Electronics,Central,3,918.45,0.0,2755.36,1959.32,796.04
103243,2025-09-02,Sharp Notebook Set,Office Supplies,East,5,12.4,0.1,55.81,36.32,19.49
100362,2025-09-03,Buzz Wireless Earbuds,Electronics,South,4,74.96,0.0,299.82,189.68,110.14
100454,2025-09-03,Sharp Whiteboard,Office Supplies,West,1,68.15,0.15,57.93,45.74,12.19
100925,2025-09-03,Aero Laptop 14,Electronics,South,1,1025.46,0.05,974.19,647.83,326.36
101823,2025-09-03,Aero Laptop 14,Electronics,Central,1,918.35,0.0,918.35,567.94,350.41
102366,2025-09-03,Buzz Wireless Earbuds,Electronics,Central,2,83.82,0.05,159.25,114.66,44.59
102517,2025-09-03,Aero Laptop 16,Electronics,Central,1,1402.77,0.0,1402.77,1023.12,379.65
102673,2025-09-03,Comfy Standing Desk,Furniture,West,3,401.34,0.0,1204.01,890.05,313.96
102994,2025-09-03,Aero Laptop 16,Electronics,East,3,1247.62,0.0,3742.86,2520.1,1222.76
102474,2025-09-04,Comfy Standing Desk,Furniture,South,1,431.33,0.0,431.33,265.34,165.99
100654,2025-09-05,Sharp Whiteboard,Office Supplies,Central,1,69.66,0.0,69.66,42.73,26.93
101203,2025-09-05,Comfy Office Chair,Furniture,West,2,202.49,0.0,404.98,286.91,118.07
102074,2025-09-05,Aero Laptop 14,Electronics,East,1,1019.04,0.05,968.09,716.99,251.1
102648,2025-09-05,Vivid Webcam HD,Electronics,Central,4,42.42,0.0,169.67,127.14,42.53
100680,2025-09-06,Vivid Webcam HD,Electronics,South,2,46.41,0.0,92.82,65.04,27.78
101149,2025-09-06,Comfy Office Chair,Furniture,Central,3,221.18,0.05,630.36,495.23,135.13
102577,2025-09-06,Sharp Notebook Set,Office Supplies,Central,2,12.48,0.05,23.72,14.29,9.43
102683,2025-09-06,Aero Laptop 14,Electronics,East,4,885.94,0.0,3543.77,2339.09,1204.68
100071,2025-09-07,Sharp Notebook Set,Office Supplies,West,1,12.84,0.0,12.84,7.92,4.92
100094,2025-09-07,Sharp Whiteboard,Office Supplies,South,1,60.61,0.0,60.61,45.07,15.54
102695,2025-09-07,Aero Laptop 14,Electronics,West,4,908.01,0.0,3632.05,2643.76,988.29
102723,2025-09-07,Comfy Office Chair,Furniture,Central,1,213.91,0.05,203.21,148.07,55.14
103078,2025-09-07,Sharp Pen Pack,Office Supplies,East,2,8.09,0.15,13.75,10.96,2.79
100604,2025-09-08,Buzz Bluetooth Speaker,Electronics,North,2,57.11,0.0,114.22,71.63,42.59
100665,2025-09-08,Buzz Wireless Earbuds,Electronics,South,1,84.96,0.0,84.96,56.18,28.78
102233,2025-09-08,Comfy Office Chair,Furniture,West,1,216.14,0.0,216.14,140.78,75.36
103004,2025-09-08,Sharp Notebook Set,Office Supplies,West,1,11.84,0.0,11.84,7.62,4.22
103196,2025-09-08,Sharp Notebook Set,Office Supplies,North,1,12.07,0.0,12.07,8.52,3.55
100382,2025-09-09,Sharp Notebook Set,Office Supplies,East,1,11.59,0.0,11.59,8.61,2.98
100961,2025-09-09,Vivid Webcam HD,Electronics,South,2,46.8,0.0,93.6,67.19,26.41
102302,2025-09-09,Vivid Webcam HD,Electronics,Central,3,44.81,0.0,134.43,90.7,43.73
102964,2025-09-09,Vivid Monitor 27in,Electronics,East,2,259.48,0.0,518.95,315.19,203.76
103199,2025-09-09,Vivid Monitor 27in,Electronics,South,2,279.54,0.0,559.08,314.21,244.87
100642,2025-09-10,Aero Laptop 14,Electronics,East,1,890.8,0.0,890.8,572.67,318.13
100739,2025-09-10,Comfy Bookshelf,Furniture,South,1,153.05,0.0,153.05,113.97,39.08
101572,2025-09-10,Vivid Monitor 27in,Electronics,Central,1,295.03,0.0,295.03,162.45,132.58
101681,2025-09-10,Sharp Whiteboard,Office Supplies,South,2,67.8,0.0,135.59,93.4,42.19
102348,2025-09-10,Comfy Office Chair,Furniture,North,1,235.93,0.0,235.93,141.86,94.07
101084,2025-09-11,Aero Laptop 16,Electronics,West,2,1217.21,0.0,2434.42,1563.99,870.43
101629,2025-09-11,Comfy Standing Desk,Furniture,Central,1,378.35,0.0,378.35,254.85,123.5
102848,2025-09-11,Buzz Wireless Earbuds,Electronics,Central,1,83.08,0.1,74.78,57.34,17.44
103022,2025-09-11,Comfy Bookshelf,Furniture,West,1,154.1,0.15,130.99,92.66,38.33
100438,2025-09-12,Aero Laptop 14,Electronics,Central,1,972.32,0.0,972.32,658.91,313.41
100845,2025-09-12,Aero Laptop 14,Electronics,South,1,880.27,0.0,880.27,605.57,274.7
102032,2025-09-12,Sharp Pen Pack,Office Supplies,South,3,7.69,0.05,21.92,14.45,7.47
102234,2025-09-12,Comfy Bookshelf,Furniture,West,5,138.82,0.05,659.4,489.27,170.13
102756,2025-09-12,Aero Laptop 14,Electronics,North,1,996.19,0.0,996.19,594.01,402.18
102790,2025-09-12,Aero Laptop 16,Electronics,South,1,1246.55,0.15,1059.57,763.37,296.2
101060,2025-09-13,Aero Laptop 16,Electronics,South,1,1378.98,0.0,1378.98,1019.7,359.28
102479,2025-09-13,Aero Laptop 16,Electronics,Central,2,1263.38,0.0,2526.75,1525.87,1000.88
103002,2025-09-13,Buzz Bluetooth Speaker,Electronics,North,3,55.75,0.0,167.26,97.13,70.13
102770,2025-09-14,Aero Laptop 14,Electronics,East,2,918.58,0.05,1745.3,1288.12,457.18
103040,2025-09-14,Buzz Wireless Earbuds,Electronics,North,3,75.3,0.0,225.9,147.26,78.64
103545,2025-09-14,Vivid Monitor 27in,Electronics,East,2,291.04,0.0,582.09,387.62,194.47
103569,2025-09-14,Sharp Whiteboard,Office Supplies,East,1,62.23,0.0,62.23,43.51,18.72
101100,2025-09-15,Vivid Monitor 27in,Electronics,South,1,288.75,0.0,288.75,176.8,111.95
101217,2025-09-15,Comfy Office Chair,Furniture,Central,2,210.75,0.0,421.5,293.41,128.09
101974,2025-09-15,Comfy Standing Desk,Furniture,Central,3,415.81,0.0,1247.44,858.2,389.24
102370,2025-09-15,Aero Laptop 16,Electronics,Central,3,1301.82,0.0,3905.46,2405.07,1500.39
102680,2025-09-15,Buzz Bluetooth Speaker,Electronics,Central,1,58.58,0.0,58.58,38.84,19.74
100691,2025-09-16,Buzz Wireless Earbuds,Electronics,South,1,83.33,0.15,70.83,61.6,9.23
100918,2025-09-16,Vivid Monitor 27in,Electronics,West,1,281.5,0.0,281.5,169.28,112.22
101014,2025-09-16,Comfy Standing Desk,Furniture,West,1,439.02,0.15,373.17,249.24,123.93
102388,2025-09-16,Aero Laptop 16,Electronics,West,1,1259.72,0.1,1133.75,743.07,390.68
100178,2025-09-17,Comfy Standing Desk,Furniture,North,3,442.3,0.0,1326.91,813.9,513.01
102451,2025-09-17,Comfy Standing Desk,Furniture,West,1,398.35,0.0,398.35,296.67,101.68
100617,2025-09-18,Comfy Standing Desk,Furniture,East,2,415.62,0.0,831.24,583.7,247.54
100621,2025-09-18,Aero Laptop 14,Electronics,North,1,912.3,0.1,821.07,607.88,213.19
100781,2025-09-18,Buzz Wireless Earbuds,Electronics,North,6,75.8,0.0,454.8,259.73,195.07
102038,2025-09-18,Comfy Office Chair,Furniture,Central,1,231.95,0.05,220.35,130.51,89.84
102297,2025-09-18,Aero Laptop 14,Electronics,South,4,1021.54,0.0,4086.15,2253.17,1832.98
102624,2025-09-18,Buzz Bluetooth Speaker,Electronics,South,2,56.62,0.0,113.24,72.42,40.82
100168,2025-09-19,Buzz Wireless Earbuds,Electronics,Central,4,78.93,0.0,315.71,174.85,140.86
100698,2025-09-19,Buzz Wireless Earbuds,Electronics,Central,2,84.96,0.0,169.93,100.81,69.12
100730,2025-09-19,Sharp Notebook Set,Office Supplies,Central,7,11.94,0.1,75.24,50.97,24.27
101069,2025-09-19,Aero Laptop 16,Electronics,West,3,1254.72,0.0,3764.17,2103.72,1660.45
102422,2025-09-19,Aero Laptop 14,Electronics,South,3,934.26,0.0,2802.79,1966.75,836.04
102688,2025-09-19,Aero Laptop 16,Electronics,North,5,1291.64,0.0,6458.21,4781.32,1676.89
103604,2025-09-19,Buzz Bluetooth Speaker,Electronics,East,1,62.43,0.05,59.31,39.47,19.84
101194,2025-09-20,Buzz Wireless Earbuds,Electronics,South,1,76.39,0.0,76.39,50.57,25.82
102351,2025-09-20,Sharp Notebook Set,Office Supplies,Central,1,11.85,0.0,11.85,7.19,4.66
102512,2025-09-20,Comfy Bookshelf,Furniture,East,3,139.52,0.05,397.64,300.18,97.46
103266,2025-09-20,Buzz Wireless Earbuds,Electronics,South,2,83.43,0.0,166.86,103.21,63.65
101676,2025-09-21,Buzz Bluetooth Speaker,Electronics,East,2,56.96,0.0,113.93,73.41,40.52
101929,2025-09-21,Aero Laptop 14,Electronics,South,3,1011.78,0.1,2731.79,2010.23,721.56
102852,2025-09-21,Aero Laptop 14,Electronics,South,3,923.19,0.0,2769.58,1785.39,984.19
103319,2025-09-21,Aero Laptop 14,Electronics,Central,1,920.2,0.0,920.2,672.61,247.59
103405,2025-09-21,Aero Laptop 16,Electronics,East,1,1266.05,0.0,1266.05,945.66,320.39
103486,2025-09-21,Comfy Standing Desk,Furniture,East,2,426.88,0.0,853.77,552.77,301.0
103582,2025-09-21,Comfy Standing Desk,Furniture,South,1,401.77,0.0,401.77,224.13,177.64
100152,2025-09-22,Comfy Office Chair,Furniture,South,1,225.0,0.0,225.0,148.35,76.65
101074,2025-09-22,Sharp Notebook Set,Office Supplies,Central,1,11.95,0.0,11.95,8.07,3.88
101263,2025-09-22,Vivid Monitor 27in,Electronics,North,3,273.78,0.05,780.26,559.78,220.48
102078,2025-09-22,Comfy Office Chair,Furniture,South,2,204.02,0.0,408.04,229.63,178.41
102989,2025-09-22,Comfy Standing Desk,Furniture,West,2,412.77,0.0,825.54,526.73,298.81
100571,2025-09-23,Comfy Office Chair,Furniture,North,3,229.8,0.0,689.4,440.85,248.55
101188,2025-09-23,Aero Laptop 14,Electronics,Central,2,1005.22,0.0,2010.44,1395.73,614.71
102129,2025-09-23,Aero Laptop 14,Electronics,West,1,933.05,0.0,933.05,621.07,311.98
101111,2025-09-24,Sharp Notebook Set,Office Supplies,North,4,12.06,0.0,48.25,34.18,14.07
101713,2025-09-24,Comfy Standing Desk,Furniture,North,1,423.24,0.0,423.24,289.61,133.63
102558,2025-09-24,Aero Laptop 14,Electronics,Central,1,978.85,0.0,978.85,584.67,394.18
102993,2025-09-24,Sharp Notebook Set,Office Supplies,West,3,11.51,0.0,34.53,19.05,15.48
103154,2025-09-24,Sharp Notebook Set,Office Supplies,West,3,11.05,0.0,33.16,21.9,11.26
100428,2025-09-25,Comfy Standing Desk,Furniture,West,1,382.96,0.0,382.96,250.31,132.65
102313,2025-09-25,Sharp Pen Pack,Office Supplies,East,1,8.12,0.0,8.12,5.84,2.28
102783,2025-09-25,Sharp Whiteboard,Office Supplies,East,2,66.75,0.0,133.49,94.88,38.61
103145,2025-09-25,Comfy Standing Desk,Furniture,North,2,384.97,0.0,769.95,534.88,235.07
100312,2025-09-26,Sharp Whiteboard,Office Supplies,East,1,63.67,0.0,63.67,39.73,23.94
101275,2025-09-26,Vivid Webcam HD,Electronics,South,3,42.36,0.0,127.08,89.38,37.7
101660,2025-09-27,Vivid Monitor 27in,Electronics,South,2,283.04,0.05,537.78,333.14,204.64
102000,2025-09-27,Buzz Wireless Earbuds,Electronics,North,2,78.87,0.0,157.73,112.45,45.28
102459,2025-09-27,Sharp Whiteboard,Office Supplies,North,3,69.1,0.0,207.31,140.89,66.42
102867,2025-09-27,Vivid Monitor 27in,Electronics,Central,4,301.03,0.0,1204.13,730.46,473.67
100704,2025-09-28,Sharp Notebook Set,Office Supplies,South,3,11.47,0.0,34.42,20.68,13.74
100712,2025-09-28,Vivid Monitor 27in,Electronics,Central,2,295.69,0.15,502.67,430.16,72.51
102082,2025-09-28,Sharp Notebook Set,Office Supplies,North,1,12.3,0.0,12.3,7.72,4.58
102139,2025-09-28,Sharp Notebook Set,Office Supplies,North,3,12.11,0.0,36.32,20.48,15.84
102151,2025-09-28,Comfy Standing Desk,Furniture,Central,3,390.74,0.05,1113.62,870.91,242.71
102208,2025-09-28,Vivid Monitor 27in,Electronics,East,3,276.01,0.0,828.03,551.79,276.24
102220,2025-09-28,Comfy Office Chair,Furniture,South,1,204.16,0.0,204.16,114.63,89.53
102363,2025-09-28,Aero Laptop 14,Electronics,West,1,898.59,0.0,898.59,668.85,229.74
102568,2025-09-28,Vivid Monitor 27in,Electronics,North,3,291.17,0.05,829.84,637.26,192.58
103551,2025-09-28,Sharp Pen Pack,Office Supplies,North,1,8.46,0.1,7.61,6.06,1.55
100839,2025-09-29,Vivid Webcam HD,Electronics,Central,2,42.88,0.0,85.77,60.84,24.93
100881,2025-09-29,Vivid Monitor 27in,Electronics,East,1,281.19,0.0,281.19,164.8,116.39
101165,2025-09-29,Vivid Monitor 27in,Electronics,West,1,276.61,0.0,276.61,169.75,106.86
101481,2025-09-29,Comfy Bookshelf,Furniture,Central,2,141.27,0.0,282.54,191.11,91.43
101488,2025-09-29,Vivid Monitor 27in,Electronics,West,1,265.52,0.0,265.52,154.43,111.09
101755,2025-09-29,Aero Laptop 14,Electronics,Central,1,989.94,0.0,989.94,713.86,276.08
101876,2025-09-29,Buzz Wireless Earbuds,Electronics,Central,2,79.0,0.1,142.19,115.37,26.82
102040,2025-09-29,Aero Laptop 14,Electronics,West,1,953.11,0.15,810.15,623.92,186.23
102083,2025-09-29,Buzz Wireless Earbuds,Electronics,West,3,83.58,0.0,250.73,159.46,91.27
103086,2025-09-29,Aero Laptop 16,Electronics,East,2,1331.97,0.15,2264.35,1720.92,543.43
103322,2025-09-29,Sharp Whiteboard,Office Supplies,East,3,68.37,0.0,205.11,128.0,77.11
100503,2025-09-30,Comfy Standing Desk,Furniture,East,1,384.77,0.1,346.29,247.96,98.33
100562,2025-09-30,Vivid Monitor 27in,Electronics,East,3,293.67,0.1,792.91,535.5,257.41
100586,2025-09-30,Sharp Notebook Set,Office Supplies,South,1,12.25,0.0,12.25,9.15,3.1
100663,2025-10-01,Sharp Pen Pack,Office Supplies,West,3,7.7,0.0,23.1,15.19,7.91
101450,2025-10-01,Comfy Standing Desk,Furniture,,3,422.59,0.05,1204.39,735.69,468.7
101482,2025-10-01,Buzz Bluetooth Speaker,Electronics,East,1,62.09,0.1,55.88,38.46,17.42
102143,2025-10-01,Aero Laptop 16,Electronics,North,1,1340.62,0.0,1340.62,1003.72,336.9
102253,2025-10-01,Buzz Bluetooth Speaker,Electronics,North,2,62.89,0.0,125.78,74.93,50.85
103232,2025-10-01,Comfy Office Chair,Furniture,West,5,217.15,0.0,1085.75,777.98,307.77
100143,2025-10-02,Sharp Notebook Set,Office Supplies,Central,2,12.21,0.0,24.42,15.29,9.13
100427,2025-10-02,Sharp Whiteboard,Office Supplies,Central,1,62.37,0.0,62.37,41.23,21.14
100633,2025-10-02,Sharp Pen Pack,Office Supplies,South,1,7.79,0.0,7.79,4.97,2.82
100811,2025-10-02,Aero Laptop 16,Electronics,East,3,1199.12,0.0,3597.36,2695.15,902.21
101839,2025-10-02,Aero Laptop 16,Electronics,Central,2,1211.52,0.0,2423.04,1442.13,980.91
101905,2025-10-02,Vivid Monitor 27in,Electronics,South,2,294.99,0.05,560.48,420.53,139.95
101991,2025-10-02,Comfy Standing Desk,Furniture,East,1,379.92,0.0,379.92,266.67,113.25
102574,2025-10-02,Sharp Whiteboard,Office Supplies,North,6,67.0,0.0,401.99,282.44,119.55
102916,2025-10-02,Comfy Standing Desk,Furniture,West,1,385.47,0.1,346.92,276.53,70.39
103415,2025-10-02,Buzz Wireless Earbuds,Electronics,North,4,83.3,0.0,333.21,229.59,103.62
102381,2025-10-03,Buzz Bluetooth Speaker,Electronics,West,3,58.86,0.0,176.58,111.92,64.66
102839,2025-10-03,Sharp Whiteboard,Office Supplies,West,1,63.14,0.05,59.99,47.0,12.99
103331,2025-10-03,Sharp Whiteboard,Office Supplies,North,2,60.31,0.0,120.62,81.01,39.61
103470,2025-10-03,Sharp Notebook Set,Office Supplies,East,4,11.37,0.0,45.49,29.58,15.91
100130,2025-10-04,Vivid Webcam HD,Electronics,Central,1,41.62,0.0,41.62,26.74,14.88
101327,2025-10-04,Buzz Bluetooth Speaker,Electronics,West,2,56.26,0.05,106.9,75.45,31.45
101506,2025-10-04,Comfy Office Chair,Furniture,South,1,217.49,0.1,195.74,153.09,42.65
102500,2025-10-04,Aero Laptop 14,Electronics,North,1,993.62,0.05,943.94,689.32,254.62
103063,2025-10-04,Vivid Monitor 27in,Electronics,North,1,299.0,0.0,299.0,216.43,82.57
103343,2025-10-04,Buzz Bluetooth Speaker,Electronics,South,3,64.12,0.0,192.35,140.91,51.44
101493,2025-10-06,Comfy Office Chair,Furniture,West,2,204.92,0.0,409.84,244.49,165.35
100210,2025-10-07,Vivid Monitor 27in,Electronics,East,1,274.6,0.0,274.6,171.99,102.61
101918,2025-10-07,Sharp Notebook Set,Office Supplies,Central,1,11.17,0.0,11.17,8.19,2.98
103476,2025-10-07,Comfy Office Chair,Furniture,South,3,208.27,0.05,593.57,467.35,126.22
100745,2025-10-08,Aero Laptop 14,Electronics,West,3,890.43,0.0,2671.28,1988.48,682.8
100922,2025-10-08,Sharp Whiteboard,Office Supplies,East,1,62.5,0.0,62.5,34.78,27.72
102835,2025-10-08,Buzz Wireless Earbuds,Electronics,North,1,79.52,0.0,79.52,53.24,26.28
103211,2025-10-08,Aero Laptop 14,Electronics,East,1,885.27,0.0,885.27,639.1,246.17
103311,2025-10-08,Vivid Monitor 27in,Electronics,,1,279.27,0.0,279.27,205.66,73.61
103494,2025-10-08,Sharp Pen Pack,Office Supplies,South,2,7.49,0.0,14.98,9.06,5.92
103616,2025-10-08,Aero Laptop 16,Electronics,South,2,1340.86,0.15,2279.47,1524.11,755.36
100175,2025-10-09,Sharp Notebook Set,Office Supplies,North,1,11.27,0.0,11.27,7.95,3.32
100718,2025-10-09,Vivid Monitor 27in,Electronics,Central,1,289.91,0.0,289.91,208.73,81.18
100796,2025-10-09,Aero Laptop 14,Electronics,North,1,979.61,0.0,979.61,723.93,255.68
102268,2025-10-09,Sharp Whiteboard,Office Supplies,East,2,69.81,0.0,139.62,95.37,44.25
102634,2025-10-09,Aero Laptop 14,Electronics,Central,2,984.48,0.0,1968.96,1365.58,603.38
103538,2025-10-09,Aero Laptop 14,Electronics,West,1,919.25,0.0,919.25,524.38,394.87
100543,2025-10-10,Aero Laptop 14,Electronics,North,1,914.74,0.1,823.26,618.94,204.32
100546,2025-10-10,Sharp Whiteboard,Office Supplies,North,1,62.63,0.05,59.49,39.18,20.31
100706,2025-10-10,Sharp Whiteboard,Office Supplies,Central,3,65.5,0.0,196.49,118.26,78.23
100729,2025-10-10,Buzz Bluetooth Speaker,Electronics,South,1,62.38,0.0,62.38,45.31,17.07
101573,2025-10-10,Vivid Monitor 27in,Electronics,Central,2,278.81,0.0,557.61,377.38,180.23
101577,2025-10-10,Comfy Standing Desk,Furniture,Central,2,440.78,0.0,881.56,544.09,337.47
101580,2025-10-10,Sharp Pen Pack,Office Supplies,Central,1,8.03,0.05,7.63,4.75,2.88
101836,2025-10-10,Comfy Bookshelf,Furniture,Central,2,140.51,0.0,281.03,210.7,70.33
102075,2025-10-10,Buzz Bluetooth Speaker,Electronics,East,2,56.47,0.1,101.64,65.09,36.55
102137,2025-10-10,Buzz Wireless Earbuds,Electronics,East,2,74.34,0.0,148.69,86.18,62.51
102396,2025-10-10,Sharp Whiteboard,Office Supplies,North,2,62.96,0.0,125.93,82.02,43.91
103298,2025-10-10,Comfy Bookshelf,Furniture,Central,4,160.54,0.0,642.17,455.75,186.42
100169,2025-10-11,Comfy Bookshelf,Furniture,South,1,138.29,0.0,138.29,103.05,35.24
103124,2025-10-11,Sharp Whiteboard,Office Supplies,East,3,65.4,0.05,186.39,146.69,39.7
100280,2025-10-12,Sharp Whiteboard,Office Supplies,East,3,65.62,0.05,187.03,136.18,50.85
100323,2025-10-12,Aero Laptop 16,Electronics,North,1,1403.09,0.15,1192.63,953.96,238.67
100753,2025-10-12,Aero Laptop 14,Electronics,West,3,979.41,0.0,2938.24,2109.31,828.93
101889,2025-10-12,Comfy Office Chair,Furniture,East,2,217.6,0.0,435.19,306.94,128.25
102906,2025-10-12,Sharp Whiteboard,Office Supplies,North,3,66.97,0.0,200.92,149.47,51.45
103610,2025-10-12,Buzz Wireless Earbuds,Electronics,West,3,83.86,0.0,251.57,141.94,109.63
100556,2025-10-13,Buzz Wireless Earbuds,Electronics,East,2,85.5,0.0,171.01,100.27,70.74
100777,2025-10-13,Vivid Webcam HD,Electronics,Central,4,47.27,0.0,189.09,109.06,80.03
101294,2025-10-13,Aero Laptop 14,Electronics,South,4,1025.32,0.0,4101.28,2547.0,1554.28
101396,2025-10-13,Comfy Office Chair,Furniture,Central,1,220.27,0.0,220.27,148.91,71.36
102704,2025-10-13,Comfy Bookshelf,Furniture,South,2,149.08,0.0,298.16,180.33,117.83
100377,2025-10-14,Vivid Monitor 27in,Electronics,North,3,267.9,0.0,803.71,480.7,323.01
100837,2025-10-14,Vivid Monitor 27in,Electronics,South,3,262.6,0.0,787.8,500.74,287.06
100902,2025-10-14,Vivid Webcam HD,Electronics,South,1,41.72,0.0,41.72,29.4,12.32
101116,2025-10-14,Buzz Wireless Earbuds,Electronics,East,4,74.83,0.0,299.31,221.93,77.38
101932,2025-10-14,Buzz Wireless Earbuds,Electronics,East,5,84.15,0.0,420.74,259.69,161.05
101944,2025-10-14,Comfy Standing Desk,Furniture,Central,1,400.19,0.05,380.18,226.89,153.29
102080,2025-10-14,Vivid Monitor 27in,Electronics,South,1,299.26,0.0,299.26,211.77,87.49
103096,2025-10-14,Vivid Webcam HD,Electronics,West,1,47.8,0.0,47.8,33.22,14.58
102344,2025-10-15,Aero Laptop 16,Electronics,West,5,1240.71,0.1,5583.2,3647.04,1936.16
103327,2025-10-15,Sharp Whiteboard,Office Supplies,South,1,62.87,0.0,62.87,41.29,21.58
100011,2025-10-16,Vivid Monitor 27in,Electronics,West,5,262.33,0.0,1311.63,778.7,532.93
100560,2025-10-16,Vivid Webcam HD,Electronics,South,2,46.46,0.0,92.91,56.1,36.81
100600,2025-10-16,Sharp Notebook Set,Office Supplies,South,5,11.12,0.0,55.58,39.77,15.81
100804,2025-10-16,Comfy Office Chair,Furniture,South,2,208.62,0.0,417.24,309.24,108.0
101331,2025-10-16,Sharp Whiteboard,Office Supplies,South,1,62.37,0.0,62.37,43.91,18.46
102775,2025-10-16,Comfy Bookshelf,Furniture,West,1,159.72,0.0,159.72,92.09,67.63
100029,2025-10-17,Aero Laptop 16,Electronics,Central,2,1287.31,0.0,2574.61,1429.09,1145.52
100246,2025-10-17,Comfy Standing Desk,Furniture,East,1,403.63,0.0,403.63,240.76,162.87
102011,2025-10-17,Comfy Bookshelf,Furniture,North,3,159.71,0.0,479.14,346.88,132.26
102264,2025-10-17,Aero Laptop 16,Electronics,South,1,1344.25,0.0,1344.25,774.03,570.22
101181,2025-10-18,Aero Laptop 14,Electronics,Central,3,913.68,0.0,2741.05,2006.1,734.95
101843,2025-10-18,Comfy Office Chair,Furniture,East,4,212.42,0.05,807.18,498.94,308.24
102369,2025-10-18,Aero Laptop 14,Electronics,West,1,968.71,0.0,968.71,618.21,350.5
102912,2025-10-18,Aero Laptop 16,Electronics,North,1,1361.88,0.0,1361.88,958.9,402.98
103137,2025-10-18,Sharp Notebook Set,Office Supplies,East,2,11.54,0.0,23.08,16.09,6.99
103350,2025-10-18,Aero Laptop 16,Electronics,East,3,1204.17,0.05,3431.88,2454.76,977.12
100511,2025-10-19,Aero Laptop 16,Electronics,South,3,1344.92,0.0,4034.77,2290.6,1744.17
101232,2025-10-19,Aero Laptop 16,Electronics,Central,4,1250.75,0.0,5003.0,3429.97,1573.03
102398,2025-10-19,Vivid Monitor 27in,Electronics,Central,1,258.55,0.0,258.55,155.91,102.64
103058,2025-10-19,Comfy Standing Desk,Furniture,West,1,386.09,0.0,386.09,260.88,125.21
103309,2025-10-19,Sharp Pen Pack,Office Supplies,Central,3,8.43,0.1,22.75,16.02,6.73
103521,2025-10-19,Vivid Webcam HD,Electronics,North,1,45.47,0.0,45.47,31.48,13.99
100211,2025-10-20,Vivid Monitor 27in,Electronics,North,1,290.75,0.1,261.67,176.2,85.47
100707,2025-10-20,Sharp Pen Pack,Office Supplies,South,4,7.88,0.0,31.51,18.54,12.97
100949,2025-10-20,Comfy Bookshelf,Furniture,West,2,155.93,0.1,280.67,231.28,49.39
101518,2025-10-20,Comfy Standing Desk,Furniture,North,2,397.02,0.0,794.05,476.86,317.19
102181,2025-10-20,Sharp Notebook Set,Office Supplies,North,5,12.12,0.0,60.58,45.31,15.27
103260,2025-10-20,Buzz Wireless Earbuds,Electronics,Central,3,75.2,0.0,225.61,160.26,65.35
100125,2025-10-21,Aero Laptop 14,Electronics,Central,1,923.62,0.0,923.62,524.22,399.4
103147,2025-10-21,Aero Laptop 14,Electronics,Central,5,993.16,0.0,4965.82,2767.5,2198.32
100273,2025-10-22,Buzz Wireless Earbuds,Electronics,Central,1,79.11,0.1,71.19,56.89,14.3
100619,2025-10-22,Comfy Standing Desk,Furniture,West,2,382.35,0.1,688.23,432.5,255.73
100711,2025-10-22,Comfy Standing Desk,Furniture,South,1,412.27,0.0,412.27,261.17,151.1
103473,2025-10-22,Comfy Office Chair,Furniture,Central,1,222.89,0.05,211.74,145.38,66.36
100714,2025-10-23,Vivid Monitor 27in,Electronics,Central,1,299.1,0.15,254.23,175.84,78.39
101061,2025-10-23,Comfy Office Chair,Furniture,North,2,202.79,0.0,405.59,233.77,171.82
100366,2025-10-24,Comfy Office Chair,Furniture,South,2,229.44,0.0,458.88,292.19,166.69
101055,2025-10-24,Sharp Whiteboard,Office Supplies,East,3,64.6,0.0,193.8,127.66,66.14
101510,2025-10-24,Vivid Webcam HD,Electronics,North,3,47.71,0.0,143.12,86.3,56.82
100630,2025-10-25,Comfy Standing Desk,Furniture,South,2,433.9,0.0,867.81,597.77,270.04
101350,2025-10-25,Comfy Standing Desk,Furniture,North,3,435.47,0.05,1241.1,923.75,317.35
101104,2025-10-26,Buzz Wireless Earbuds,Electronics,South,1,73.73,0.0,73.73,40.68,33.05
102599,2025-10-26,Aero Laptop 16,Electronics,North,2,1341.34,0.0,2682.68,1491.77,1190.91
102895,2025-10-26,Vivid Monitor 27in,Electronics,Central,1,281.57,0.0,281.57,164.78,116.79
103106,2025-10-26,Sharp Notebook Set,Office Supplies,South,1,11.48,0.0,11.48,6.74,4.74
100076,2025-10-27,Sharp Pen Pack,Office Supplies,East,4,8.54,0.0,34.14,19.0,15.14
100468,2025-10-27,Sharp Whiteboard,Office Supplies,South,1,63.76,0.0,63.76,41.84,21.92
101305,2025-10-27,Aero Laptop 14,Electronics,North,3,930.49,0.0,2791.46,1750.88,1040.58
101685,2025-10-27,Aero Laptop 16,Electronics,East,6,1273.33,0.0,7640.01,5081.28,2558.73
102084,2025-10-27,Comfy Office Chair,Furniture,West,1,224.62,0.0,224.62,158.08,66.54
102255,2025-10-27,Sharp Notebook Set,Office Supplies,South,1,11.15,0.0,11.15,8.27,2.88
102299,2025-10-27,Sharp Notebook Set,Office Supplies,West,1,12.6,0.0,12.6,9.36,3.24
102601,2025-10-27,Vivid Monitor 27in,Electronics,North,1,269.62,0.05,256.14,157.08,99.06
102911,2025-10-27,Aero Laptop 16,Electronics,West,1,1267.69,0.05,1204.31,818.22,386.09
103579,2025-10-27,Aero Laptop 16,Electronics,West,2,1231.26,0.0,2462.51,1442.35,1020.16
100681,2025-10-28,Comfy Office Chair,Furniture,South,2,231.0,0.1,415.79,338.58,77.21
100867,2025-10-28,Comfy Office Chair,Furniture,South,1,232.0,0.0,232.0,134.06,97.94
102188,2025-10-28,Comfy Bookshelf,Furniture,Central,1,148.84,0.15,126.51,100.97,25.54
102719,2025-10-28,Buzz Bluetooth Speaker,Electronics,South,3,61.02,0.0,183.07,134.05,49.02
103563,2025-10-28,Aero Laptop 16,Electronics,West,4,1306.46,0.0,5225.83,2972.99,2252.84
100346,2025-10-29,Vivid Monitor 27in,Electronics,West,5,270.03,0.0,1350.15,1002.72,347.43
100817,2025-10-29,Buzz Wireless Earbuds,Electronics,South,1,83.94,0.0,83.94,56.35,27.59
101936,2025-10-29,Vivid Monitor 27in,Electronics,Central,3,274.59,0.1,741.39,509.85,231.54
102885,2025-10-29,Comfy Office Chair,Furniture,North,1,236.1,0.0,236.1,173.9,62.2
102918,2025-10-29,Comfy Standing Desk,Furniture,Central,2,398.45,0.0,796.9,440.44,356.46
103090,2025-10-29,Comfy Bookshelf,Furniture,East,2,148.3,0.0,296.6,188.49,108.11
103110,2025-10-29,Aero Laptop 14,Electronics,East,1,913.51,0.1,822.16,624.5,197.66
101123,2025-10-30,Comfy Office Chair,Furniture,West,1,221.13,0.0,221.13,138.95,82.18
101492,2025-10-30,Aero Laptop 14,Electronics,Central,1,898.85,0.0,898.85,595.41,303.44
102007,2025-10-30,Aero Laptop 16,Electronics,North,1,1285.22,0.0,1285.22,952.47,332.75
103155,2025-10-30,Buzz Wireless Earbuds,Electronics,West,1,86.17,0.0,86.17,55.84,30.33
103180,2025-10-30,Vivid Webcam HD,Electronics,West,6,44.6,0.0,267.62,185.25,82.37
100186,2025-10-31,Aero Laptop 16,Electronics,Central,1,1263.0,0.0,1263.0,732.29,530.71
101026,2025-10-31,Aero Laptop 16,Electronics,West,2,1388.03,0.05,2637.25,1654.58,982.67
103050,2025-10-31,Vivid Monitor 27in,Electronics,West,2,300.34,0.05,570.65,366.76,203.89
103104,2025-10-31,Sharp Notebook Set,Office Supplies,Central,4,11.12,0.0,44.49,30.45,14.04
103348,2025-10-31,Comfy Office Chair,Furniture,South,3,228.85,0.0,686.54,379.96,306.58
101070,2025-11-01,Aero Laptop 16,Electronics,South,1,1323.31,0.05,1257.15,795.02,462.13
101710,2025-11-01,Sharp Whiteboard,Office Supplies,East,2,67.79,0.05,128.81,92.76,36.05
103369,2025-11-01,Vivid Monitor 27in,Electronics,East,4,260.76,0.0,1043.03,716.78,326.25
100337,2025-11-02,Vivid Monitor 27in,Electronics,South,1,270.08,0.0,270.08,158.42,111.66
102102,2025-11-02,Vivid Monitor 27in,Electronics,South,4,294.37,0.1,1059.72,802.76,256.96
101923,2025-11-03,Comfy Standing Desk,Furniture,East,1,405.95,0.05,385.65,270.85,114.8
102829,2025-11-04,Sharp Notebook Set,Office Supplies,Central,2,11.45,0.0,22.91,12.7,10.21
102236,2025-11-05,Sharp Notebook Set,Office Supplies,South,1,12.6,0.05,11.97,7.76,4.21
100037,2025-11-06,Sharp Whiteboard,Office Supplies,Central,3,62.4,0.0,187.2,135.43,51.77
103499,2025-11-06,Sharp Whiteboard,Office Supplies,East,1,60.24,0.0,60.24,42.87,17.37
103572,2025-11-06,Sharp Pen Pack,Office Supplies,Central,1,7.46,0.05,7.09,5.06,2.03
100510,2025-11-08,Comfy Bookshelf,Furniture,West,2,149.78,0.0,299.57,176.28,123.29
100529,2025-11-08,Sharp Whiteboard,Office Supplies,East,3,65.53,0.0,196.58,112.12,84.46
101173,2025-11-08,Buzz Wireless Earbuds,Electronics,Central,1,77.4,0.0,77.4,57.88,19.52
102411,2025-11-08,Sharp Notebook Set,Office Supplies,East,4,12.81,0.05,48.66,32.57,16.09
100508,2025-11-09,Aero Laptop 14,Electronics,East,3,888.05,0.0,2664.16,1675.48,988.68
101859,2025-11-09,Vivid Webcam HD,Electronics,Central,1,45.69,0.0,45.69,31.95,13.74
100790,2025-11-10,Vivid Monitor 27in,Electronics,Central,2,295.68,0.05,561.79,367.4,194.39
101144,2025-11-10,Aero Laptop 14,Electronics,South,8,968.44,0.0,7747.55,5596.74,2150.81
102339,2025-11-10,Comfy Standing Desk,Furniture,North,2,423.16,0.0,846.32,581.01,265.31
102377,2025-11-10,Comfy Office Chair,Furniture,Central,2,213.15,0.0,426.29,310.29,116.0
103573,2025-11-10,Comfy Standing Desk,Furniture,North,1,413.73,0.05,393.04,305.05,87.99
103042,2025-11-11,Comfy Bookshelf,Furniture,South,1,159.06,0.0,159.06,109.1,49.96
100316,2025-11-12,Vivid Monitor 27in,Electronics,West,1,268.42,0.0,268.42,170.44,97.98
102617,2025-11-13,Buzz Wireless Earbuds,Electronics,West,2,76.45,0.0,152.91,108.48,44.43
102812,2025-11-13,Sharp Whiteboard,Office Supplies,North,1,67.77,0.0,67.77,49.68,18.09
101266,2025-11-14,Buzz Wireless Earbuds,Electronics,North,2,77.0,0.0,154.0,106.64,47.36
101571,2025-11-14,Vivid Monitor 27in,Electronics,South,1,292.45,0.0,292.45,207.25,85.2
100959,2025-11-15,Sharp Notebook Set,Office Supplies,East,3,11.54,0.0,34.63,21.33,13.3
101323,2025-11-15,Vivid Monitor 27in,Electronics,South,1,268.55,0.0,268.55,162.49,106.06
101699,2025-11-15,Aero Laptop 14,Electronics,North,2,896.77,0.0,1793.54,1313.45,480.09
101933,2025-11-15,Aero Laptop 14,Electronics,East,2,899.36,0.05,1708.78,1157.99,550.79
102087,2025-11-15,Sharp Notebook Set,Office Supplies,West,1,11.59,0.0,11.59,7.62,3.97
102539,2025-11-15,Comfy Office Chair,Furniture,Central,3,216.36,0.0,649.09,454.17,194.92
102573,2025-11-15,Buzz Bluetooth Speaker,Electronics,North,2,61.7,0.0,123.41,76.14,47.27
100025,2025-11-16,Sharp Notebook Set,Office Supplies,North,2,11.61,0.0,23.21,16.71,6.5
102404,2025-11-16,Buzz Bluetooth Speaker,Electronics,East,1,57.73,0.0,57.73,39.16,18.57
102800,2025-11-16,Sharp Notebook Set,Office Supplies,South,2,12.2,0.05,23.18,14.25,8.93
102991,2025-11-16,Sharp Notebook Set,Office Supplies,West,2,11.51,0.0,23.02,17.25,5.77
103212,2025-11-16,Sharp Notebook Set,Office Supplies,West,1,12.42,0.15,10.56,8.86,1.7
103522,2025-11-16,Comfy Standing Desk,Furniture,East,1,422.3,0.0,422.3,272.89,149.41
103568,2025-11-16,Comfy Standing Desk,Furniture,Central,3,401.71,0.0,1205.13,741.33,463.8
100683,2025-11-17,Vivid Monitor 27in,Electronics,South,2,300.78,0.0,601.57,333.68,267.89
102769,2025-11-17,Comfy Office Chair,Furniture,West,2,231.22,0.0,462.44,332.91,129.53
100594,2025-11-18,Sharp Notebook Set,Office Supplies,South,1,12.13,0.0,12.13,6.7,5.43
100905,2025-11-18,Comfy Standing Desk,Furniture,South,6,429.73,0.1,2320.56,1729.08,591.48
101854,2025-11-18,Buzz Wireless Earbuds,Electronics,West,2,75.69,0.0,151.38,85.74,65.64
103287,2025-11-18,Aero Laptop 16,Electronics,Central,2,1328.05,0.0,2656.1,1893.49,762.61
100050,2025-11-19,Aero Laptop 14,Electronics,Central,1,882.57,0.1,794.31,628.9,165.41
101536,2025-11-19,Aero Laptop 16,Electronics,East,2,1285.85,0.0,2571.71,1716.92,854.79
102797,2025-11-19,Comfy Standing Desk,Furniture,East,3,419.77,0.05,1196.35,757.94,438.41
101096,2025-11-20,Aero Laptop 16,Electronics,North,2,1241.4,0.0,2482.8,1483.12,999.68
102049,2025-11-20,Comfy Office Chair,Furniture,Central,1,223.42,0.0,223.42,143.81,79.61
100413,2025-11-21,Comfy Office Chair,Furniture,South,3,211.49,0.0,634.46,465.38,169.08
100930,2025-11-21,Sharp Whiteboard,Office Supplies,East,1,62.04,0.0,62.04,46.41,15.63
101066,2025-11-21,Aero Laptop 14,Electronics,West,4,1020.58,0.0,4082.32,2778.94,1303.38
101383,2025-11-21,Buzz Wireless Earbuds,Electronics,South,3,77.24,0.0,231.71,170.16,61.55
101880,2025-11-21,Sharp Notebook Set,Office Supplies,North,1,11.3,0.0,11.3,6.99,4.31
102893,2025-11-21,Buzz Bluetooth Speaker,Electronics,Central,4,61.44,0.05,233.48,155.41,78.07
103085,2025-11-21,Buzz Wireless Earbuds,Electronics,West,1,81.63,0.1,73.47,52.29,21.18
103263,2025-11-21,Comfy Office Chair,Furniture,South,3,213.23,0.0,639.69,446.09,193.6
100014,2025-11-22,Aero Laptop 14,Electronics,North,1,979.84,0.0,979.84,567.93,411.91
103253,2025-11-22,Sharp Whiteboard,Office Supplies,Central,3,61.28,0.05,174.65,121.02,53.63
103454,2025-11-22,Aero Laptop 16,Electronics,East,1,1311.72,0.0,1311.72,829.31,482.41
103506,2025-11-22,Sharp Whiteboard,Office Supplies,South,2,60.7,0.0,121.4,83.46,37.94
102960,2025-11-23,Comfy Standing Desk,Furniture,Central,1,424.76,0.0,424.76,316.97,107.79
100450,2025-11-24,Aero Laptop 14,Electronics,Central,1,939.08,0.0,939.08,558.55,380.53
101431,2025-11-24,Buzz Bluetooth Speaker,Electronics,East,1,56.71,0.0,56.71,42.48,14.23
102841,2025-11-24,Buzz Wireless Earbuds,Electronics,North,2,76.24,0.0,152.48,104.98,47.5
102995,2025-11-24,Vivid Webcam HD,Electronics,Central,4,47.48,0.0,189.91,122.32,67.59
100129,2025-11-25,Buzz Wireless Earbuds,Electronics,East,1,81.96,0.0,81.96,53.97,27.99
100717,2025-11-25,Comfy Office Chair,Furniture,Central,2,213.65,0.0,427.3,241.19,186.11
101592,2025-11-25,Sharp Whiteboard,Office Supplies,West,4,61.9,0.1,222.85,181.33,41.52
102663,2025-11-25,Sharp Whiteboard,Office Supplies,Central,3,61.43,0.0,184.28,138.1,46.18
103176,2025-11-25,Aero Laptop 16,Electronics,East,1,1203.0,0.0,1203.0,828.53,374.47
103565,2025-11-25,Aero Laptop 16,Electronics,South,2,1352.65,0.0,2705.31,2012.04,693.27
101759,2025-11-26,Comfy Office Chair,Furniture,Central,2,211.25,0.1,380.24,310.62,69.62
103367,2025-11-26,Comfy Bookshelf,Furniture,East,1,152.32,0.0,152.32,84.16,68.16
100102,2025-11-27,Sharp Notebook Set,Office Supplies,North,1,11.69,0.0,11.69,8.14,3.55
103382,2025-11-27,Vivid Monitor 27in,Electronics,Central,1,298.7,0.05,283.77,198.9,84.87
101429,2025-11-28,Vivid Monitor 27in,Electronics,West,1,262.87,0.0,262.87,185.31,77.56
100607,2025-11-29,Comfy Standing Desk,Furniture,South,1,424.62,0.0,424.62,284.09,140.53
100877,2025-11-29,Vivid Webcam HD,Electronics,West,2,45.34,0.0,90.67,50.78,39.89
101813,2025-11-29,Sharp Whiteboard,Office Supplies,West,2,62.72,0.0,125.44,78.05,47.39
103541,2025-11-29,Vivid Monitor 27in,Electronics,Central,2,278.92,0.1,502.05,415.77,86.28
100003,2025-11-30,Buzz Wireless Earbuds,Electronics,South,4,73.77,0.1,265.57,195.54,70.03
100277,2025-11-30,Comfy Standing Desk,Furniture,West,2,377.86,0.0,755.72,549.07,206.65
100447,2025-11-30,Comfy Standing Desk,Furniture,North,2,418.18,0.0,836.36,535.64,300.72
101462,2025-11-30,Comfy Standing Desk,Furniture,Central,2,385.15,0.0,770.3,570.69,199.61
102426,2025-11-30,Comfy Standing Desk,Furniture,South,1,441.55,0.05,419.48,246.1,173.38
102732,2025-11-30,Sharp Whiteboard,Office Supplies,South,2,62.92,0.0,125.84,81.17,44.67
100528,2025-12-01,Comfy Office Chair,Furniture,Central,2,206.81,0.0,413.62,230.78,182.84
101112,2025-12-01,Aero Laptop 14,Electronics,South,3,886.35,0.0,2659.06,1796.86,862.2
102170,2025-12-01,Sharp Whiteboard,Office Supplies,West,2,67.11,0.1,120.8,87.44,33.36
102625,2025-12-01,Sharp Notebook Set,Office Supplies,Central,1,12.33,0.0,12.33,9.06,3.27
103570,2025-12-01,Sharp Notebook Set,Office Supplies,East,5,12.33,0.0,61.63,42.21,19.42
100344,2025-12-02,Buzz Wireless Earbuds,Electronics,Central,1,83.49,0.0,83.49,57.23,26.26
100442,2025-12-02,Sharp Pen Pack,Office Supplies,Central,4,7.43,0.0,29.73,19.49,10.24
100552,2025-12-02,Buzz Wireless Earbuds,Electronics,East,1,79.01,0.0,79.01,50.45,28.56
101057,2025-12-02,Comfy Standing Desk,Furniture,East,3,436.28,0.0,1308.85,815.67,493.18
101661,2025-12-02,Aero Laptop 16,Electronics,Central,1,1374.23,0.0,1374.23,992.68,381.55
102103,2025-12-02,Sharp Whiteboard,Office Supplies,North,1,62.74,0.0,62.74,45.8,16.94
100882,2025-12-03,Aero Laptop 14,Electronics,West,1,888.59,0.0,888.59,498.37,390.22
101092,2025-12-03,Sharp Pen Pack,Office Supplies,North,1,7.51,0.0,7.51,5.27,2.24
101461,2025-12-03,Aero Laptop 16,Electronics,West,1,1355.47,0.1,1219.92,861.35,358.57
103127,2025-12-03,Vivid Monitor 27in,Electronics,Central,2,296.12,0.0,592.24,327.78,264.46
103474,2025-12-03,Buzz Wireless Earbuds,Electronics,North,2,83.02,0.0,166.04,121.23,44.81
100187,2025-12-04,Buzz Wireless Earbuds,Electronics,East,1,79.16,0.0,79.16,47.03,32.13
100220,2025-12-04,Sharp Whiteboard,Office Supplies,North,2,66.22,0.0,132.43,81.98,50.45
101064,2025-12-04,Comfy Office Chair,Furniture,North,2,229.37,0.0,458.73,328.12,130.61
102861,2025-12-04,Aero Laptop 16,Electronics,West,1,1304.01,0.0,1304.01,953.34,350.67
103289,2025-12-04,Sharp Pen Pack,Office Supplies,North,1,7.57,0.0,7.57,5.16,2.41
100116,2025-12-05,Comfy Standing Desk,Furniture,West,1,434.37,0.15,369.22,323.08,46.14
100537,2025-12-05,Sharp Whiteboard,Office Supplies,East,3,62.87,0.0,188.6,125.03,63.57
100744,2025-12-05,Buzz Wireless Earbuds,Electronics,North,2,83.91,0.0,167.83,116.89,50.94
100995,2025-12-05,Aero Laptop 16,Electronics,Central,1,1377.21,0.0,1377.21,996.76,380.45
102061,2025-12-05,Vivid Monitor 27in,Electronics,East,2,283.68,0.1,510.62,412.8,97.82
103455,2025-12-05,Comfy Bookshelf,Furniture,East,1,145.21,0.15,123.43,82.6,40.83
100741,2025-12-06,Aero Laptop 16,Electronics,West,1,1282.53,0.0,1282.53,729.46,553.07
101004,2025-12-06,Vivid Monitor 27in,Electronics,Central,5,265.86,0.0,1329.3,775.18,554.12
102877,2025-12-06,Sharp Pen Pack,Office Supplies,East,1,7.89,0.0,7.89,5.2,2.69
103603,2025-12-06,Vivid Monitor 27in,Electronics,South,2,270.76,0.0,541.52,300.06,241.46
100119,2025-12-07,Aero Laptop 14,Electronics,West,1,985.15,0.1,886.64,710.76,175.88
100808,2025-12-07,Aero Laptop 16,Electronics,East,1,1267.66,0.0,1267.66,765.66,502.0
101873,2025-12-07,Aero Laptop 16,Electronics,East,3,1304.78,0.0,3914.35,2373.55,1540.8
102481,2025-12-07,Aero Laptop 14,Electronics,Central,2,970.65,0.1,1747.16,1311.02,436.14
102518,2025-12-07,Comfy Standing Desk,Furniture,West,3,437.59,0.0,1312.77,914.93,397.84
102813,2025-12-07,Aero Laptop 14,Electronics,Central,2,962.0,0.05,1827.81,1274.09,553.72
102832,2025-12-07,Buzz Wireless Earbuds,Electronics,Central,1,80.4,0.0,80.4,53.3,27.1
102884,2025-12-07,Aero Laptop 14,Electronics,West,2,900.56,0.0,1801.12,1303.53,497.59
103151,2025-12-07,Vivid Monitor 27in,Electronics,South,1,266.37,0.0,266.37,173.64,92.73
103280,2025-12-07,Sharp Pen Pack,Office Supplies,Central,2,7.93,0.05,15.07,9.58,5.49
100155,2025-12-08,Aero Laptop 14,Electronics,East,1,971.31,0.0,971.31,649.38,321.93
101404,2025-12-08,Comfy Standing Desk,Furniture,Central,1,394.1,0.0,394.1,275.04,119.06
101416,2025-12-08,Sharp Whiteboard,Office Supplies,North,2,69.36,0.0,138.71,98.69,40.02
101787,2025-12-08,Comfy Bookshelf,Furniture,South,2,153.46,0.0,306.91,229.3,77.61
101872,2025-12-08,Buzz Bluetooth Speaker,Electronics,Central,3,60.9,0.15,155.29,110.05,45.24
101912,2025-12-08,Comfy Standing Desk,Furniture,West,2,432.92,0.1,779.26,524.18,255.08
102505,2025-12-08,Comfy Bookshelf,Furniture,South,1,142.1,0.0,142.1,80.37,61.73
103149,2025-12-08,Sharp Notebook Set,Office Supplies,West,1,11.42,0.0,11.42,7.19,4.23
103323,2025-12-08,Sharp Whiteboard,Office Supplies,East,1,68.51,0.0,68.51,39.84,28.67
100085,2025-12-09,Buzz Bluetooth Speaker,Electronics,North,2,63.17,0.0,126.35,89.05,37.3
100322,2025-12-09,Comfy Office Chair,Furniture,Central,1,224.87,0.0,224.87,154.09,70.78
100793,2025-12-09,Buzz Bluetooth Speaker,Electronics,Central,1,56.45,0.0,56.45,32.37,24.08
100805,2025-12-09,Comfy Standing Desk,Furniture,West,2,429.88,0.0,859.76,539.61,320.15
101195,2025-12-09,Vivid Monitor 27in,Electronics,South,1,282.84,0.05,268.7,176.33,92.37
102708,2025-12-09,Sharp Notebook Set,Office Supplies,,2,12.04,0.0,24.08,14.13,9.95
100190,2025-12-10,Aero Laptop 14,Electronics,Central,1,1003.61,0.0,1003.61,627.64,375.97
100512,2025-12-10,Aero Laptop 16,Electronics,East,2,1202.31,0.05,2284.4,1543.93,740.47
102736,2025-12-10,Aero Laptop 14,Electronics,Central,1,874.57,0.15,743.39,645.14,98.25
102901,2025-12-10,Aero Laptop 14,Electronics,South,1,899.79,0.0,899.79,569.39,330.4
100814,2025-12-11,Aero Laptop 14,Electronics,South,1,936.74,0.0,936.74,624.59,312.15
101274,2025-12-11,Aero Laptop 14,Electronics,West,3,878.53,0.1,2372.02,1727.23,644.79
101291,2025-12-11,Comfy Bookshelf,Furniture,North,3,139.89,0.0,419.67,251.71,167.96
102430,2025-12-11,Comfy Office Chair,Furniture,Central,1,224.73,0.0,224.73,132.14,92.59
102491,2025-12-11,Aero Laptop 16,Electronics,North,4,1360.7,0.0,5442.82,3018.95,2423.87
102521,2025-12-11,Aero Laptop 16,Electronics,North,2,1318.23,0.05,2504.63,1475.82,1028.81
102922,2025-12-11,Buzz Wireless Earbuds,Electronics,North,3,78.04,0.05,222.4,153.79,68.61
103375,2025-12-11,Aero Laptop 14,Electronics,South,1,1023.49,0.0,1023.49,624.24,399.25
100406,2025-12-12,Sharp Notebook Set,Office Supplies,North,4,12.59,0.15,42.82,27.93,14.89
100677,2025-12-12,Buzz Wireless Earbuds,Electronics,East,4,76.47,0.0,305.9,184.46,121.44
101924,2025-12-12,Comfy Office Chair,Furniture,West,1,215.83,0.0,215.83,123.05,92.78
102100,2025-12-12,Vivid Monitor 27in,Electronics,North,1,286.73,0.0,286.73,162.17,124.56
103423,2025-12-12,Sharp Pen Pack,Office Supplies,West,2,7.57,0.0,15.13,10.06,5.07
100634,2025-12-13,Comfy Standing Desk,Furniture,East,1,396.3,0.05,376.49,223.95,152.54
101753,2025-12-13,Sharp Notebook Set,Office Supplies,Central,2,11.75,0.0,23.49,16.75,6.74
102443,2025-12-13,Sharp Notebook Set,Office Supplies,North,3,12.24,0.15,31.21,20.93,10.28
102502,2025-12-13,Vivid Monitor 27in,Electronics,East,4,284.51,0.0,1138.04,721.28,416.76
103001,2025-12-13,Buzz Wireless Earbuds,Electronics,South,4,77.15,0.0,308.61,219.01,89.6
103097,2025-12-13,Sharp Whiteboard,Office Supplies,West,2,66.6,0.0,133.2,93.86,39.34
101691,2025-12-14,Aero Laptop 16,Electronics,North,5,1279.7,0.0,6398.52,4436.38,1962.14
102892,2025-12-14,Buzz Bluetooth Speaker,Electronics,West,1,58.5,0.0,58.5,39.13,19.37
103070,2025-12-14,Buzz Wireless Earbuds,Electronics,South,1,85.44,0.0,85.44,49.91,35.53
100583,2025-12-15,Comfy Standing Desk,Furniture,South,2,381.96,0.0,763.91,481.65,282.26
102444,2025-12-15,Sharp Whiteboard,Office Supplies,North,1,67.03,0.1,60.32,41.99,18.33
102716,2025-12-15,Comfy Office Chair,Furniture,South,1,208.65,0.0,208.65,143.27,65.38
102744,2025-12-15,Buzz Wireless Earbuds,Electronics,West,2,78.33,0.1,140.99,109.29,31.7
102774,2025-12-15,Comfy Office Chair,Furniture,West,1,211.47,0.0,211.47,156.33,55.14
100625,2025-12-16,Comfy Standing Desk,Furniture,North,3,420.87,0.0,1262.62,855.9,406.72
101317,2025-12-16,Buzz Wireless Earbuds,Electronics,South,4,80.94,0.0,323.77,239.74,84.03
100356,2025-12-17,Vivid Monitor 27in,Electronics,South,2,293.15,0.0,586.3,414.17,172.13
100515,2025-12-17,Buzz Wireless Earbuds,Electronics,North,4,82.77,0.0,331.09,199.83,131.26
100655,2025-12-17,Sharp Whiteboard,Office Supplies,Central,1,60.55,0.0,60.55,43.99,16.56
101303,2025-12-17,Comfy Standing Desk,Furniture,East,3,390.39,0.1,1054.05,705.97,348.08
102215,2025-12-17,Vivid Webcam HD,Electronics,West,1,44.6,0.15,37.91,30.51,7.4
102300,2025-12-17,Aero Laptop 14,Electronics,Central,2,969.74,0.0,1939.47,1310.53,628.94
100271,2025-12-18,Aero Laptop 14,Electronics,Central,2,973.81,0.0,1947.62,1145.82,801.8
100389,2025-12-18,Comfy Standing Desk,Furniture,West,2,385.48,0.05,732.42,566.55,165.87
100590,2025-12-18,Aero Laptop 14,Electronics,East,2,944.23,0.1,1699.61,1057.86,641.75
101001,2025-12-18,Aero Laptop 16,Electronics,North,2,1210.51,0.0,2421.02,1555.16,865.86
103036,2025-12-18,Buzz Wireless Earbuds,Electronics,South,2,83.36,0.0,166.71,95.21,71.5
103362,2025-12-18,Vivid Monitor 27in,Electronics,West,2,282.06,0.15,479.5,374.03,105.47
102776,2025-12-19,Comfy Standing Desk,Furniture,East,1,438.91,0.0,438.91,250.06,188.85
102859,2025-12-19,Comfy Office Chair,Furniture,South,3,236.83,0.0,710.5,439.32,271.18
103190,2025-12-19,Buzz Bluetooth Speaker,Electronics,South,3,59.25,0.1,159.97,128.77,31.2
100338,2025-12-20,Comfy Standing Desk,Furniture,East,2,428.74,0.0,857.48,632.63,224.85
101369,2025-12-20,Buzz Wireless Earbuds,Electronics,South,3,75.22,0.05,214.37,162.51,51.86
101083,2025-12-21,Vivid Webcam HD,Electronics,South,1,47.04,0.0,47.04,27.98,19.06
101423,2025-12-21,Buzz Wireless Earbuds,Electronics,Central,2,84.66,0.0,169.32,103.93,65.39
101817,2025-12-21,Sharp Notebook Set,Office Supplies,Central,2,11.71,0.0,23.42,17.34,6.08
102055,2025-12-21,Vivid Monitor 27in,Electronics,North,1,265.64,0.15,225.8,157.44,68.36
102449,2025-12-21,Comfy Bookshelf,Furniture,East,3,157.59,0.0,472.77,271.29,201.48
102587,2025-12-21,Sharp Pen Pack,Office Supplies,West,1,8.49,0.05,8.07,5.0,3.07
103107,2025-12-21,Buzz Wireless Earbuds,Electronics,Central,1,75.39,0.0,75.39,45.02,30.37
100100,2025-12-22,Aero Laptop 14,Electronics,Central,2,1006.26,0.0,2012.51,1458.95,553.56
100218,2025-12-22,Aero Laptop 14,Electronics,East,2,945.39,0.0,1890.77,1218.78,671.99
100401,2025-12-22,Aero Laptop 14,Electronics,South,3,925.39,0.0,2776.17,1744.4,1031.77
100559,2025-12-22,Vivid Webcam HD,Electronics,South,1,48.51,0.0,48.51,33.79,14.72
101262,2025-12-22,Sharp Whiteboard,Office Supplies,South,1,67.69,0.0,67.69,48.3,19.39
102093,2025-12-22,Aero Laptop 14,Electronics,East,3,950.34,0.0,2851.02,2081.3,769.72
103164,2025-12-22,Vivid Webcam HD,Electronics,West,2,46.4,0.1,83.52,51.84,31.68
100079,2025-12-23,Aero Laptop 14,Electronics,West,2,991.88,0.0,1983.76,1299.12,684.64
100724,2025-12-23,Sharp Pen Pack,Office Supplies,East,1,7.93,0.0,7.93,5.88,2.05
101102,2025-12-23,Aero Laptop 14,Electronics,North,2,874.85,0.0,1749.7,1047.74,701.96
101219,2025-12-23,Buzz Bluetooth Speaker,Electronics,West,2,58.61,0.1,105.5,67.24,38.26
102238,2025-12-23,Aero Laptop 14,Electronics,East,2,894.52,0.0,1789.04,1016.52,772.52
100392,2025-12-24,Vivid Webcam HD,Electronics,East,2,45.23,0.1,81.41,67.76,13.65
100772,2025-12-24,Sharp Whiteboard,Office Supplies,,1,67.43,0.1,60.68,39.68,21.0
101698,2025-12-24,Buzz Wireless Earbuds,Electronics,East,1,84.43,0.0,84.43,52.86,31.57
101754,2025-12-24,Aero Laptop 16,Electronics,East,1,1308.34,0.0,1308.34,980.66,327.68
101421,2025-12-25,Sharp Notebook Set,Office Supplies,North,2,11.09,0.0,22.18,12.46,9.72
100027,2025-12-27,Comfy Standing Desk,Furniture,East,2,433.64,0.0,867.29,483.74,383.55
100096,2025-12-27,Comfy Office Chair,Furniture,South,2,210.19,0.15,357.32,310.58,46.74
100098,2025-12-27,Aero Laptop 16,Electronics,East,1,1290.67,0.0,1290.67,876.25,414.42
100792,2025-12-27,Vivid Monitor 27in,Electronics,East,1,292.34,0.0,292.34,205.26,87.08
101400,2025-12-27,Sharp Notebook Set,Office Supplies,West,1,12.74,0.0,12.74,9.1,3.64
101532,2025-12-27,Sharp Whiteboard,Office Supplies,Central,2,62.33,0.0,124.67,81.09,43.58
101881,2025-12-27,Sharp Notebook Set,Office Supplies,North,1,12.86,0.0,12.86,9.53,3.33
102225,2025-12-27,Comfy Bookshelf,Furniture,East,6,157.72,0.0,946.3,573.02,373.28
103597,2025-12-27,Sharp Notebook Set,Office Supplies,Central,2,12.04,0.0,24.08,16.52,7.56
103617,2025-12-27,Comfy Bookshelf,Furniture,Central,2,143.03,0.0,286.05,186.87,99.18
100269,2025-12-28,Sharp Whiteboard,Office Supplies,Central,2,64.26,0.0,128.52,83.04,45.48
100563,2025-12-28,Aero Laptop 14,Electronics,South,3,913.18,0.0,2739.55,1514.63,1224.92
101247,2025-12-28,Sharp Pen Pack,Office Supplies,North,4,8.51,0.0,34.06,21.13,12.93
101999,2025-12-28,Sharp Whiteboard,Office Supplies,East,1,62.47,0.15,53.1,38.24,14.86
102134,2025-12-28,Sharp Notebook Set,Office Supplies,Central,1,12.0,0.05,11.4,7.35,4.05
102919,2025-12-28,Vivid Monitor 27in,Electronics,South,2,258.52,0.0,517.05,363.39,153.66
100252,2025-12-29,Sharp Notebook Set,Office Supplies,East,1,12.72,0.0,12.72,7.7,5.02
101264,2025-12-29,Aero Laptop 16,Electronics,Central,1,1248.11,0.0,1248.11,804.1,444.01
101965,2025-12-29,Comfy Standing Desk,Furniture,Central,1,378.87,0.15,322.04,281.09,40.95
103361,2025-12-29,Comfy Standing Desk,Furniture,West,1,393.7,0.0,393.7,240.38,153.32
103554,2025-12-29,Sharp Whiteboard,Office Supplies,Central,2,63.62,0.15,108.15,86.14,22.01
101251,2025-12-30,Sharp Whiteboard,Office Supplies,Central,1,64.93,0.0,64.93,39.95,24.98
101500,2025-12-30,Aero Laptop 16,Electronics,East,2,1309.33,0.0,2618.67,1639.9,978.77
101520,2025-12-30,Sharp Notebook Set,Office Supplies,West,1,11.46,0.05,10.88,7.64,3.24
101525,2025-12-30,Buzz Wireless Earbuds,Electronics,West,5,77.33,0.0,386.65,267.28,119.37
101998,2025-12-30,Vivid Monitor 27in,Electronics,Central,1,258.06,0.0,258.06,182.66,75.4
102171,2025-12-30,Buzz Wireless Earbuds,Electronics,East,2,83.08,0.05,157.86,119.01,38.85
102207,2025-12-30,Vivid Webcam HD,Electronics,West,2,43.06,0.0,86.13,53.8,32.33
102340,2025-12-30,Comfy Standing Desk,Furniture,West,1,385.03,0.0,385.03,252.82,132.21
102423,2025-12-30,Buzz Wireless Earbuds,Electronics,Central,3,80.18,0.05,228.52,161.17,67.35
102522,2025-12-30,Comfy Standing Desk,Furniture,West,1,397.01,0.0,397.01,252.16,144.85
103267,2025-12-30,Vivid Monitor 27in,Electronics,East,1,279.66,0.0,279.66,175.69,103.97
103511,2025-12-30,Aero Laptop 16,Electronics,West,1,1376.98,0.0,1376.98,1029.87,347.11
